Dia,Hora,HBV,15 min,01 h,04 h,24 h,96 h

01/06/2002,00:01:40,nan,0.0,0.0,0.0,0.0,0.0

01/06/2002,00:16:40,nan,0.0,0.0,0.0,0.0,0.0

01/06/2002,00:31:40,nan,0.0,0.0,0.0,0.0,0.0

01/06/2002,00:46:40,nan,0.0,0.0,0.0,0.0,0.0

01/06/2002,01:01:40,nan,0.0,0.0,0.0,0.0,0.0

01/06/2002,01:16:40,nan,0.0,0.0,0.0,0.0,0.0

01/06/2002,01:31:40,nan,0.0,0.0,0.0,0.0,0.0

01/06/2002,01:46:40,nan,0.0,0.0,0.0,0.0,0.0

01/06/2002,02:01:40,nan,0.0,0.0,0.0,0.0,0.0

01/06/2002,02:16:40,nan,0.0,0.0,0.0,0.0,0.0

01/06/2002,02:31:40,nan,0.0,0.0,0.0,0.0,0.0

01/06/2002,02:46:40,nan,0.0,0.0,0.0,0.0,0.0

01/06/2002,03:01:40,nan,0.0,0.0,0.0,0.0,0.0

01/06/2002,03:16:40,nan,0.0,0.0,0.0,0.0,0.0

01/06/2002,03:31:40,nan,0.0,0.0,0.0,0.0,0.0

01/06/2002,03:46:40,nan,0.0,0.0,0.0,0.0,0.0

01/06/2002,04:01:40,nan,0.0,0.0,0.0,0.0,0.0

01/06/2002,04:16:40,nan,0.0,0.0,0.0,0.0,0.0

01/06/2002,04:31:40,nan,0.0,0.0,0.0,0.0,0.0

01/06/2002,04:46:40,nan,0.0,0.0,0.0,0.0,0.0

01/06/2002,05:01:40,nan,0.0,0.0,0.0,0.0,0.0

01/06/2002,05:16:40,nan,0.0,0.0,0.0,0.0,0.0

01/06/2002,05:31:40,nan,0.0,0.0,0.0,0.0,0.0

01/06/2002,05:46:40,nan,0.0,0.0,0.0,0.0,0.0

01/06/2002,06:01:40,nan,0.0,0.0,0.0,0.0,0.0

01/06/2002,06:16:40,nan,0.0,0.0,0.0,0.0,0.0

01/06/2002,06:31:40,nan,0.0,0.0,0.0,0.0,0.0

01/06/2002,06:46:40,nan,0.0,0.0,0.0,0.0,0.0

01/06/2002,07:01:40,nan,0.0,0.0,0.0,0.0,0.0

01/06/2002,07:16:40,nan,0.0,0.0,0.0,0.0,0.0

01/06/2002,07:31:40,nan,0.0,0.0,0.0,0.0,0.0

01/06/2002,07:46:40,nan,0.0,0.0,0.0,0.0,0.0

01/06/2002,08:01:40,nan,0.0,0.0,0.0,0.0,0.0

01/06/2002,08:16:40,nan,0.0,0.0,0.0,0.0,0.0

01/06/2002,08:31:40,nan,0.0,0.0,0.0,0.0,0.0

01/06/2002,08:46:40,nan,0.0,0.0,0.0,0.0,0.0

01/06/2002,09:01:40,nan,0.0,0.0,0.0,0.0,0.0

01/06/2002,09:16:40,nan,0.0,0.0,0.0,0.0,0.0

01/06/2002,09:31:40,nan,0.0,0.0,0.0,0.0,0.0

01/06/2002,09:46:40,nan,0.0,0.0,0.0,0.0,0.0

01/06/2002,10:01:40,nan,0.0,0.0,0.0,0.0,0.0

01/06/2002,10:16:40,nan,0.0,0.0,0.0,0.0,0.0

01/06/2002,10:31:40,nan,0.0,0.0,0.0,0.0,0.0

01/06/2002,10:46:40,nan,0.0,0.0,0.0,0.0,0.0

01/06/2002,11:01:40,nan,0.0,0.0,0.0,0.0,0.0

01/06/2002,11:16:40,nan,0.0,0.0,0.0,0.0,0.0

01/06/2002,11:31:40,nan,0.0,0.0,0.0,0.0,0.0

01/06/2002,11:46:40,nan,0.0,0.0,0.0,0.0,0.0

01/06/2002,12:01:40,nan,0.0,0.0,0.0,0.0,0.0

01/06/2002,12:16:40,nan,0.0,0.0,0.0,0.0,0.0

01/06/2002,12:31:40,nan,0.0,0.0,0.0,0.0,0.0

01/06/2002,12:46:40,nan,0.0,0.0,0.0,0.0,0.0

01/06/2002,13:01:40,nan,0.0,0.0,0.0,0.0,0.0

01/06/2002,13:16:40,nan,0.0,0.0,0.0,0.0,0.0

01/06/2002,13:31:40,nan,0.0,0.0,0.0,0.0,0.0

01/06/2002,13:46:40,nan,0.0,0.0,0.0,0.0,0.0

01/06/2002,14:01:40,nan,0.0,0.0,0.0,0.0,0.0

01/06/2002,14:16:40,nan,0.0,0.0,0.0,0.0,0.0

01/06/2002,14:31:40,nan,0.0,0.0,0.0,0.0,0.0

01/06/2002,14:46:40,nan,0.0,0.0,0.0,0.0,0.0

01/06/2002,15:01:40,nan,0.0,0.0,0.0,0.0,0.0

01/06/2002,15:16:40,nan,0.0,0.0,0.0,0.0,0.0

01/06/2002,15:31:40,nan,0.0,0.0,0.0,0.0,0.0

01/06/2002,15:46:40,nan,0.0,0.0,0.0,0.0,0.0

01/06/2002,16:01:40,nan,0.0,0.0,0.0,0.0,0.0

01/06/2002,16:16:40,nan,0.0,0.0,0.0,0.0,0.0

01/06/2002,16:31:40,nan,0.0,0.0,0.0,0.0,0.0

01/06/2002,16:46:40,nan,0.0,0.0,0.0,0.0,0.0

01/06/2002,17:01:40,nan,0.0,0.0,0.0,0.0,0.0

01/06/2002,17:16:40,nan,0.0,0.0,0.0,0.0,0.0

01/06/2002,17:31:40,nan,0.0,0.0,0.0,0.0,0.0

01/06/2002,17:46:40,nan,0.0,0.0,0.0,0.0,0.0

01/06/2002,18:01:40,nan,0.0,0.0,0.0,0.0,0.0

01/06/2002,18:16:40,nan,0.0,0.0,0.0,0.0,0.0

01/06/2002,18:31:40,nan,0.0,0.0,0.0,0.0,0.0

01/06/2002,18:46:40,nan,0.0,0.0,0.0,0.0,0.0

01/06/2002,19:01:40,nan,0.0,0.0,0.0,0.0,0.0

01/06/2002,19:16:40,nan,0.0,0.0,0.0,0.0,0.0

01/06/2002,19:31:40,nan,0.0,0.0,0.0,0.0,0.0

01/06/2002,19:46:40,nan,0.0,0.0,0.0,0.0,0.0

01/06/2002,20:01:40,nan,0.0,0.0,0.0,0.0,0.0

01/06/2002,20:16:40,nan,0.0,0.0,0.0,0.0,0.0

01/06/2002,20:31:40,nan,0.0,0.0,0.0,0.0,0.0

01/06/2002,20:46:40,nan,0.0,0.0,0.0,0.0,0.0

01/06/2002,21:01:40,nan,0.0,0.0,0.0,0.0,0.0

01/06/2002,21:16:40,nan,0.0,0.0,0.0,0.0,0.0

01/06/2002,21:31:40,nan,0.0,0.0,0.0,0.0,0.0

01/06/2002,21:46:40,nan,0.0,0.0,0.0,0.0,0.0

01/06/2002,22:01:40,nan,0.0,0.0,0.0,0.0,0.0

01/06/2002,22:16:40,nan,0.0,0.0,0.0,0.0,0.0

01/06/2002,22:31:40,nan,0.0,0.0,0.0,0.0,0.0

01/06/2002,22:46:40,nan,0.0,0.0,0.0,0.0,0.0

01/06/2002,23:01:40,nan,0.0,0.0,0.0,0.0,0.0

01/06/2002,23:16:40,nan,0.0,0.0,0.0,0.0,0.0

01/06/2002,23:31:40,nan,0.0,0.0,0.0,0.0,0.0

01/06/2002,23:46:40,nan,0.0,0.0,0.0,0.0,0.0

02/06/2002,00:01:40,nan,0.0,0.0,0.0,0.0,0.0

02/06/2002,00:16:40,nan,0.0,0.0,0.0,0.0,0.0

02/06/2002,00:31:40,nan,0.0,0.0,0.0,0.0,0.0

02/06/2002,00:46:40,nan,0.0,0.0,0.0,0.0,0.0

02/06/2002,01:01:40,nan,0.0,0.0,0.0,0.0,0.0

02/06/2002,01:16:40,nan,0.0,0.0,0.0,0.0,0.0

02/06/2002,01:31:40,nan,0.0,0.0,0.0,0.0,0.0

02/06/2002,01:46:40,nan,0.0,0.0,0.0,0.0,0.0

02/06/2002,02:01:40,nan,0.0,0.0,0.0,0.0,0.0

02/06/2002,02:16:40,nan,0.0,0.0,0.0,0.0,0.0

02/06/2002,02:31:40,nan,0.0,0.0,0.0,0.0,0.0

02/06/2002,02:46:40,nan,0.0,0.0,0.0,0.0,0.0

02/06/2002,03:01:40,nan,0.0,0.0,0.0,0.0,0.0

02/06/2002,03:16:40,nan,0.0,0.0,0.0,0.0,0.0

02/06/2002,03:31:40,nan,0.0,0.0,0.0,0.0,0.0

02/06/2002,03:46:40,nan,0.0,0.0,0.0,0.0,0.0

02/06/2002,04:01:40,nan,0.0,0.0,0.0,0.0,0.0

02/06/2002,04:16:40,nan,0.0,0.0,0.0,0.0,0.0

02/06/2002,04:31:40,nan,0.0,0.0,0.0,0.0,0.0

02/06/2002,04:46:40,nan,0.0,0.0,0.0,0.0,0.0

02/06/2002,05:01:40,nan,0.0,0.0,0.0,0.0,0.0

02/06/2002,05:16:40,nan,0.0,0.0,0.0,0.0,0.0

02/06/2002,05:31:40,nan,0.0,0.0,0.0,0.0,0.0

02/06/2002,05:46:40,nan,0.0,0.0,0.0,0.0,0.0

02/06/2002,06:01:40,nan,0.0,0.0,0.0,0.0,0.0

02/06/2002,06:16:40,nan,0.0,0.0,0.0,0.0,0.0

02/06/2002,06:31:40,nan,0.0,0.0,0.0,0.0,0.0

02/06/2002,06:46:40,nan,0.0,0.0,0.0,0.0,0.0

02/06/2002,07:01:40,nan,0.0,0.0,0.0,0.0,0.0

02/06/2002,07:16:40,nan,0.0,0.0,0.0,0.0,0.0

02/06/2002,07:31:40,nan,0.0,0.0,0.0,0.0,0.0

02/06/2002,07:46:40,nan,0.0,0.0,0.0,0.0,0.0

02/06/2002,08:01:40,nan,0.0,0.0,0.0,0.0,0.0

02/06/2002,08:16:40,nan,0.0,0.0,0.0,0.0,0.0

02/06/2002,08:31:40,nan,0.0,0.0,0.0,0.0,0.0

02/06/2002,08:46:40,nan,0.0,0.0,0.0,0.0,0.0

02/06/2002,09:01:40,nan,0.0,0.0,0.0,0.0,0.0

02/06/2002,09:16:40,nan,0.0,0.0,0.0,0.0,0.0

02/06/2002,09:31:40,nan,0.0,0.0,0.0,0.0,0.0

02/06/2002,09:46:40,nan,0.0,0.0,0.0,0.0,0.0

02/06/2002,10:01:40,nan,0.0,0.0,0.0,0.0,0.0

02/06/2002,10:16:40,nan,0.0,0.0,0.0,0.0,0.0

02/06/2002,10:31:40,nan,0.0,0.0,0.0,0.0,0.0

02/06/2002,10:46:40,nan,0.0,0.0,0.0,0.0,0.0

02/06/2002,11:01:40,nan,0.0,0.0,0.0,0.0,0.0

02/06/2002,11:16:40,nan,0.0,0.0,0.0,0.0,0.0

02/06/2002,11:31:40,nan,0.0,0.0,0.0,0.0,0.0

02/06/2002,11:46:40,nan,0.0,0.0,0.0,0.0,0.0

02/06/2002,12:01:40,nan,0.0,0.0,0.0,0.0,0.0

02/06/2002,12:16:40,nan,0.0,0.0,0.0,0.0,0.0

02/06/2002,12:31:40,nan,0.0,0.0,0.0,0.0,0.0

02/06/2002,12:46:40,nan,0.0,0.0,0.0,0.0,0.0

02/06/2002,13:01:40,nan,0.0,0.0,0.0,0.0,0.0

02/06/2002,13:16:40,nan,0.0,0.0,0.0,0.0,0.0

02/06/2002,13:31:40,nan,0.0,0.0,0.0,0.0,0.0

02/06/2002,13:46:40,nan,0.0,0.0,0.0,0.0,0.0

02/06/2002,14:01:40,nan,0.0,0.0,0.0,0.0,0.0

02/06/2002,14:16:40,nan,0.0,0.0,0.0,0.0,0.0

02/06/2002,14:31:40,nan,0.0,0.0,0.0,0.0,0.0

02/06/2002,14:46:40,nan,0.0,0.0,0.0,0.0,0.0

02/06/2002,15:01:40,nan,0.0,0.0,0.0,0.0,0.0

02/06/2002,15:16:40,nan,0.0,0.0,0.0,0.0,0.0

02/06/2002,15:31:40,nan,0.0,0.0,0.0,0.0,0.0

02/06/2002,15:46:40,nan,0.0,0.0,0.0,0.0,0.0

02/06/2002,16:01:40,nan,0.0,0.0,0.0,0.0,0.0

02/06/2002,16:16:40,nan,0.0,0.0,0.0,0.0,0.0

02/06/2002,16:31:40,nan,0.0,0.0,0.0,0.0,0.0

02/06/2002,16:46:40,nan,0.0,0.0,0.0,0.0,0.0

02/06/2002,17:01:40,nan,0.0,0.0,0.0,0.0,0.0

02/06/2002,17:16:40,nan,0.0,0.0,0.0,0.0,0.0

02/06/2002,17:31:40,nan,0.0,0.0,0.0,0.0,0.0

02/06/2002,17:46:40,nan,0.0,0.0,0.0,0.0,0.0

02/06/2002,18:01:40,nan,0.0,0.0,0.0,0.0,0.0

02/06/2002,18:16:40,nan,0.0,0.0,0.0,0.0,0.0

02/06/2002,18:31:40,nan,0.0,0.0,0.0,0.0,0.0

02/06/2002,18:46:40,nan,0.0,0.0,0.0,0.0,0.0

02/06/2002,19:01:40,nan,0.0,0.0,0.0,0.0,0.0

02/06/2002,19:16:40,nan,0.0,0.0,0.0,0.0,0.0

02/06/2002,19:31:40,nan,0.0,0.0,0.0,0.0,0.0

02/06/2002,19:46:40,nan,0.0,0.0,0.0,0.0,0.0

02/06/2002,20:01:40,nan,0.0,0.0,0.0,0.0,0.0

02/06/2002,20:16:40,nan,0.0,0.0,0.0,0.0,0.0

02/06/2002,20:31:40,nan,0.0,0.0,0.0,0.0,0.0

02/06/2002,20:46:40,nan,0.0,0.0,0.0,0.0,0.0

02/06/2002,21:01:40,nan,0.0,0.0,0.0,0.0,0.0

02/06/2002,21:16:40,nan,0.0,0.0,0.0,0.0,0.0

02/06/2002,21:31:40,nan,0.0,0.0,0.0,0.0,0.0

02/06/2002,21:46:40,nan,0.0,0.0,0.0,0.0,0.0

02/06/2002,22:01:40,nan,0.0,0.0,0.0,0.0,0.0

02/06/2002,22:16:40,nan,0.0,0.0,0.0,0.0,0.0

02/06/2002,22:31:40,nan,0.0,0.0,0.0,0.0,0.0

02/06/2002,22:46:40,nan,0.0,0.0,0.0,0.0,0.0

02/06/2002,23:01:40,nan,0.0,0.0,0.0,0.0,0.0

02/06/2002,23:16:40,nan,0.0,0.0,0.0,0.0,0.0

02/06/2002,23:31:40,nan,0.0,0.0,0.0,0.0,0.0

02/06/2002,23:46:40,nan,0.0,0.0,0.0,0.0,0.0

03/06/2002,00:01:40,nan,0.0,0.0,0.0,0.0,0.0

03/06/2002,00:16:40,nan,0.0,0.0,0.0,0.0,0.0

03/06/2002,00:31:40,nan,0.0,0.0,0.0,0.0,0.0

03/06/2002,00:46:40,nan,0.0,0.0,0.0,0.0,0.0

03/06/2002,01:01:40,nan,0.0,0.0,0.0,0.0,0.0

03/06/2002,01:16:40,nan,0.0,0.0,0.0,0.0,0.0

03/06/2002,01:31:40,nan,0.0,0.0,0.0,0.0,0.0

03/06/2002,01:46:40,nan,0.0,0.0,0.0,0.0,0.0

03/06/2002,02:01:40,nan,0.0,0.0,0.0,0.0,0.0

03/06/2002,02:16:40,nan,0.0,0.0,0.0,0.0,0.0

03/06/2002,02:31:40,nan,0.0,0.0,0.0,0.0,0.0

03/06/2002,02:46:40,nan,0.0,0.0,0.0,0.0,0.0

03/06/2002,03:01:40,nan,0.0,0.0,0.0,0.0,0.0

03/06/2002,03:16:40,nan,0.0,0.0,0.0,0.0,0.0

03/06/2002,03:31:40,nan,0.0,0.0,0.0,0.0,0.0

03/06/2002,03:46:40,nan,0.0,0.0,0.0,0.0,0.0

03/06/2002,04:01:40,nan,0.0,0.0,0.0,0.0,0.0

03/06/2002,04:16:40,nan,0.0,0.0,0.0,0.0,0.0

03/06/2002,04:31:40,nan,0.0,0.0,0.0,0.0,0.0

03/06/2002,04:46:40,nan,0.0,0.0,0.0,0.0,0.0

03/06/2002,05:01:40,nan,0.0,0.0,0.0,0.0,0.0

03/06/2002,05:16:40,nan,0.0,0.0,0.0,0.0,0.0

03/06/2002,05:31:40,nan,0.0,0.0,0.0,0.0,0.0

03/06/2002,05:46:40,nan,0.0,0.0,0.0,0.0,0.0

03/06/2002,06:01:40,nan,0.0,0.0,0.0,0.0,0.0

03/06/2002,06:16:40,nan,0.0,0.0,0.0,0.0,0.0

03/06/2002,06:31:40,nan,0.0,0.0,0.0,0.0,0.0

03/06/2002,06:46:40,nan,0.0,0.0,0.0,0.0,0.0

03/06/2002,07:01:40,nan,0.0,0.0,0.0,0.0,0.0

03/06/2002,07:16:40,nan,0.0,0.0,0.0,0.0,0.0

03/06/2002,07:31:40,nan,0.0,0.0,0.0,0.0,0.0

03/06/2002,07:46:40,nan,0.0,0.0,0.0,0.0,0.0

03/06/2002,08:01:40,nan,0.0,0.0,0.0,0.0,0.0

03/06/2002,08:16:40,nan,0.0,0.0,0.0,0.0,0.0

03/06/2002,08:31:40,nan,0.0,0.0,0.0,0.0,0.0

03/06/2002,08:46:40,nan,0.0,0.0,0.0,0.0,0.0

03/06/2002,09:01:40,nan,0.0,0.0,0.0,0.0,0.0

03/06/2002,09:16:40,nan,0.0,0.0,0.0,0.0,0.0

03/06/2002,09:31:40,nan,0.0,0.0,0.0,0.0,0.0

03/06/2002,09:46:40,nan,0.0,0.0,0.0,0.0,0.0

03/06/2002,10:01:40,nan,0.0,0.0,0.0,0.0,0.0

03/06/2002,10:16:40,nan,0.0,0.0,0.0,0.0,0.0

03/06/2002,10:31:40,nan,0.0,0.0,0.0,0.0,0.0

03/06/2002,10:46:40,nan,0.0,0.0,0.0,0.0,0.0

03/06/2002,11:01:40,nan,0.0,0.0,0.0,0.0,0.0

03/06/2002,11:16:40,nan,0.0,0.0,0.0,0.0,0.0

03/06/2002,11:31:40,nan,0.0,0.0,0.0,0.0,0.0

03/06/2002,11:46:40,nan,0.0,0.0,0.0,0.0,0.0

03/06/2002,12:01:40,nan,0.0,0.0,0.0,0.0,0.0

03/06/2002,12:16:40,nan,0.0,0.0,0.0,0.0,0.0

03/06/2002,12:31:40,nan,0.0,0.0,0.0,0.0,0.0

03/06/2002,12:46:40,nan,0.0,0.0,0.0,0.0,0.0

03/06/2002,13:01:40,nan,0.0,0.0,0.0,0.0,0.0

03/06/2002,13:16:40,nan,0.0,0.0,0.0,0.0,0.0

03/06/2002,13:31:40,nan,0.0,0.0,0.0,0.0,0.0

03/06/2002,13:46:40,nan,0.0,0.0,0.0,0.0,0.0

03/06/2002,14:01:40,nan,0.0,0.0,0.0,0.0,0.0

03/06/2002,14:16:40,nan,0.0,0.0,0.0,0.0,0.0

03/06/2002,14:31:40,nan,0.0,0.0,0.0,0.0,0.0

03/06/2002,14:46:40,nan,0.0,0.0,0.0,0.0,0.0

03/06/2002,15:01:40,nan,0.0,0.0,0.0,0.0,0.0

03/06/2002,15:16:40,nan,0.0,0.0,0.0,0.0,0.0

03/06/2002,15:31:40,nan,0.0,0.0,0.0,0.0,0.0

03/06/2002,15:46:40,nan,0.0,0.0,0.0,0.0,0.0

03/06/2002,16:01:40,nan,0.0,0.0,0.0,0.0,0.0

03/06/2002,16:16:40,nan,0.0,0.0,0.0,0.0,0.0

03/06/2002,16:31:40,nan,0.0,0.0,0.0,0.0,0.0

03/06/2002,16:46:40,nan,0.0,0.0,0.0,0.0,0.0

03/06/2002,17:01:40,nan,0.0,0.0,0.0,0.0,0.0

03/06/2002,17:16:40,nan,0.0,0.0,0.0,0.0,0.0

03/06/2002,17:31:40,nan,0.0,0.0,0.0,0.0,0.0

03/06/2002,17:46:40,nan,0.0,0.0,0.0,0.0,0.0

03/06/2002,18:01:40,nan,0.0,0.0,0.0,0.0,0.0

03/06/2002,18:16:40,nan,0.0,0.0,0.0,0.0,0.0

03/06/2002,18:31:40,nan,0.0,0.0,0.0,0.0,0.0

03/06/2002,18:46:40,nan,0.0,0.0,0.0,0.0,0.0

03/06/2002,19:01:40,nan,0.0,0.0,0.0,0.0,0.0

03/06/2002,19:16:40,nan,0.0,0.0,0.0,0.0,0.0

03/06/2002,19:31:40,nan,0.0,0.0,0.0,0.0,0.0

03/06/2002,19:46:40,nan,0.0,0.0,0.0,0.0,0.0

03/06/2002,20:01:40,nan,0.0,0.0,0.0,0.0,0.0

03/06/2002,20:16:40,nan,0.0,0.0,0.0,0.0,0.0

03/06/2002,20:31:40,nan,0.0,0.0,0.0,0.0,0.0

03/06/2002,20:46:40,nan,0.0,0.0,0.0,0.0,0.0

03/06/2002,21:01:40,nan,0.0,0.0,0.0,0.0,0.0

03/06/2002,21:16:40,nan,0.0,0.0,0.0,0.0,0.0

03/06/2002,21:31:40,nan,0.0,0.0,0.0,0.0,0.0

03/06/2002,21:46:40,nan,0.0,0.0,0.0,0.0,0.0

03/06/2002,22:01:40,nan,0.0,0.0,0.0,0.0,0.0

03/06/2002,22:16:40,nan,0.0,0.0,0.0,0.0,0.0

03/06/2002,22:31:40,nan,0.0,0.0,0.0,0.0,0.0

03/06/2002,22:46:40,nan,0.0,0.0,0.0,0.0,0.0

03/06/2002,23:01:40,nan,0.0,0.0,0.0,0.0,0.0

03/06/2002,23:16:40,nan,0.0,0.0,0.0,0.0,0.0

03/06/2002,23:31:40,nan,0.0,0.0,0.0,0.0,0.0

03/06/2002,23:46:40,nan,0.0,0.0,0.0,0.0,0.0

04/06/2002,00:01:40,nan,0.0,0.0,0.0,0.0,0.0

04/06/2002,00:16:40,nan,0.0,0.0,0.0,0.0,0.0

04/06/2002,00:31:40,nan,0.0,0.0,0.0,0.0,0.0

04/06/2002,00:46:40,nan,0.0,0.0,0.0,0.0,0.0

04/06/2002,01:01:40,nan,0.0,0.0,0.0,0.0,0.0

04/06/2002,01:16:40,nan,0.0,0.0,0.0,0.0,0.0

04/06/2002,01:31:40,nan,0.0,0.0,0.0,0.0,0.0

04/06/2002,01:46:40,nan,0.0,0.0,0.0,0.0,0.0

04/06/2002,02:01:40,nan,0.0,0.0,0.0,0.0,0.0

04/06/2002,02:16:40,nan,0.0,0.0,0.0,0.0,0.0

04/06/2002,02:31:40,nan,0.0,0.0,0.0,0.0,0.0

04/06/2002,02:46:40,nan,0.0,0.0,0.0,0.0,0.0

04/06/2002,03:01:40,nan,0.0,0.0,0.0,0.0,0.0

04/06/2002,03:16:40,nan,0.0,0.0,0.0,0.0,0.0

04/06/2002,03:31:40,nan,0.0,0.0,0.0,0.0,0.0

04/06/2002,03:46:40,nan,0.0,0.0,0.0,0.0,0.0

04/06/2002,04:01:40,nan,0.0,0.0,0.0,0.0,0.0

04/06/2002,04:16:40,nan,0.0,0.0,0.0,0.0,0.0

04/06/2002,04:31:40,nan,0.0,0.0,0.0,0.0,0.0

04/06/2002,04:46:40,nan,0.0,0.0,0.0,0.0,0.0

04/06/2002,05:01:40,nan,0.0,0.0,0.0,0.0,0.0

04/06/2002,05:16:40,nan,0.0,0.0,0.0,0.0,0.0

04/06/2002,05:31:40,nan,0.0,0.0,0.0,0.0,0.0

04/06/2002,05:46:40,nan,0.0,0.0,0.0,0.0,0.0

04/06/2002,06:01:40,nan,0.0,0.0,0.0,0.0,0.0

04/06/2002,06:16:40,nan,0.0,0.0,0.0,0.0,0.0

04/06/2002,06:31:40,nan,0.0,0.0,0.0,0.0,0.0

04/06/2002,06:46:40,nan,0.0,0.0,0.0,0.0,0.0

04/06/2002,07:01:40,nan,0.0,0.0,0.0,0.0,0.0

04/06/2002,07:16:40,nan,0.0,0.0,0.0,0.0,0.0

04/06/2002,07:31:40,nan,0.0,0.0,0.0,0.0,0.0

04/06/2002,07:46:40,nan,0.0,0.0,0.0,0.0,0.0

04/06/2002,08:01:40,nan,0.0,0.0,0.0,0.0,0.0

04/06/2002,08:16:40,nan,0.0,0.0,0.0,0.0,0.0

04/06/2002,08:31:40,nan,0.0,0.0,0.0,0.0,0.0

04/06/2002,08:46:40,nan,0.0,0.0,0.0,0.0,0.0

04/06/2002,09:01:40,nan,0.0,0.0,0.0,0.0,0.0

04/06/2002,09:16:40,nan,0.0,0.0,0.0,0.0,0.0

04/06/2002,09:31:40,nan,0.0,0.0,0.0,0.0,0.0

04/06/2002,09:46:40,nan,0.0,0.0,0.0,0.0,0.0

04/06/2002,10:01:40,nan,0.0,0.0,0.0,0.0,0.0

04/06/2002,10:16:40,nan,0.0,0.0,0.0,0.0,0.0

04/06/2002,10:31:40,nan,0.0,0.0,0.0,0.0,0.0

04/06/2002,10:46:40,nan,0.0,0.0,0.0,0.0,0.0

04/06/2002,11:01:40,nan,0.0,0.0,0.0,0.0,0.0

04/06/2002,11:16:40,nan,0.0,0.0,0.0,0.0,0.0

04/06/2002,11:31:40,nan,0.0,0.0,0.0,0.0,0.0

04/06/2002,11:46:40,nan,0.0,0.0,0.0,0.0,0.0

04/06/2002,12:01:40,nan,0.0,0.0,0.0,0.0,0.0

04/06/2002,12:16:40,nan,0.0,0.0,0.0,0.0,0.0

04/06/2002,12:31:40,nan,0.0,0.0,0.0,0.0,0.0

04/06/2002,12:46:40,nan,0.0,0.0,0.0,0.0,0.0

04/06/2002,13:01:40,nan,0.0,0.0,0.0,0.0,0.0

04/06/2002,13:16:40,nan,0.0,0.0,0.0,0.0,0.0

04/06/2002,13:31:40,nan,0.0,0.0,0.0,0.0,0.0

04/06/2002,13:46:40,nan,0.0,0.0,0.0,0.0,0.0

04/06/2002,14:01:40,nan,0.0,0.0,0.0,0.0,0.0

04/06/2002,14:16:40,nan,0.0,0.0,0.0,0.0,0.0

04/06/2002,14:31:40,nan,0.0,0.0,0.0,0.0,0.0

04/06/2002,14:46:40,nan,0.0,0.0,0.0,0.0,0.0

04/06/2002,15:01:40,nan,0.0,0.0,0.0,0.0,0.0

04/06/2002,15:16:40,nan,0.0,0.0,0.0,0.0,0.0

04/06/2002,15:31:40,nan,0.0,0.0,0.0,0.0,0.0

04/06/2002,15:46:40,nan,0.0,0.0,0.0,0.0,0.0

04/06/2002,16:01:40,nan,0.0,0.0,0.0,0.0,0.0

04/06/2002,16:16:40,nan,0.0,0.0,0.0,0.0,0.0

04/06/2002,16:31:40,nan,0.0,0.0,0.0,0.0,0.0

04/06/2002,16:46:40,nan,0.0,0.0,0.0,0.0,0.0

04/06/2002,17:01:40,nan,0.0,0.0,0.0,0.0,0.0

04/06/2002,17:16:40,nan,0.0,0.0,0.0,0.0,0.0

04/06/2002,17:31:40,nan,0.0,0.0,0.0,0.0,0.0

04/06/2002,17:46:40,nan,0.0,0.0,0.0,0.0,0.0

04/06/2002,18:01:40,nan,0.0,0.0,0.0,0.0,0.0

04/06/2002,18:16:40,nan,0.0,0.0,0.0,0.0,0.0

04/06/2002,18:31:40,nan,0.0,0.0,0.0,0.0,0.0

04/06/2002,18:46:40,nan,0.0,0.0,0.0,0.0,0.0

04/06/2002,19:01:40,nan,0.0,0.0,0.0,0.0,0.0

04/06/2002,19:16:40,nan,0.0,0.0,0.0,0.0,0.0

04/06/2002,19:31:40,nan,0.0,0.0,0.0,0.0,0.0

04/06/2002,19:46:40,nan,0.0,0.0,0.0,0.0,0.0

04/06/2002,20:01:40,nan,0.0,0.0,0.0,0.0,0.0

04/06/2002,20:16:40,nan,0.0,0.0,0.0,0.0,0.0

04/06/2002,20:31:40,nan,0.0,0.0,0.0,0.0,0.0

04/06/2002,20:46:40,nan,0.0,0.0,0.0,0.0,0.0

04/06/2002,21:01:40,nan,0.0,0.0,0.0,0.0,0.0

04/06/2002,21:16:40,nan,0.0,0.0,0.0,0.0,0.0

04/06/2002,21:31:40,nan,0.0,0.0,0.0,0.0,0.0

04/06/2002,21:46:40,nan,0.0,0.0,0.0,0.0,0.0

04/06/2002,22:01:40,nan,0.0,0.0,0.0,0.0,0.0

04/06/2002,22:16:40,nan,0.0,0.0,0.0,0.0,0.0

04/06/2002,22:31:40,nan,0.0,0.0,0.0,0.0,0.0

04/06/2002,22:46:40,nan,0.0,0.0,0.0,0.0,0.0

04/06/2002,23:01:40,nan,0.0,0.0,0.0,0.0,0.0

04/06/2002,23:16:40,nan,0.0,0.0,0.0,0.0,0.0

04/06/2002,23:31:40,nan,0.0,0.0,0.0,0.0,0.0

04/06/2002,23:46:40,nan,0.0,0.0,0.0,0.0,0.0

05/06/2002,00:01:40,nan,0.0,0.0,0.0,0.0,0.0

05/06/2002,00:16:40,nan,0.0,0.0,0.0,0.0,0.0

05/06/2002,00:31:40,nan,0.0,0.0,0.0,0.0,0.0

05/06/2002,00:46:40,nan,0.0,0.0,0.0,0.0,0.0

05/06/2002,01:01:40,nan,0.0,0.0,0.0,0.0,0.0

05/06/2002,01:16:40,nan,0.0,0.0,0.0,0.0,0.0

05/06/2002,01:31:40,nan,0.0,0.0,0.0,0.0,0.0

05/06/2002,01:46:40,nan,0.0,0.0,0.0,0.0,0.0

05/06/2002,02:01:40,nan,0.0,0.0,0.0,0.0,0.0

05/06/2002,02:16:40,nan,0.0,0.0,0.0,0.0,0.0

05/06/2002,02:31:40,nan,0.0,0.0,0.0,0.0,0.0

05/06/2002,02:46:40,nan,0.0,0.0,0.0,0.0,0.0

05/06/2002,03:01:40,nan,0.0,0.0,0.0,0.0,0.0

05/06/2002,03:16:40,nan,0.0,0.0,0.0,0.0,0.0

05/06/2002,03:31:40,nan,0.0,0.0,0.0,0.0,0.0

05/06/2002,03:46:40,nan,0.0,0.0,0.0,0.0,0.0

05/06/2002,04:01:40,nan,0.0,0.0,0.0,0.0,0.0

05/06/2002,04:16:40,nan,0.0,0.0,0.0,0.0,0.0

05/06/2002,04:31:40,nan,0.0,0.0,0.0,0.0,0.0

05/06/2002,04:46:40,nan,0.0,0.0,0.0,0.0,0.0

05/06/2002,05:01:40,nan,0.0,0.0,0.0,0.0,0.0

05/06/2002,05:16:40,nan,0.0,0.0,0.0,0.0,0.0

05/06/2002,05:31:40,nan,0.0,0.0,0.0,0.0,0.0

05/06/2002,05:46:40,nan,0.0,0.0,0.0,0.0,0.0

05/06/2002,06:01:40,nan,0.0,0.0,0.0,0.0,0.0

05/06/2002,06:16:40,nan,0.0,0.0,0.0,0.0,0.0

05/06/2002,06:31:40,nan,0.0,0.0,0.0,0.0,0.0

05/06/2002,06:46:40,nan,0.0,0.0,0.0,0.0,0.0

05/06/2002,07:01:40,nan,0.0,0.0,0.0,0.0,0.0

05/06/2002,07:16:40,nan,0.0,0.0,0.0,0.0,0.0

05/06/2002,07:31:40,nan,0.0,0.0,0.0,0.0,0.0

05/06/2002,07:46:40,nan,0.0,0.0,0.0,0.0,0.0

05/06/2002,08:01:40,nan,0.0,0.0,0.0,0.0,0.0

05/06/2002,08:16:40,nan,0.0,0.0,0.0,0.0,0.0

05/06/2002,08:31:40,nan,0.0,0.0,0.0,0.0,0.0

05/06/2002,08:46:40,nan,0.0,0.0,0.0,0.0,0.0

05/06/2002,09:01:40,nan,0.0,0.0,0.0,0.0,0.0

05/06/2002,09:16:40,nan,0.0,0.0,0.0,0.0,0.0

05/06/2002,09:31:40,nan,0.0,0.0,0.0,0.0,0.0

05/06/2002,09:46:40,nan,0.0,0.0,0.0,0.0,0.0

05/06/2002,10:01:40,nan,0.0,0.0,0.0,0.0,0.0

05/06/2002,10:16:40,nan,0.0,0.0,0.0,0.0,0.0

05/06/2002,10:31:40,nan,0.0,0.0,0.0,0.0,0.0

05/06/2002,10:46:40,nan,0.0,0.0,0.0,0.0,0.0

05/06/2002,11:01:40,nan,0.0,0.0,0.0,0.0,0.0

05/06/2002,11:16:40,nan,0.0,0.0,0.0,0.0,0.0

05/06/2002,11:31:40,nan,0.0,0.0,0.0,0.0,0.0

05/06/2002,11:46:40,nan,0.0,0.0,0.0,0.0,0.0

05/06/2002,12:01:40,nan,0.0,0.0,0.0,0.0,0.0

05/06/2002,12:16:40,nan,0.0,0.0,0.0,0.0,0.0

05/06/2002,12:31:40,nan,0.0,0.0,0.0,0.0,0.0

05/06/2002,12:46:40,nan,0.0,0.0,0.0,0.0,0.0

05/06/2002,13:01:40,nan,0.0,0.0,0.0,0.0,0.0

05/06/2002,13:16:40,nan,0.0,0.0,0.0,0.0,0.0

05/06/2002,13:31:40,nan,0.0,0.0,0.0,0.0,0.0

05/06/2002,13:46:40,nan,0.0,0.0,0.0,0.0,0.0

05/06/2002,14:01:40,nan,0.0,0.0,0.0,0.0,0.0

05/06/2002,14:16:40,nan,0.0,0.0,0.0,0.0,0.0

05/06/2002,14:31:40,nan,0.0,0.0,0.0,0.0,0.0

05/06/2002,14:46:40,nan,0.0,0.0,0.0,0.0,0.0

05/06/2002,15:01:40,nan,0.0,0.0,0.0,0.0,0.0

05/06/2002,15:16:40,nan,0.0,0.0,0.0,0.0,0.0

05/06/2002,15:31:40,nan,0.0,0.0,0.0,0.0,0.0

05/06/2002,15:46:40,nan,0.0,0.0,0.0,0.0,0.0

05/06/2002,16:01:40,nan,0.0,0.0,0.0,0.0,0.0

05/06/2002,16:16:40,nan,0.0,0.0,0.0,0.0,0.0

05/06/2002,16:31:40,nan,0.0,0.0,0.0,0.0,0.0

05/06/2002,16:46:40,nan,0.0,0.0,0.0,0.0,0.0

05/06/2002,17:01:40,nan,0.0,0.0,0.0,0.0,0.0

05/06/2002,17:16:40,nan,0.0,0.0,0.0,0.0,0.0

05/06/2002,17:31:40,nan,0.0,0.0,0.0,0.0,0.0

05/06/2002,17:46:40,nan,0.0,0.0,0.0,0.0,0.0

05/06/2002,18:01:40,nan,0.0,0.0,0.0,0.0,0.0

05/06/2002,18:16:40,nan,0.0,0.0,0.0,0.0,0.0

05/06/2002,18:31:40,nan,0.0,0.0,0.0,0.0,0.0

05/06/2002,18:46:40,nan,0.0,0.0,0.0,0.0,0.0

05/06/2002,19:01:40,nan,0.0,0.0,0.0,0.0,0.0

05/06/2002,19:16:40,nan,0.0,0.0,0.0,0.0,0.0

05/06/2002,19:31:40,nan,0.0,0.0,0.0,0.0,0.0

05/06/2002,19:46:40,nan,0.0,0.0,0.0,0.0,0.0

05/06/2002,20:01:40,nan,0.0,0.0,0.0,0.0,0.0

05/06/2002,20:16:40,nan,0.0,0.0,0.0,0.0,0.0

05/06/2002,20:31:40,nan,0.0,0.0,0.0,0.0,0.0

05/06/2002,20:46:40,nan,0.0,0.0,0.0,0.0,0.0

05/06/2002,21:01:40,nan,0.0,0.0,0.0,0.0,0.0

05/06/2002,21:16:40,nan,0.0,0.0,0.0,0.0,0.0

05/06/2002,21:31:40,nan,0.0,0.0,0.0,0.0,0.0

05/06/2002,21:46:40,nan,0.0,0.0,0.0,0.0,0.0

05/06/2002,22:01:40,nan,0.0,0.0,0.0,0.0,0.0

05/06/2002,22:16:40,nan,0.0,0.0,0.0,0.0,0.0

05/06/2002,22:31:40,nan,0.0,0.0,0.0,0.0,0.0

05/06/2002,22:46:40,nan,0.0,0.0,0.0,0.0,0.0

05/06/2002,23:01:40,nan,0.0,0.0,0.0,0.0,0.0

05/06/2002,23:16:40,nan,0.0,0.0,0.0,0.0,0.0

05/06/2002,23:31:40,nan,0.0,0.0,0.0,0.0,0.0

05/06/2002,23:46:40,nan,0.0,0.0,0.0,0.0,0.0

06/06/2002,00:01:40,nan,0.0,0.0,0.0,0.0,0.0

06/06/2002,00:16:40,nan,0.0,0.0,0.0,0.0,0.0

06/06/2002,00:31:40,nan,0.0,0.0,0.0,0.0,0.0

06/06/2002,00:46:40,nan,0.0,0.0,0.0,0.0,0.0

06/06/2002,01:01:40,nan,0.0,0.0,0.0,0.0,0.0

06/06/2002,01:16:40,nan,0.0,0.0,0.0,0.0,0.0

06/06/2002,01:31:40,nan,0.0,0.0,0.0,0.0,0.0

06/06/2002,01:46:40,nan,0.0,0.0,0.0,0.0,0.0

06/06/2002,02:01:40,nan,0.0,0.0,0.0,0.0,0.0

06/06/2002,02:16:40,nan,0.0,0.0,0.0,0.0,0.0

06/06/2002,02:31:40,nan,0.0,0.0,0.0,0.0,0.0

06/06/2002,02:46:40,nan,0.0,0.0,0.0,0.0,0.0

06/06/2002,03:01:40,nan,0.0,0.0,0.0,0.0,0.0

06/06/2002,03:16:40,nan,0.0,0.0,0.0,0.0,0.0

06/06/2002,03:31:40,nan,0.0,0.0,0.0,0.0,0.0

06/06/2002,03:46:40,nan,0.0,0.0,0.0,0.0,0.0

06/06/2002,04:01:40,nan,0.0,0.0,0.0,0.0,0.0

06/06/2002,04:16:40,nan,0.0,0.0,0.0,0.0,0.0

06/06/2002,04:31:40,nan,0.0,0.0,0.0,0.0,0.0

06/06/2002,04:46:40,nan,0.0,0.0,0.0,0.0,0.0

06/06/2002,05:01:40,nan,0.0,0.0,0.0,0.0,0.0

06/06/2002,05:16:40,nan,0.0,0.0,0.0,0.0,0.0

06/06/2002,05:31:40,nan,0.0,0.0,0.0,0.0,0.0

06/06/2002,05:46:40,nan,0.0,0.0,0.0,0.0,0.0

06/06/2002,06:01:40,nan,0.0,0.0,0.0,0.0,0.0

06/06/2002,06:16:40,nan,0.0,0.0,0.0,0.0,0.0

06/06/2002,06:31:40,nan,0.0,0.0,0.0,0.0,0.0

06/06/2002,06:46:40,nan,0.0,0.0,0.0,0.0,0.0

06/06/2002,07:01:40,nan,0.0,0.0,0.0,0.0,0.0

06/06/2002,07:16:40,nan,0.0,0.0,0.0,0.0,0.0

06/06/2002,07:31:40,nan,0.0,0.0,0.0,0.0,0.0

06/06/2002,07:46:40,nan,0.0,0.0,0.0,0.0,0.0

06/06/2002,08:01:40,nan,0.0,0.0,0.0,0.0,0.0

06/06/2002,08:16:40,nan,0.0,0.0,0.0,0.0,0.0

06/06/2002,08:31:40,nan,0.0,0.0,0.0,0.0,0.0

06/06/2002,08:46:40,nan,0.0,0.0,0.0,0.0,0.0

06/06/2002,09:01:40,nan,0.0,0.0,0.0,0.0,0.0

06/06/2002,09:16:40,nan,0.0,0.0,0.0,0.0,0.0

06/06/2002,09:31:40,nan,0.0,0.0,0.0,0.0,0.0

06/06/2002,09:46:40,nan,0.0,0.0,0.0,0.0,0.0

06/06/2002,10:01:40,nan,0.0,0.0,0.0,0.0,0.0

06/06/2002,10:16:40,nan,0.0,0.0,0.0,0.0,0.0

06/06/2002,10:31:40,nan,0.0,0.0,0.0,0.0,0.0

06/06/2002,10:46:40,nan,0.0,0.0,0.0,0.0,0.0

06/06/2002,11:01:40,nan,0.0,0.0,0.0,0.0,0.0

06/06/2002,11:16:40,nan,0.0,0.0,0.0,0.0,0.0

06/06/2002,11:31:40,nan,0.0,0.0,0.0,0.0,0.0

06/06/2002,11:46:40,nan,0.0,0.0,0.0,0.0,0.0

06/06/2002,12:01:40,nan,0.0,0.0,0.0,0.0,0.0

06/06/2002,12:16:40,nan,0.0,0.0,0.0,0.0,0.0

06/06/2002,12:31:40,nan,0.0,0.0,0.0,0.0,0.0

06/06/2002,12:46:40,nan,0.0,0.0,0.0,0.0,0.0

06/06/2002,13:01:40,nan,0.0,0.0,0.0,0.0,0.0

06/06/2002,13:16:40,nan,0.0,0.0,0.0,0.0,0.0

06/06/2002,13:31:40,nan,0.0,0.0,0.0,0.0,0.0

06/06/2002,13:46:40,nan,0.0,0.0,0.0,0.0,0.0

06/06/2002,14:01:40,nan,0.0,0.0,0.0,0.0,0.0

06/06/2002,14:16:40,nan,0.0,0.0,0.0,0.0,0.0

06/06/2002,14:31:40,nan,0.0,0.0,0.0,0.0,0.0

06/06/2002,14:46:40,nan,0.0,0.0,0.0,0.0,0.0

06/06/2002,15:01:40,nan,0.0,0.0,0.0,0.0,0.0

06/06/2002,15:16:40,nan,0.0,0.0,0.0,0.0,0.0

06/06/2002,15:31:40,nan,0.0,0.0,0.0,0.0,0.0

06/06/2002,15:46:40,nan,0.0,0.0,0.0,0.0,0.0

06/06/2002,16:01:40,nan,0.0,0.0,0.0,0.0,0.0

06/06/2002,16:16:40,nan,0.0,0.0,0.0,0.0,0.0

06/06/2002,16:31:40,nan,0.0,0.0,0.0,0.0,0.0

06/06/2002,16:46:40,nan,0.0,0.0,0.0,0.0,0.0

06/06/2002,17:01:40,nan,0.0,0.0,0.0,0.0,0.0

06/06/2002,17:16:40,nan,0.0,0.0,0.0,0.0,0.0

06/06/2002,17:31:40,nan,0.0,0.0,0.0,0.0,0.0

06/06/2002,17:46:40,nan,0.0,0.0,0.0,0.0,0.0

06/06/2002,18:01:40,nan,0.0,0.0,0.0,0.0,0.0

06/06/2002,18:16:40,nan,0.0,0.0,0.0,0.0,0.0

06/06/2002,18:31:40,nan,0.0,0.0,0.0,0.0,0.0

06/06/2002,18:46:40,nan,0.0,0.0,0.0,0.0,0.0

06/06/2002,19:01:40,nan,0.0,0.0,0.0,0.0,0.0

06/06/2002,19:16:40,nan,0.0,0.0,0.0,0.0,0.0

06/06/2002,19:31:40,nan,0.0,0.0,0.0,0.0,0.0

06/06/2002,19:46:40,nan,0.0,0.0,0.0,0.0,0.0

06/06/2002,20:01:40,nan,0.0,0.0,0.0,0.0,0.0

06/06/2002,20:16:40,nan,0.0,0.0,0.0,0.0,0.0

06/06/2002,20:31:40,nan,0.0,0.0,0.0,0.0,0.0

06/06/2002,20:46:40,nan,0.0,0.0,0.0,0.0,0.0

06/06/2002,21:01:40,nan,0.0,0.0,0.0,0.0,0.0

06/06/2002,21:16:40,nan,0.0,0.0,0.0,0.0,0.0

06/06/2002,21:31:40,nan,0.0,0.0,0.0,0.0,0.0

06/06/2002,21:46:40,nan,0.0,0.0,0.0,0.0,0.0

06/06/2002,22:01:40,nan,0.0,0.0,0.0,0.0,0.0

06/06/2002,22:16:40,nan,0.0,0.0,0.0,0.0,0.0

06/06/2002,22:31:40,nan,0.0,0.0,0.0,0.0,0.0

06/06/2002,22:46:40,nan,0.0,0.0,0.0,0.0,0.0

06/06/2002,23:01:40,nan,0.0,0.0,0.0,0.0,0.0

06/06/2002,23:16:40,nan,0.0,0.0,0.0,0.0,0.0

06/06/2002,23:31:40,nan,0.0,0.0,0.0,0.0,0.0

06/06/2002,23:46:40,nan,0.0,0.0,0.0,0.0,0.0

07/06/2002,00:01:40,nan,0.0,0.0,0.0,0.0,0.0

07/06/2002,00:16:40,nan,0.0,0.0,0.0,0.0,0.0

07/06/2002,00:31:40,nan,0.0,0.0,0.0,0.0,0.0

07/06/2002,00:46:40,nan,0.0,0.0,0.0,0.0,0.0

07/06/2002,01:01:40,nan,0.0,0.0,0.0,0.0,0.0

07/06/2002,01:16:40,nan,0.0,0.0,0.0,0.0,0.0

07/06/2002,01:31:40,nan,0.0,0.0,0.0,0.0,0.0

07/06/2002,01:46:40,nan,0.0,0.0,0.0,0.0,0.0

07/06/2002,02:01:40,nan,0.0,0.0,0.0,0.0,0.0

07/06/2002,02:16:40,nan,0.0,0.0,0.0,0.0,0.0

07/06/2002,02:31:40,nan,0.0,0.0,0.0,0.0,0.0

07/06/2002,02:46:40,nan,0.0,0.0,0.0,0.0,0.0

07/06/2002,03:01:40,nan,0.0,0.0,0.0,0.0,0.0

07/06/2002,03:16:40,nan,0.0,0.0,0.0,0.0,0.0

07/06/2002,03:31:40,nan,0.0,0.0,0.0,0.0,0.0

07/06/2002,03:46:40,nan,0.0,0.0,0.0,0.0,0.0

07/06/2002,04:01:40,nan,0.0,0.0,0.0,0.0,0.0

07/06/2002,04:16:40,nan,0.0,0.0,0.0,0.0,0.0

07/06/2002,04:31:40,nan,0.0,0.0,0.0,0.0,0.0

07/06/2002,04:46:40,nan,0.0,0.0,0.0,0.0,0.0

07/06/2002,05:01:40,nan,0.0,0.0,0.0,0.0,0.0

07/06/2002,05:16:40,nan,0.0,0.0,0.0,0.0,0.0

07/06/2002,05:31:40,nan,0.0,0.0,0.0,0.0,0.0

07/06/2002,05:46:40,nan,0.0,0.0,0.0,0.0,0.0

07/06/2002,06:01:40,nan,0.0,0.0,0.0,0.0,0.0

07/06/2002,06:16:40,nan,0.0,0.0,0.0,0.0,0.0

07/06/2002,06:31:40,nan,0.0,0.0,0.0,0.0,0.0

07/06/2002,06:46:40,nan,0.0,0.0,0.0,0.0,0.0

07/06/2002,07:01:40,nan,0.0,0.0,0.0,0.0,0.0

07/06/2002,07:16:40,nan,0.0,0.0,0.0,0.0,0.0

07/06/2002,07:31:40,nan,0.0,0.0,0.0,0.0,0.0

07/06/2002,07:46:40,nan,0.0,0.0,0.0,0.0,0.0

07/06/2002,08:01:40,nan,0.0,0.0,0.0,0.0,0.0

07/06/2002,08:16:40,nan,0.0,0.0,0.0,0.0,0.0

07/06/2002,08:31:40,nan,0.0,0.0,0.0,0.0,0.0

07/06/2002,08:46:40,nan,0.0,0.0,0.0,0.0,0.0

07/06/2002,09:01:40,nan,0.0,0.0,0.0,0.0,0.0

07/06/2002,09:16:40,nan,0.0,0.0,0.0,0.0,0.0

07/06/2002,09:31:40,nan,0.0,0.0,0.0,0.0,0.0

07/06/2002,09:46:40,nan,0.0,0.0,0.0,0.0,0.0

07/06/2002,10:01:40,nan,0.0,0.0,0.0,0.0,0.0

07/06/2002,10:16:40,nan,0.0,0.0,0.0,0.0,0.0

07/06/2002,10:31:40,nan,0.0,0.0,0.0,0.0,0.0

07/06/2002,10:46:40,nan,0.0,0.0,0.0,0.0,0.0

07/06/2002,11:01:40,nan,0.0,0.0,0.0,0.0,0.0

07/06/2002,11:16:40,nan,0.0,0.0,0.0,0.0,0.0

07/06/2002,11:31:40,nan,0.0,0.0,0.0,0.0,0.0

07/06/2002,11:46:40,nan,0.0,0.0,0.0,0.0,0.0

07/06/2002,12:01:40,nan,0.0,0.0,0.0,0.0,0.0

07/06/2002,12:16:40,nan,0.0,0.0,0.0,0.0,0.0

07/06/2002,12:31:40,nan,0.0,0.0,0.0,0.0,0.0

07/06/2002,12:46:40,nan,0.0,0.0,0.0,0.0,0.0

07/06/2002,13:01:40,nan,0.0,0.0,0.0,0.0,0.0

07/06/2002,13:16:40,nan,0.0,0.0,0.0,0.0,0.0

07/06/2002,13:31:40,nan,0.0,0.0,0.0,0.0,0.0

07/06/2002,13:46:40,nan,0.0,0.0,0.0,0.0,0.0

07/06/2002,14:01:40,nan,0.0,0.0,0.0,0.0,0.0

07/06/2002,14:16:40,nan,0.0,0.0,0.0,0.0,0.0

07/06/2002,14:31:40,nan,0.0,0.0,0.0,0.0,0.0

07/06/2002,14:46:40,nan,0.0,0.0,0.0,0.0,0.0

07/06/2002,15:01:40,nan,0.0,0.0,0.0,0.0,0.0

07/06/2002,15:16:40,nan,0.0,0.0,0.0,0.0,0.0

07/06/2002,15:31:40,nan,0.0,0.0,0.0,0.0,0.0

07/06/2002,15:46:40,nan,0.0,0.0,0.0,0.0,0.0

07/06/2002,16:01:40,nan,0.0,0.0,0.0,0.0,0.0

07/06/2002,16:16:40,nan,0.0,0.0,0.0,0.0,0.0

07/06/2002,16:31:40,nan,0.0,0.0,0.0,0.0,0.0

07/06/2002,16:46:40,nan,0.0,0.0,0.0,0.0,0.0

07/06/2002,17:01:40,nan,0.0,0.0,0.0,0.0,0.0

07/06/2002,17:16:40,nan,0.0,0.0,0.0,0.0,0.0

07/06/2002,17:31:40,nan,0.0,0.0,0.0,0.0,0.0

07/06/2002,17:46:40,nan,0.0,0.0,0.0,0.0,0.0

07/06/2002,18:01:40,nan,0.0,0.0,0.0,0.0,0.0

07/06/2002,18:16:40,nan,0.0,0.0,0.0,0.0,0.0

07/06/2002,18:31:40,nan,0.0,0.0,0.0,0.0,0.0

07/06/2002,18:46:40,nan,0.0,0.0,0.0,0.0,0.0

07/06/2002,19:01:40,nan,0.0,0.0,0.0,0.0,0.0

07/06/2002,19:16:40,nan,0.0,0.0,0.0,0.0,0.0

07/06/2002,19:31:40,nan,0.0,0.0,0.0,0.0,0.0

07/06/2002,19:46:40,nan,0.0,0.0,0.0,0.0,0.0

07/06/2002,20:01:40,nan,0.0,0.0,0.0,0.0,0.0

07/06/2002,20:16:40,nan,0.0,0.0,0.0,0.0,0.0

07/06/2002,20:31:40,nan,0.0,0.0,0.0,0.0,0.0

07/06/2002,20:46:40,nan,0.0,0.0,0.0,0.0,0.0

07/06/2002,21:01:40,nan,0.0,0.0,0.0,0.0,0.0

07/06/2002,21:16:40,nan,0.0,0.0,0.0,0.0,0.0

07/06/2002,21:31:40,nan,0.0,0.0,0.0,0.0,0.0

07/06/2002,21:46:40,nan,0.0,0.0,0.0,0.0,0.0

07/06/2002,22:01:40,nan,0.0,0.0,0.0,0.0,0.0

07/06/2002,22:16:40,nan,0.0,0.0,0.0,0.0,0.0

07/06/2002,22:31:40,nan,0.0,0.0,0.0,0.0,0.0

07/06/2002,22:46:40,nan,0.0,0.0,0.0,0.0,0.0

07/06/2002,23:01:40,nan,0.0,0.0,0.0,0.0,0.0

07/06/2002,23:16:40,nan,0.0,0.0,0.0,0.0,0.0

07/06/2002,23:31:40,nan,0.0,0.0,0.0,0.0,0.0

07/06/2002,23:46:40,nan,0.0,0.0,0.0,0.0,0.0

08/06/2002,00:01:40,nan,0.0,0.0,0.0,0.0,0.0

08/06/2002,00:16:40,nan,0.0,0.0,0.0,0.0,0.0

08/06/2002,00:31:40,nan,0.0,0.0,0.0,0.0,0.0

08/06/2002,00:46:40,nan,0.0,0.0,0.0,0.0,0.0

08/06/2002,01:01:40,nan,0.0,0.0,0.0,0.0,0.0

08/06/2002,01:16:40,nan,0.0,0.0,0.0,0.0,0.0

08/06/2002,01:31:40,nan,0.0,0.0,0.0,0.0,0.0

08/06/2002,01:46:40,nan,0.0,0.0,0.0,0.0,0.0

08/06/2002,02:01:40,nan,0.0,0.0,0.0,0.0,0.0

08/06/2002,02:16:40,nan,0.0,0.0,0.0,0.0,0.0

08/06/2002,02:31:40,nan,0.0,0.0,0.0,0.0,0.0

08/06/2002,02:46:40,nan,0.0,0.0,0.0,0.0,0.0

08/06/2002,03:01:40,nan,0.0,0.0,0.0,0.0,0.0

08/06/2002,03:16:40,nan,0.0,0.0,0.0,0.0,0.0

08/06/2002,03:31:40,nan,0.0,0.0,0.0,0.0,0.0

08/06/2002,03:46:40,nan,0.0,0.0,0.0,0.0,0.0

08/06/2002,04:01:40,nan,0.0,0.0,0.0,0.0,0.0

08/06/2002,04:16:40,nan,0.0,0.0,0.0,0.0,0.0

08/06/2002,04:31:40,nan,0.0,0.0,0.0,0.0,0.0

08/06/2002,04:46:40,nan,0.0,0.0,0.0,0.0,0.0

08/06/2002,05:01:40,nan,0.0,0.0,0.0,0.0,0.0

08/06/2002,05:16:40,nan,0.0,0.0,0.0,0.0,0.0

08/06/2002,05:31:40,nan,0.0,0.0,0.0,0.0,0.0

08/06/2002,05:46:40,nan,0.0,0.0,0.0,0.0,0.0

08/06/2002,06:01:40,nan,0.0,0.0,0.0,0.0,0.0

08/06/2002,06:16:40,nan,0.0,0.0,0.0,0.0,0.0

08/06/2002,06:31:40,nan,0.0,0.0,0.0,0.0,0.0

08/06/2002,06:46:40,nan,0.0,0.0,0.0,0.0,0.0

08/06/2002,07:01:40,nan,0.0,0.0,0.0,0.0,0.0

08/06/2002,07:16:40,nan,0.0,0.0,0.0,0.0,0.0

08/06/2002,07:31:40,nan,0.0,0.0,0.0,0.0,0.0

08/06/2002,07:46:40,nan,0.0,0.0,0.0,0.0,0.0

08/06/2002,08:01:40,nan,0.0,0.0,0.0,0.0,0.0

08/06/2002,08:16:40,nan,0.0,0.0,0.0,0.0,0.0

08/06/2002,08:31:40,nan,0.0,0.0,0.0,0.0,0.0

08/06/2002,08:46:40,nan,0.0,0.0,0.0,0.0,0.0

08/06/2002,09:01:40,nan,0.0,0.0,0.0,0.0,0.0

08/06/2002,09:16:40,nan,0.0,0.0,0.0,0.0,0.0

08/06/2002,09:31:40,nan,0.0,0.0,0.0,0.0,0.0

08/06/2002,09:46:40,nan,0.0,0.0,0.0,0.0,0.0

08/06/2002,10:01:40,nan,0.0,0.0,0.0,0.0,0.0

08/06/2002,10:16:40,nan,0.0,0.0,0.0,0.0,0.0

08/06/2002,10:31:40,nan,0.0,0.0,0.0,0.0,0.0

08/06/2002,10:46:40,nan,0.0,0.0,0.0,0.0,0.0

08/06/2002,11:01:40,nan,0.0,0.0,0.0,0.0,0.0

08/06/2002,11:16:40,nan,0.0,0.0,0.0,0.0,0.0

08/06/2002,11:31:40,nan,0.0,0.0,0.0,0.0,0.0

08/06/2002,11:46:40,nan,0.0,0.0,0.0,0.0,0.0

08/06/2002,12:01:40,nan,0.0,0.0,0.0,0.0,0.0

08/06/2002,12:16:40,nan,0.0,0.0,0.0,0.0,0.0

08/06/2002,12:31:40,nan,0.0,0.0,0.0,0.0,0.0

08/06/2002,12:46:40,nan,0.0,0.0,0.0,0.0,0.0

08/06/2002,13:01:40,nan,0.0,0.0,0.0,0.0,0.0

08/06/2002,13:16:40,nan,0.0,0.0,0.0,0.0,0.0

08/06/2002,13:31:40,nan,0.0,0.0,0.0,0.0,0.0

08/06/2002,13:46:40,nan,0.0,0.0,0.0,0.0,0.0

08/06/2002,14:01:40,nan,0.0,0.0,0.0,0.0,0.0

08/06/2002,14:16:40,nan,0.0,0.0,0.0,0.0,0.0

08/06/2002,14:31:40,nan,0.0,0.0,0.0,0.0,0.0

08/06/2002,14:46:40,nan,0.0,0.0,0.0,0.0,0.0

08/06/2002,15:01:40,nan,0.0,0.0,0.0,0.0,0.0

08/06/2002,15:16:40,nan,0.0,0.0,0.0,0.0,0.0

08/06/2002,15:31:40,nan,0.0,0.0,0.0,0.0,0.0

08/06/2002,15:46:40,nan,0.0,0.0,0.0,0.0,0.0

08/06/2002,16:01:40,nan,0.0,0.0,0.0,0.0,0.0

08/06/2002,16:16:40,nan,0.0,0.0,0.0,0.0,0.0

08/06/2002,16:31:40,nan,0.0,0.0,0.0,0.0,0.0

08/06/2002,16:46:40,nan,0.0,0.0,0.0,0.0,0.0

08/06/2002,17:01:40,nan,0.0,0.0,0.0,0.0,0.0

08/06/2002,17:16:40,nan,0.0,0.0,0.0,0.0,0.0

08/06/2002,17:31:40,nan,0.0,0.0,0.0,0.0,0.0

08/06/2002,17:46:40,nan,0.0,0.0,0.0,0.0,0.0

08/06/2002,18:01:40,nan,0.0,0.0,0.0,0.0,0.0

08/06/2002,18:16:40,nan,0.0,0.0,0.0,0.0,0.0

08/06/2002,18:31:40,nan,0.0,0.0,0.0,0.0,0.0

08/06/2002,18:46:40,nan,0.0,0.0,0.0,0.0,0.0

08/06/2002,19:01:40,nan,0.0,0.0,0.0,0.0,0.0

08/06/2002,19:16:40,nan,0.0,0.0,0.0,0.0,0.0

08/06/2002,19:31:40,nan,0.0,0.0,0.0,0.0,0.0

08/06/2002,19:46:40,nan,0.0,0.0,0.0,0.0,0.0

08/06/2002,20:01:40,nan,0.0,0.0,0.0,0.0,0.0

08/06/2002,20:16:40,nan,0.0,0.0,0.0,0.0,0.0

08/06/2002,20:31:40,nan,0.0,0.0,0.0,0.0,0.0

08/06/2002,20:46:40,nan,0.0,0.0,0.0,0.0,0.0

08/06/2002,21:01:40,nan,0.0,0.0,0.0,0.0,0.0

08/06/2002,21:16:40,nan,0.0,0.0,0.0,0.0,0.0

08/06/2002,21:31:40,nan,0.0,0.0,0.0,0.0,0.0

08/06/2002,21:46:40,nan,0.0,0.0,0.0,0.0,0.0

08/06/2002,22:01:40,nan,0.0,0.0,0.0,0.0,0.0

08/06/2002,22:16:40,nan,0.0,0.0,0.0,0.0,0.0

08/06/2002,22:31:40,nan,0.0,0.0,0.0,0.0,0.0

08/06/2002,22:46:40,nan,0.0,0.0,0.0,0.0,0.0

08/06/2002,23:01:40,nan,0.0,0.0,0.0,0.0,0.0

08/06/2002,23:16:40,nan,0.0,0.0,0.0,0.0,0.0

08/06/2002,23:31:40,nan,0.0,0.0,0.0,0.0,0.0

08/06/2002,23:46:40,nan,0.0,0.0,0.0,0.0,0.0

09/06/2002,00:01:40,nan,0.0,0.0,0.0,0.0,0.0

09/06/2002,00:16:40,nan,0.0,0.0,0.0,0.0,0.0

09/06/2002,00:31:40,nan,0.0,0.0,0.0,0.0,0.0

09/06/2002,00:46:40,nan,0.0,0.0,0.0,0.0,0.0

09/06/2002,01:01:40,nan,0.0,0.0,0.0,0.0,0.0

09/06/2002,01:16:40,nan,0.0,0.0,0.0,0.0,0.0

09/06/2002,01:31:40,nan,0.0,0.0,0.0,0.0,0.0

09/06/2002,01:46:40,nan,0.0,0.0,0.0,0.0,0.0

09/06/2002,02:01:40,nan,0.0,0.0,0.0,0.0,0.0

09/06/2002,02:16:40,nan,0.0,0.0,0.0,0.0,0.0

09/06/2002,02:31:40,nan,0.0,0.0,0.0,0.0,0.0

09/06/2002,02:46:40,nan,0.0,0.0,0.0,0.0,0.0

09/06/2002,03:01:40,nan,0.0,0.0,0.0,0.0,0.0

09/06/2002,03:16:40,nan,0.0,0.0,0.0,0.0,0.0

09/06/2002,03:31:40,nan,0.0,0.0,0.0,0.0,0.0

09/06/2002,03:46:40,nan,0.0,0.0,0.0,0.0,0.0

09/06/2002,04:01:40,nan,0.0,0.0,0.0,0.0,0.0

09/06/2002,04:16:40,nan,0.0,0.0,0.0,0.0,0.0

09/06/2002,04:31:40,nan,0.0,0.0,0.0,0.0,0.0

09/06/2002,04:46:40,nan,0.0,0.0,0.0,0.0,0.0

09/06/2002,05:01:40,nan,0.0,0.0,0.0,0.0,0.0

09/06/2002,05:16:40,nan,0.0,0.0,0.0,0.0,0.0

09/06/2002,05:31:40,nan,0.0,0.0,0.0,0.0,0.0

09/06/2002,05:46:40,nan,0.0,0.0,0.0,0.0,0.0

09/06/2002,06:01:40,nan,0.0,0.0,0.0,0.0,0.0

09/06/2002,06:16:40,nan,0.0,0.0,0.0,0.0,0.0

09/06/2002,06:31:40,nan,0.0,0.0,0.0,0.0,0.0

09/06/2002,06:46:40,nan,0.0,0.0,0.0,0.0,0.0

09/06/2002,07:01:40,nan,0.0,0.0,0.0,0.0,0.0

09/06/2002,07:16:40,nan,0.0,0.0,0.0,0.0,0.0

09/06/2002,07:31:40,nan,0.0,0.0,0.0,0.0,0.0

09/06/2002,07:46:40,nan,0.0,0.0,0.0,0.0,0.0

09/06/2002,08:01:40,nan,0.0,0.0,0.0,0.0,0.0

09/06/2002,08:16:40,nan,0.0,0.0,0.0,0.0,0.0

09/06/2002,08:31:40,nan,0.0,0.0,0.0,0.0,0.0

09/06/2002,08:46:40,nan,0.0,0.0,0.0,0.0,0.0

09/06/2002,09:01:40,nan,0.0,0.0,0.0,0.0,0.0

09/06/2002,09:16:40,nan,0.0,0.0,0.0,0.0,0.0

09/06/2002,09:31:40,nan,0.0,0.0,0.0,0.0,0.0

09/06/2002,09:46:40,nan,0.0,0.0,0.0,0.0,0.0

09/06/2002,10:01:40,nan,0.0,0.0,0.0,0.0,0.0

09/06/2002,10:16:40,nan,0.0,0.0,0.0,0.0,0.0

09/06/2002,10:31:40,nan,0.0,0.0,0.0,0.0,0.0

09/06/2002,10:46:40,nan,0.0,0.0,0.0,0.0,0.0

09/06/2002,11:01:40,nan,0.0,0.0,0.0,0.0,0.0

09/06/2002,11:16:40,nan,0.0,0.0,0.0,0.0,0.0

09/06/2002,11:31:40,nan,0.0,0.0,0.0,0.0,0.0

09/06/2002,11:46:40,nan,0.0,0.0,0.0,0.0,0.0

09/06/2002,12:01:40,nan,0.0,0.0,0.0,0.0,0.0

09/06/2002,12:16:40,nan,0.0,0.0,0.0,0.0,0.0

09/06/2002,12:31:40,nan,0.0,0.0,0.0,0.0,0.0

09/06/2002,12:46:40,nan,0.0,0.0,0.0,0.0,0.0

09/06/2002,13:01:40,nan,0.0,0.0,0.0,0.0,0.0

09/06/2002,13:16:40,nan,0.0,0.0,0.0,0.0,0.0

09/06/2002,13:31:40,nan,0.0,0.0,0.0,0.0,0.0

09/06/2002,13:46:40,nan,0.0,0.0,0.0,0.0,0.0

09/06/2002,14:01:40,nan,0.0,0.0,0.0,0.0,0.0

09/06/2002,14:16:40,nan,0.0,0.0,0.0,0.0,0.0

09/06/2002,14:31:40,nan,0.0,0.0,0.0,0.0,0.0

09/06/2002,14:46:40,nan,0.0,0.0,0.0,0.0,0.0

09/06/2002,15:01:40,nan,0.0,0.0,0.0,0.0,0.0

09/06/2002,15:16:40,nan,0.0,0.0,0.0,0.0,0.0

09/06/2002,15:31:40,nan,0.0,0.0,0.0,0.0,0.0

09/06/2002,15:46:40,nan,0.0,0.0,0.0,0.0,0.0

09/06/2002,16:01:40,nan,0.0,0.0,0.0,0.0,0.0

09/06/2002,16:16:40,nan,0.0,0.0,0.0,0.0,0.0

09/06/2002,16:31:40,nan,0.0,0.0,0.0,0.0,0.0

09/06/2002,16:46:40,nan,0.0,0.0,0.0,0.0,0.0

09/06/2002,17:01:40,nan,0.0,0.0,0.0,0.0,0.0

09/06/2002,17:16:40,nan,0.0,0.0,0.0,0.0,0.0

09/06/2002,17:31:40,nan,0.0,0.0,0.0,0.0,0.0

09/06/2002,17:46:40,nan,0.0,0.0,0.0,0.0,0.0

09/06/2002,18:01:40,nan,0.0,0.0,0.0,0.0,0.0

09/06/2002,18:16:40,nan,0.0,0.0,0.0,0.0,0.0

09/06/2002,18:31:40,nan,0.0,0.0,0.0,0.0,0.0

09/06/2002,18:46:40,nan,0.0,0.0,0.0,0.0,0.0

09/06/2002,19:01:40,nan,0.0,0.0,0.0,0.0,0.0

09/06/2002,19:16:40,nan,0.0,0.0,0.0,0.0,0.0

09/06/2002,19:31:40,nan,0.0,0.0,0.0,0.0,0.0

09/06/2002,19:46:40,nan,0.0,0.0,0.0,0.0,0.0

09/06/2002,20:01:40,nan,0.0,0.0,0.0,0.0,0.0

09/06/2002,20:16:40,nan,0.0,0.0,0.0,0.0,0.0

09/06/2002,20:31:40,nan,0.0,0.0,0.0,0.0,0.0

09/06/2002,20:46:40,nan,0.0,0.0,0.0,0.0,0.0

09/06/2002,21:01:40,nan,0.0,0.0,0.0,0.0,0.0

09/06/2002,21:16:40,nan,0.0,0.0,0.0,0.0,0.0

09/06/2002,21:31:40,nan,0.0,0.0,0.0,0.0,0.0

09/06/2002,21:46:40,nan,0.0,0.0,0.0,0.0,0.0

09/06/2002,22:01:40,nan,0.0,0.0,0.0,0.0,0.0

09/06/2002,22:16:40,nan,0.0,0.0,0.0,0.0,0.0

09/06/2002,22:31:40,nan,0.0,0.0,0.0,0.0,0.0

09/06/2002,22:46:40,nan,0.0,0.0,0.0,0.0,0.0

09/06/2002,23:01:40,nan,0.0,0.0,0.0,0.0,0.0

09/06/2002,23:16:40,nan,0.0,0.0,0.0,0.0,0.0

09/06/2002,23:31:40,nan,0.0,0.0,0.0,0.0,0.0

09/06/2002,23:46:40,nan,0.0,0.0,0.0,0.0,0.0

10/06/2002,00:01:40,nan,0.0,0.0,0.0,0.0,0.0

10/06/2002,00:16:40,nan,0.0,0.0,0.0,0.0,0.0

10/06/2002,00:31:40,nan,0.0,0.0,0.0,0.0,0.0

10/06/2002,00:46:40,nan,0.0,0.0,0.0,0.0,0.0

10/06/2002,01:01:40,nan,0.0,0.0,0.0,0.0,0.0

10/06/2002,01:16:40,nan,0.0,0.0,0.0,0.0,0.0

10/06/2002,01:31:40,nan,0.0,0.0,0.0,0.0,0.0

10/06/2002,01:46:40,nan,0.0,0.0,0.0,0.0,0.0

10/06/2002,02:01:40,nan,0.0,0.0,0.0,0.0,0.0

10/06/2002,02:16:40,nan,0.0,0.0,0.0,0.0,0.0

10/06/2002,02:31:40,nan,0.0,0.0,0.0,0.0,0.0

10/06/2002,02:46:40,nan,0.0,0.0,0.0,0.0,0.0

10/06/2002,03:01:40,nan,0.0,0.0,0.0,0.0,0.0

10/06/2002,03:16:40,nan,0.0,0.0,0.0,0.0,0.0

10/06/2002,03:31:40,nan,0.0,0.0,0.0,0.0,0.0

10/06/2002,03:46:40,nan,0.0,0.0,0.0,0.0,0.0

10/06/2002,04:01:40,nan,0.0,0.0,0.0,0.0,0.0

10/06/2002,04:16:40,nan,0.0,0.0,0.0,0.0,0.0

10/06/2002,04:31:40,nan,0.0,0.0,0.0,0.0,0.0

10/06/2002,04:46:40,nan,0.0,0.0,0.0,0.0,0.0

10/06/2002,05:01:40,nan,0.0,0.0,0.0,0.0,0.0

10/06/2002,05:16:40,nan,0.0,0.0,0.0,0.0,0.0

10/06/2002,05:31:40,nan,0.0,0.0,0.0,0.0,0.0

10/06/2002,05:46:40,nan,0.0,0.0,0.0,0.0,0.0

10/06/2002,06:01:40,nan,0.0,0.0,0.0,0.0,0.0

10/06/2002,06:16:40,nan,0.0,0.0,0.0,0.0,0.0

10/06/2002,06:31:40,nan,0.0,0.0,0.0,0.0,0.0

10/06/2002,06:46:40,nan,0.0,0.0,0.0,0.0,0.0

10/06/2002,07:01:40,nan,0.0,0.0,0.0,0.0,0.0

10/06/2002,07:16:40,nan,0.0,0.0,0.0,0.0,0.0

10/06/2002,07:31:40,nan,0.0,0.0,0.0,0.0,0.0

10/06/2002,07:46:40,nan,0.0,0.0,0.0,0.0,0.0

10/06/2002,08:01:40,nan,0.0,0.0,0.0,0.0,0.0

10/06/2002,08:16:40,nan,0.0,0.0,0.0,0.0,0.0

10/06/2002,08:31:40,nan,0.0,0.0,0.0,0.0,0.0

10/06/2002,08:46:40,nan,0.0,0.0,0.0,0.0,0.0

10/06/2002,09:01:40,nan,0.0,0.0,0.0,0.0,0.0

10/06/2002,09:16:40,nan,0.0,0.0,0.0,0.0,0.0

10/06/2002,09:31:40,nan,0.0,0.0,0.0,0.0,0.0

10/06/2002,09:46:40,nan,0.0,0.0,0.0,0.0,0.0

10/06/2002,10:01:40,nan,0.0,0.0,0.0,0.0,0.0

10/06/2002,10:16:40,nan,0.0,0.0,0.0,0.0,0.0

10/06/2002,10:31:40,nan,0.0,0.0,0.0,0.0,0.0

10/06/2002,10:46:40,nan,0.0,0.0,0.0,0.0,0.0

10/06/2002,11:01:40,nan,0.0,0.0,0.0,0.0,0.0

10/06/2002,11:16:40,nan,0.0,0.0,0.0,0.0,0.0

10/06/2002,11:31:40,nan,0.0,0.0,0.0,0.0,0.0

10/06/2002,11:46:40,nan,0.0,0.0,0.0,0.0,0.0

10/06/2002,12:01:40,nan,0.0,0.0,0.0,0.0,0.0

10/06/2002,12:16:40,nan,0.0,0.0,0.0,0.0,0.0

10/06/2002,12:31:40,nan,0.0,0.0,0.0,0.0,0.0

10/06/2002,12:46:40,nan,0.0,0.0,0.0,0.0,0.0

10/06/2002,13:01:40,nan,0.0,0.0,0.0,0.0,0.0

10/06/2002,13:16:40,nan,0.0,0.0,0.0,0.0,0.0

10/06/2002,13:31:40,nan,0.0,0.0,0.0,0.0,0.0

10/06/2002,13:46:40,nan,0.0,0.0,0.0,0.0,0.0

10/06/2002,14:01:40,nan,0.0,0.0,0.0,0.0,0.0

10/06/2002,14:16:40,nan,0.0,0.0,0.0,0.0,0.0

10/06/2002,14:31:40,nan,0.0,0.0,0.0,0.0,0.0

10/06/2002,14:46:40,nan,0.0,0.0,0.0,0.0,0.0

10/06/2002,15:01:40,nan,0.0,0.0,0.0,0.0,0.0

10/06/2002,15:16:40,nan,0.0,0.0,0.0,0.0,0.0

10/06/2002,15:31:40,nan,0.0,0.0,0.0,0.0,0.0

10/06/2002,15:46:40,nan,0.0,0.0,0.0,0.0,0.0

10/06/2002,16:01:40,nan,0.0,0.0,0.0,0.0,0.0

10/06/2002,16:16:40,nan,0.0,0.0,0.0,0.0,0.0

10/06/2002,16:31:40,nan,0.0,0.0,0.0,0.0,0.0

10/06/2002,16:46:40,nan,0.0,0.0,0.0,0.0,0.0

10/06/2002,17:01:40,nan,0.0,0.0,0.0,0.0,0.0

10/06/2002,17:16:40,nan,0.0,0.0,0.0,0.0,0.0

10/06/2002,17:31:40,nan,0.0,0.0,0.0,0.0,0.0

10/06/2002,17:46:40,nan,0.0,0.0,0.0,0.0,0.0

10/06/2002,18:01:40,nan,0.0,0.0,0.0,0.0,0.0

10/06/2002,18:16:40,nan,0.0,0.0,0.0,0.0,0.0

10/06/2002,18:31:40,nan,0.0,0.0,0.0,0.0,0.0

10/06/2002,18:46:40,nan,0.0,0.0,0.0,0.0,0.0

10/06/2002,19:01:40,nan,0.0,0.0,0.0,0.0,0.0

10/06/2002,19:16:40,nan,0.0,0.0,0.0,0.0,0.0

10/06/2002,19:31:40,nan,0.0,0.0,0.0,0.0,0.0

10/06/2002,19:46:40,nan,0.0,0.0,0.0,0.0,0.0

10/06/2002,20:01:40,nan,0.0,0.0,0.0,0.0,0.0

10/06/2002,20:16:40,nan,0.0,0.0,0.0,0.0,0.0

10/06/2002,20:31:40,nan,0.0,0.0,0.0,0.0,0.0

10/06/2002,20:46:40,nan,0.0,0.0,0.0,0.0,0.0

10/06/2002,21:01:40,nan,0.0,0.0,0.0,0.0,0.0

10/06/2002,21:16:40,nan,0.0,0.0,0.0,0.0,0.0

10/06/2002,21:31:40,nan,0.0,0.0,0.0,0.0,0.0

10/06/2002,21:46:40,nan,0.0,0.0,0.0,0.0,0.0

10/06/2002,22:01:40,nan,0.0,0.0,0.0,0.0,0.0

10/06/2002,22:16:40,nan,0.0,0.0,0.0,0.0,0.0

10/06/2002,22:31:40,nan,0.0,0.0,0.0,0.0,0.0

10/06/2002,22:46:40,nan,0.0,0.0,0.0,0.0,0.0

10/06/2002,23:01:40,nan,0.0,0.0,0.0,0.0,0.0

10/06/2002,23:16:40,nan,0.0,0.0,0.0,0.0,0.0

10/06/2002,23:31:40,nan,0.0,0.0,0.0,0.0,0.0

10/06/2002,23:46:40,nan,0.0,0.0,0.0,0.0,0.0

11/06/2002,00:01:40,nan,0.0,0.0,0.0,0.0,0.0

11/06/2002,00:16:40,nan,0.0,0.0,0.0,0.0,0.0

11/06/2002,00:31:40,nan,0.0,0.0,0.0,0.0,0.0

11/06/2002,00:46:40,nan,0.0,0.0,0.0,0.0,0.0

11/06/2002,01:01:40,nan,0.0,0.0,0.0,0.0,0.0

11/06/2002,01:16:40,nan,0.0,0.0,0.0,0.0,0.0

11/06/2002,01:31:40,nan,0.0,0.0,0.0,0.0,0.0

11/06/2002,01:46:40,nan,0.0,0.0,0.0,0.0,0.0

11/06/2002,02:01:40,nan,0.0,0.0,0.0,0.0,0.0

11/06/2002,02:16:40,nan,0.0,0.0,0.0,0.0,0.0

11/06/2002,02:31:40,nan,0.0,0.0,0.0,0.0,0.0

11/06/2002,02:46:40,nan,0.0,0.0,0.0,0.0,0.0

11/06/2002,03:01:40,nan,0.0,0.0,0.0,0.0,0.0

11/06/2002,03:16:40,nan,0.0,0.0,0.0,0.0,0.0

11/06/2002,03:31:40,nan,0.0,0.0,0.0,0.0,0.0

11/06/2002,03:46:40,nan,0.0,0.0,0.0,0.0,0.0

11/06/2002,04:01:40,nan,0.0,0.0,0.0,0.0,0.0

11/06/2002,04:16:40,nan,0.0,0.0,0.0,0.0,0.0

11/06/2002,04:31:40,nan,0.0,0.0,0.0,0.0,0.0

11/06/2002,04:46:40,nan,0.0,0.0,0.0,0.0,0.0

11/06/2002,05:01:40,nan,0.0,0.0,0.0,0.0,0.0

11/06/2002,05:16:40,nan,0.0,0.0,0.0,0.0,0.0

11/06/2002,05:31:40,nan,0.0,0.0,0.0,0.0,0.0

11/06/2002,05:46:40,nan,0.0,0.0,0.0,0.0,0.0

11/06/2002,06:01:40,nan,0.0,0.0,0.0,0.0,0.0

11/06/2002,06:16:40,nan,0.0,0.0,0.0,0.0,0.0

11/06/2002,06:31:40,nan,0.0,0.0,0.0,0.0,0.0

11/06/2002,06:46:40,nan,0.0,0.0,0.0,0.0,0.0

11/06/2002,07:01:40,nan,0.0,0.0,0.0,0.0,0.0

11/06/2002,07:16:40,nan,0.0,0.0,0.0,0.0,0.0

11/06/2002,07:31:40,nan,0.0,0.0,0.0,0.0,0.0

11/06/2002,07:46:40,nan,0.0,0.0,0.0,0.0,0.0

11/06/2002,08:01:40,nan,0.0,0.0,0.0,0.0,0.0

11/06/2002,08:16:40,nan,0.0,0.0,0.0,0.0,0.0

11/06/2002,08:31:40,nan,0.0,0.0,0.0,0.0,0.0

11/06/2002,08:46:40,nan,0.0,0.0,0.0,0.0,0.0

11/06/2002,09:01:40,nan,0.0,0.0,0.0,0.0,0.0

11/06/2002,09:16:40,nan,0.0,0.0,0.0,0.0,0.0

11/06/2002,09:31:40,nan,0.0,0.0,0.0,0.0,0.0

11/06/2002,09:46:40,nan,0.0,0.0,0.0,0.0,0.0

11/06/2002,10:01:40,nan,0.0,0.0,0.0,0.0,0.0

11/06/2002,10:16:40,nan,0.0,0.0,0.0,0.0,0.0

11/06/2002,10:31:40,nan,0.0,0.0,0.0,0.0,0.0

11/06/2002,10:46:40,nan,0.0,0.0,0.0,0.0,0.0

11/06/2002,11:01:40,nan,0.0,0.0,0.0,0.0,0.0

11/06/2002,11:16:40,nan,0.0,0.0,0.0,0.0,0.0

11/06/2002,11:31:40,nan,0.0,0.0,0.0,0.0,0.0

11/06/2002,11:46:40,nan,0.0,0.0,0.0,0.0,0.0

11/06/2002,12:01:40,nan,0.0,0.0,0.0,0.0,0.0

11/06/2002,12:16:40,nan,0.0,0.0,0.0,0.0,0.0

11/06/2002,12:31:40,nan,0.0,0.0,0.0,0.0,0.0

11/06/2002,12:46:40,nan,0.0,0.0,0.0,0.0,0.0

11/06/2002,13:01:40,nan,0.0,0.0,0.0,0.0,0.0

11/06/2002,13:16:40,nan,0.0,0.0,0.0,0.0,0.0

11/06/2002,13:31:40,nan,0.0,0.0,0.0,0.0,0.0

11/06/2002,13:46:40,nan,0.0,0.0,0.0,0.0,0.0

11/06/2002,14:01:40,nan,0.0,0.0,0.0,0.0,0.0

11/06/2002,14:16:40,nan,0.0,0.0,0.0,0.0,0.0

11/06/2002,14:31:40,nan,0.0,0.0,0.0,0.0,0.0

11/06/2002,14:46:40,nan,0.0,0.0,0.0,0.0,0.0

11/06/2002,15:01:40,nan,0.0,0.0,0.0,0.0,0.0

11/06/2002,15:16:40,nan,0.0,0.0,0.0,0.0,0.0

11/06/2002,15:31:40,nan,0.0,0.0,0.0,0.0,0.0

11/06/2002,15:46:40,nan,0.0,0.0,0.0,0.0,0.0

11/06/2002,16:01:40,nan,0.0,0.0,0.0,0.0,0.0

11/06/2002,16:16:40,nan,0.0,0.0,0.0,0.0,0.0

11/06/2002,16:31:40,nan,0.0,0.0,0.0,0.0,0.0

11/06/2002,16:46:40,nan,0.0,0.0,0.0,0.0,0.0

11/06/2002,17:01:40,nan,0.0,0.0,0.0,0.0,0.0

11/06/2002,17:16:40,nan,0.0,0.0,0.0,0.0,0.0

11/06/2002,17:31:40,nan,0.0,0.0,0.0,0.0,0.0

11/06/2002,17:46:40,nan,0.0,0.0,0.0,0.0,0.0

11/06/2002,18:01:40,nan,0.0,0.0,0.0,0.0,0.0

11/06/2002,18:16:40,nan,0.0,0.0,0.0,0.0,0.0

11/06/2002,18:31:40,nan,0.0,0.0,0.0,0.0,0.0

11/06/2002,18:46:40,nan,0.0,0.0,0.0,0.0,0.0

11/06/2002,19:01:40,nan,0.0,0.0,0.0,0.0,0.0

11/06/2002,19:16:40,nan,0.0,0.0,0.0,0.0,0.0

11/06/2002,19:31:40,nan,0.0,0.0,0.0,0.0,0.0

11/06/2002,19:46:40,nan,0.0,0.0,0.0,0.0,0.0

11/06/2002,20:01:40,nan,0.0,0.0,0.0,0.0,0.0

11/06/2002,20:16:40,nan,0.0,0.0,0.0,0.0,0.0

11/06/2002,20:31:40,nan,0.0,0.0,0.0,0.0,0.0

11/06/2002,20:46:40,nan,0.0,0.0,0.0,0.0,0.0

11/06/2002,21:01:40,nan,0.0,0.0,0.0,0.0,0.0

11/06/2002,21:16:40,nan,0.0,0.0,0.0,0.0,0.0

11/06/2002,21:31:40,nan,0.0,0.0,0.0,0.0,0.0

11/06/2002,21:46:40,nan,0.0,0.0,0.0,0.0,0.0

11/06/2002,22:01:40,nan,0.0,0.0,0.0,0.0,0.0

11/06/2002,22:16:40,nan,0.0,0.0,0.0,0.0,0.0

11/06/2002,22:31:40,nan,0.0,0.0,0.0,0.0,0.0

11/06/2002,22:46:40,nan,0.0,0.0,0.0,0.0,0.0

11/06/2002,23:01:40,nan,0.0,0.0,0.0,0.0,0.0

11/06/2002,23:16:40,nan,0.0,0.0,0.0,0.0,0.0

11/06/2002,23:31:40,nan,0.0,0.0,0.0,0.0,0.0

11/06/2002,23:46:40,nan,0.0,0.0,0.0,0.0,0.0

12/06/2002,00:01:40,nan,0.0,0.0,0.0,0.0,0.0

12/06/2002,00:16:40,nan,0.0,0.0,0.0,0.0,0.0

12/06/2002,00:31:40,nan,0.0,0.0,0.0,0.0,0.0

12/06/2002,00:46:40,nan,0.0,0.0,0.0,0.0,0.0

12/06/2002,01:01:40,nan,0.0,0.0,0.0,0.0,0.0

12/06/2002,01:16:40,nan,0.0,0.0,0.0,0.0,0.0

12/06/2002,01:31:40,nan,0.0,0.0,0.0,0.0,0.0

12/06/2002,01:46:40,nan,0.0,0.0,0.0,0.0,0.0

12/06/2002,02:01:40,nan,0.0,0.0,0.0,0.0,0.0

12/06/2002,02:16:40,nan,0.0,0.0,0.0,0.0,0.0

12/06/2002,02:31:40,nan,0.0,0.0,0.0,0.0,0.0

12/06/2002,02:46:40,nan,0.0,0.0,0.0,0.0,0.0

12/06/2002,03:01:40,nan,0.0,0.0,0.0,0.0,0.0

12/06/2002,03:16:40,nan,0.0,0.0,0.0,0.0,0.0

12/06/2002,03:31:40,nan,0.0,0.0,0.0,0.0,0.0

12/06/2002,03:46:40,nan,0.0,0.0,0.0,0.0,0.0

12/06/2002,04:01:40,nan,0.0,0.0,0.0,0.0,0.0

12/06/2002,04:16:40,nan,0.0,0.0,0.0,0.0,0.0

12/06/2002,04:31:40,nan,0.0,0.0,0.0,0.0,0.0

12/06/2002,04:46:40,nan,0.0,0.0,0.0,0.0,0.0

12/06/2002,05:01:40,nan,0.0,0.0,0.0,0.0,0.0

12/06/2002,05:16:40,nan,0.0,0.0,0.0,0.0,0.0

12/06/2002,05:31:40,nan,0.0,0.0,0.0,0.0,0.0

12/06/2002,05:46:40,nan,0.0,0.0,0.0,0.0,0.0

12/06/2002,06:01:40,nan,0.0,0.0,0.0,0.0,0.0

12/06/2002,06:16:40,nan,0.0,0.0,0.0,0.0,0.0

12/06/2002,06:31:40,nan,0.0,0.0,0.0,0.0,0.0

12/06/2002,06:46:40,nan,0.0,0.0,0.0,0.0,0.0

12/06/2002,07:01:40,nan,0.0,0.0,0.0,0.0,0.0

12/06/2002,07:16:40,nan,0.0,0.0,0.0,0.0,0.0

12/06/2002,07:31:40,nan,0.0,0.0,0.0,0.0,0.0

12/06/2002,07:46:40,nan,0.0,0.0,0.0,0.0,0.0

12/06/2002,08:01:40,nan,0.0,0.0,0.0,0.0,0.0

12/06/2002,08:16:40,nan,0.0,0.0,0.0,0.0,0.0

12/06/2002,08:31:40,nan,0.0,0.0,0.0,0.0,0.0

12/06/2002,08:46:40,nan,0.0,0.0,0.0,0.0,0.0

12/06/2002,09:01:40,nan,0.0,0.0,0.0,0.0,0.0

12/06/2002,09:16:40,nan,0.0,0.0,0.0,0.0,0.0

12/06/2002,09:31:40,nan,0.0,0.0,0.0,0.0,0.0

12/06/2002,09:46:40,nan,0.0,0.0,0.0,0.0,0.0

12/06/2002,10:01:40,nan,0.0,0.0,0.0,0.0,0.0

12/06/2002,10:16:40,nan,0.0,0.0,0.0,0.0,0.0

12/06/2002,10:31:40,nan,0.0,0.0,0.0,0.0,0.0

12/06/2002,10:46:40,nan,0.0,0.0,0.0,0.0,0.0

12/06/2002,11:01:40,nan,0.0,0.0,0.0,0.0,0.0

12/06/2002,11:16:40,nan,0.0,0.0,0.0,0.0,0.0

12/06/2002,11:31:40,nan,0.0,0.0,0.0,0.0,0.0

12/06/2002,11:46:40,nan,0.0,0.0,0.0,0.0,0.0

12/06/2002,12:01:40,nan,0.0,0.0,0.0,0.0,0.0

12/06/2002,12:16:40,nan,0.0,0.0,0.0,0.0,0.0

12/06/2002,12:31:40,nan,0.0,0.0,0.0,0.0,0.0

12/06/2002,12:46:40,nan,0.0,0.0,0.0,0.0,0.0

12/06/2002,13:01:40,nan,0.0,0.0,0.0,0.0,0.0

12/06/2002,13:16:40,nan,0.0,0.0,0.0,0.0,0.0

12/06/2002,13:31:40,nan,0.0,0.0,0.0,0.0,0.0

12/06/2002,13:46:40,nan,0.0,0.0,0.0,0.0,0.0

12/06/2002,14:01:40,nan,0.0,0.0,0.0,0.0,0.0

12/06/2002,14:16:40,nan,0.0,0.0,0.0,0.0,0.0

12/06/2002,14:31:40,nan,0.0,0.0,0.0,0.0,0.0

12/06/2002,14:46:40,nan,0.0,0.0,0.0,0.0,0.0

12/06/2002,15:01:40,nan,0.0,0.0,0.0,0.0,0.0

12/06/2002,15:16:40,nan,0.0,0.0,0.0,0.0,0.0

12/06/2002,15:31:40,nan,0.0,0.0,0.0,0.0,0.0

12/06/2002,15:46:40,nan,0.0,0.0,0.0,0.0,0.0

12/06/2002,16:01:40,nan,0.0,0.0,0.0,0.0,0.0

12/06/2002,16:16:40,nan,0.0,0.0,0.0,0.0,0.0

12/06/2002,16:31:40,nan,0.0,0.0,0.0,0.0,0.0

12/06/2002,16:46:40,nan,0.0,0.0,0.0,0.0,0.0

12/06/2002,17:01:40,nan,0.0,0.0,0.0,0.0,0.0

12/06/2002,17:16:40,nan,0.0,0.0,0.0,0.0,0.0

12/06/2002,17:31:40,nan,0.0,0.0,0.0,0.0,0.0

12/06/2002,17:46:40,nan,0.0,0.0,0.0,0.0,0.0

12/06/2002,18:01:40,nan,0.0,0.0,0.0,0.0,0.0

12/06/2002,18:16:40,nan,0.0,0.0,0.0,0.0,0.0

12/06/2002,18:31:40,nan,0.0,0.0,0.0,0.0,0.0

12/06/2002,18:46:40,nan,0.0,0.0,0.0,0.0,0.0

12/06/2002,19:01:40,nan,0.0,0.0,0.0,0.0,0.0

12/06/2002,19:16:40,nan,0.0,0.0,0.0,0.0,0.0

12/06/2002,19:31:40,nan,0.0,0.0,0.0,0.0,0.0

12/06/2002,19:46:40,nan,0.0,0.0,0.0,0.0,0.0

12/06/2002,20:01:40,nan,0.0,0.0,0.0,0.0,0.0

12/06/2002,20:16:40,nan,0.0,0.0,0.0,0.0,0.0

12/06/2002,20:31:40,nan,0.0,0.0,0.0,0.0,0.0

12/06/2002,20:46:40,nan,0.0,0.0,0.0,0.0,0.0

12/06/2002,21:01:40,nan,0.0,0.0,0.0,0.0,0.0

12/06/2002,21:16:40,nan,0.0,0.0,0.0,0.0,0.0

12/06/2002,21:31:40,nan,0.0,0.0,0.0,0.0,0.0

12/06/2002,21:46:40,nan,0.0,0.0,0.0,0.0,0.0

12/06/2002,22:01:40,nan,0.0,0.0,0.0,0.0,0.0

12/06/2002,22:16:40,nan,0.0,0.0,0.0,0.0,0.0

12/06/2002,22:31:40,nan,0.0,0.0,0.0,0.0,0.0

12/06/2002,22:46:40,nan,0.0,0.0,0.0,0.0,0.0

12/06/2002,23:01:40,nan,0.0,0.0,0.0,0.0,0.0

12/06/2002,23:16:40,nan,0.0,0.0,0.0,0.0,0.0

12/06/2002,23:31:40,nan,0.0,0.0,0.0,0.0,0.0

12/06/2002,23:46:40,nan,0.0,0.0,0.0,0.0,0.0

13/06/2002,00:01:40,nan,0.0,0.0,0.0,0.0,0.0

13/06/2002,00:16:40,nan,0.0,0.0,0.0,0.0,0.0

13/06/2002,00:31:40,nan,0.0,0.0,0.0,0.0,0.0

13/06/2002,00:46:40,nan,0.0,0.0,0.0,0.0,0.0

13/06/2002,01:01:40,nan,0.0,0.0,0.0,0.0,0.0

13/06/2002,01:16:40,nan,0.0,0.0,0.0,0.0,0.0

13/06/2002,01:31:40,nan,0.0,0.0,0.0,0.0,0.0

13/06/2002,01:46:40,nan,0.0,0.0,0.0,0.0,0.0

13/06/2002,02:01:40,nan,0.0,0.0,0.0,0.0,0.0

13/06/2002,02:16:40,nan,0.0,0.0,0.0,0.0,0.0

13/06/2002,02:31:40,nan,0.0,0.0,0.0,0.0,0.0

13/06/2002,02:46:40,nan,0.0,0.0,0.0,0.0,0.0

13/06/2002,03:01:40,nan,0.0,0.0,0.0,0.0,0.0

13/06/2002,03:16:40,nan,0.0,0.0,0.0,0.0,0.0

13/06/2002,03:31:40,nan,0.0,0.0,0.0,0.0,0.0

13/06/2002,03:46:40,nan,0.0,0.0,0.0,0.0,0.0

13/06/2002,04:01:40,nan,0.0,0.0,0.0,0.0,0.0

13/06/2002,04:16:40,nan,0.0,0.0,0.0,0.0,0.0

13/06/2002,04:31:40,nan,0.0,0.0,0.0,0.0,0.0

13/06/2002,04:46:40,nan,0.0,0.0,0.0,0.0,0.0

13/06/2002,05:01:40,nan,0.0,0.0,0.0,0.0,0.0

13/06/2002,05:16:40,nan,0.0,0.0,0.0,0.0,0.0

13/06/2002,05:31:40,nan,0.0,0.0,0.0,0.0,0.0

13/06/2002,05:46:40,nan,0.0,0.0,0.0,0.0,0.0

13/06/2002,06:01:40,nan,0.0,0.0,0.0,0.0,0.0

13/06/2002,06:16:40,nan,0.0,0.0,0.0,0.0,0.0

13/06/2002,06:31:40,nan,0.0,0.0,0.0,0.0,0.0

13/06/2002,06:46:40,nan,0.0,0.0,0.0,0.0,0.0

13/06/2002,07:01:40,nan,0.0,0.0,0.0,0.0,0.0

13/06/2002,07:16:40,nan,0.0,0.0,0.0,0.0,0.0

13/06/2002,07:31:40,nan,0.0,0.0,0.0,0.0,0.0

13/06/2002,07:46:40,nan,0.0,0.0,0.0,0.0,0.0

13/06/2002,08:01:40,nan,0.0,0.0,0.0,0.0,0.0

13/06/2002,08:16:40,nan,0.0,0.0,0.0,0.0,0.0

13/06/2002,08:31:40,nan,0.0,0.0,0.0,0.0,0.0

13/06/2002,08:46:40,nan,0.0,0.0,0.0,0.0,0.0

13/06/2002,09:01:40,nan,0.0,0.0,0.0,0.0,0.0

13/06/2002,09:16:40,nan,0.0,0.0,0.0,0.0,0.0

13/06/2002,09:31:40,nan,0.0,0.0,0.0,0.0,0.0

13/06/2002,09:46:40,nan,0.0,0.0,0.0,0.0,0.0

13/06/2002,10:01:40,nan,0.0,0.0,0.0,0.0,0.0

13/06/2002,10:16:40,nan,0.0,0.0,0.0,0.0,0.0

13/06/2002,10:31:40,nan,0.0,0.0,0.0,0.0,0.0

13/06/2002,10:46:40,nan,0.0,0.0,0.0,0.0,0.0

13/06/2002,11:01:40,nan,0.0,0.0,0.0,0.0,0.0

13/06/2002,11:16:40,nan,0.0,0.0,0.0,0.0,0.0

13/06/2002,11:31:40,nan,0.0,0.0,0.0,0.0,0.0

13/06/2002,11:46:40,nan,0.0,0.0,0.0,0.0,0.0

13/06/2002,12:01:40,nan,0.0,0.0,0.0,0.0,0.0

13/06/2002,12:16:40,nan,0.0,0.0,0.0,0.0,0.0

13/06/2002,12:31:40,nan,0.0,0.0,0.0,0.0,0.0

13/06/2002,12:46:40,nan,0.0,0.0,0.0,0.0,0.0

13/06/2002,13:01:40,nan,0.0,0.0,0.0,0.0,0.0

13/06/2002,13:16:40,nan,0.0,0.0,0.0,0.0,0.0

13/06/2002,13:31:40,nan,0.0,0.0,0.0,0.0,0.0

13/06/2002,13:46:40,nan,0.0,0.0,0.0,0.0,0.0

13/06/2002,14:01:40,nan,0.0,0.0,0.0,0.0,0.0

13/06/2002,14:16:40,nan,0.0,0.0,0.0,0.0,0.0

13/06/2002,14:31:40,nan,0.0,0.0,0.0,0.0,0.0

13/06/2002,14:46:40,nan,0.0,0.0,0.0,0.0,0.0

13/06/2002,15:01:40,nan,0.0,0.0,0.0,0.0,0.0

13/06/2002,15:16:40,nan,0.0,0.0,0.0,0.0,0.0

13/06/2002,15:31:40,nan,0.0,0.0,0.0,0.0,0.0

13/06/2002,15:46:40,nan,0.0,0.0,0.0,0.0,0.0

13/06/2002,16:01:40,nan,0.0,0.0,0.0,0.0,0.0

13/06/2002,16:16:40,nan,0.0,0.0,0.0,0.0,0.0

13/06/2002,16:31:40,nan,0.0,0.0,0.0,0.0,0.0

13/06/2002,16:46:40,nan,0.0,0.0,0.0,0.0,0.0

13/06/2002,17:01:40,nan,0.0,0.0,0.0,0.0,0.0

13/06/2002,17:16:40,nan,0.0,0.0,0.0,0.0,0.0

13/06/2002,17:31:40,nan,0.0,0.0,0.0,0.0,0.0

13/06/2002,17:46:40,nan,0.0,0.0,0.0,0.0,0.0

13/06/2002,18:01:40,nan,0.0,0.0,0.0,0.0,0.0

13/06/2002,18:16:40,nan,0.0,0.0,0.0,0.0,0.0

13/06/2002,18:31:40,nan,0.0,0.0,0.0,0.0,0.0

13/06/2002,18:46:40,nan,0.0,0.0,0.0,0.0,0.0

13/06/2002,19:01:40,nan,0.0,0.0,0.0,0.0,0.0

13/06/2002,19:16:40,nan,0.0,0.0,0.0,0.0,0.0

13/06/2002,19:31:40,nan,0.0,0.0,0.0,0.0,0.0

13/06/2002,19:46:40,nan,0.0,0.0,0.0,0.0,0.0

13/06/2002,20:01:40,nan,0.0,0.0,0.0,0.0,0.0

13/06/2002,20:16:40,nan,0.0,0.0,0.0,0.0,0.0

13/06/2002,20:31:40,nan,0.0,0.0,0.0,0.0,0.0

13/06/2002,20:46:40,nan,0.0,0.0,0.0,0.0,0.0

13/06/2002,21:01:40,nan,0.0,0.0,0.0,0.0,0.0

13/06/2002,21:16:40,nan,0.0,0.0,0.0,0.0,0.0

13/06/2002,21:31:40,nan,0.0,0.0,0.0,0.0,0.0

13/06/2002,21:46:40,nan,0.0,0.0,0.0,0.0,0.0

13/06/2002,22:01:40,nan,0.0,0.0,0.0,0.0,0.0

13/06/2002,22:16:40,nan,0.0,0.0,0.0,0.0,0.0

13/06/2002,22:31:40,nan,0.0,0.0,0.0,0.0,0.0

13/06/2002,22:46:40,nan,0.0,0.0,0.0,0.0,0.0

13/06/2002,23:01:40,nan,0.0,0.0,0.0,0.0,0.0

13/06/2002,23:16:40,nan,0.0,0.0,0.0,0.0,0.0

13/06/2002,23:31:40,nan,0.0,0.0,0.0,0.0,0.0

13/06/2002,23:46:40,nan,0.0,0.0,0.0,0.0,0.0

14/06/2002,00:01:40,nan,0.0,0.0,0.0,0.0,0.0

14/06/2002,00:16:40,nan,0.0,0.0,0.0,0.0,0.0

14/06/2002,00:31:40,nan,0.0,0.0,0.0,0.0,0.0

14/06/2002,00:46:40,nan,0.0,0.0,0.0,0.0,0.0

14/06/2002,01:01:40,nan,0.0,0.0,0.0,0.0,0.0

14/06/2002,01:16:40,nan,0.0,0.0,0.0,0.0,0.0

14/06/2002,01:31:40,nan,0.0,0.0,0.0,0.0,0.0

14/06/2002,01:46:40,nan,0.0,0.0,0.0,0.0,0.0

14/06/2002,02:01:40,nan,0.0,0.0,0.0,0.0,0.0

14/06/2002,02:16:40,nan,0.0,0.0,0.0,0.0,0.0

14/06/2002,02:31:40,nan,0.0,0.0,0.0,0.0,0.0

14/06/2002,02:46:40,nan,0.0,0.0,0.0,0.0,0.0

14/06/2002,03:01:40,nan,0.0,0.0,0.0,0.0,0.0

14/06/2002,03:16:40,nan,0.0,0.0,0.0,0.0,0.0

14/06/2002,03:31:40,nan,0.0,0.0,0.0,0.0,0.0

14/06/2002,03:46:40,nan,0.0,0.0,0.0,0.0,0.0

14/06/2002,04:01:40,nan,0.0,0.0,0.0,0.0,0.0

14/06/2002,04:16:40,nan,0.0,0.0,0.0,0.0,0.0

14/06/2002,04:31:40,nan,0.0,0.0,0.0,0.0,0.0

14/06/2002,04:46:40,nan,0.0,0.0,0.0,0.0,0.0

14/06/2002,05:01:40,nan,0.0,0.0,0.0,0.0,0.0

14/06/2002,05:16:40,nan,0.0,0.0,0.0,0.0,0.0

14/06/2002,05:31:40,nan,0.0,0.0,0.0,0.0,0.0

14/06/2002,05:46:40,nan,0.0,0.0,0.0,0.0,0.0

14/06/2002,06:01:40,nan,0.0,0.0,0.0,0.0,0.0

14/06/2002,06:16:40,nan,0.0,0.0,0.0,0.0,0.0

14/06/2002,06:31:40,nan,0.0,0.0,0.0,0.0,0.0

14/06/2002,06:46:40,nan,0.0,0.0,0.0,0.0,0.0

14/06/2002,07:01:40,nan,0.0,0.0,0.0,0.0,0.0

14/06/2002,07:16:40,nan,0.0,0.0,0.0,0.0,0.0

14/06/2002,07:31:40,nan,0.0,0.0,0.0,0.0,0.0

14/06/2002,07:46:40,nan,0.0,0.0,0.0,0.0,0.0

14/06/2002,08:01:40,nan,0.0,0.0,0.0,0.0,0.0

14/06/2002,08:16:40,nan,0.0,0.0,0.0,0.0,0.0

14/06/2002,08:31:40,nan,0.0,0.0,0.0,0.0,0.0

14/06/2002,08:46:40,nan,0.0,0.0,0.0,0.0,0.0

14/06/2002,09:01:40,nan,0.0,0.0,0.0,0.0,0.0

14/06/2002,09:16:40,nan,0.0,0.0,0.0,0.0,0.0

14/06/2002,09:31:40,nan,0.0,0.0,0.0,0.0,0.0

14/06/2002,09:46:40,nan,0.0,0.0,0.0,0.0,0.0

14/06/2002,10:01:40,nan,0.0,0.0,0.0,0.0,0.0

14/06/2002,10:16:40,nan,0.0,0.0,0.0,0.0,0.0

14/06/2002,10:31:40,nan,0.0,0.0,0.0,0.0,0.0

14/06/2002,10:46:40,nan,0.0,0.0,0.0,0.0,0.0

14/06/2002,11:01:40,nan,0.0,0.0,0.0,0.0,0.0

14/06/2002,11:16:40,nan,0.0,0.0,0.0,0.0,0.0

14/06/2002,11:31:40,nan,0.0,0.0,0.0,0.0,0.0

14/06/2002,11:46:40,nan,0.0,0.0,0.0,0.0,0.0

14/06/2002,12:01:40,nan,0.0,0.0,0.0,0.0,0.0

14/06/2002,12:16:40,nan,0.0,0.0,0.0,0.0,0.0

14/06/2002,12:31:40,nan,0.0,0.0,0.0,0.0,0.0

14/06/2002,12:46:40,nan,0.0,0.0,0.0,0.0,0.0

14/06/2002,13:01:40,nan,0.0,0.0,0.0,0.0,0.0

14/06/2002,13:16:40,nan,0.0,0.0,0.0,0.0,0.0

14/06/2002,13:31:40,nan,0.0,0.0,0.0,0.0,0.0

14/06/2002,13:46:40,nan,0.0,0.0,0.0,0.0,0.0

14/06/2002,14:01:40,nan,0.0,0.0,0.0,0.0,0.0

14/06/2002,14:16:40,nan,0.0,0.0,0.0,0.0,0.0

14/06/2002,14:31:40,nan,0.0,0.0,0.0,0.0,0.0

14/06/2002,14:46:40,nan,0.0,0.0,0.0,0.0,0.0

14/06/2002,15:01:40,nan,0.0,0.0,0.0,0.0,0.0

14/06/2002,15:16:40,nan,0.0,0.0,0.0,0.0,0.0

14/06/2002,15:31:40,nan,0.0,0.0,0.0,0.0,0.0

14/06/2002,15:46:40,nan,0.0,0.0,0.0,0.0,0.0

14/06/2002,16:01:40,nan,0.0,0.0,0.0,0.0,0.0

14/06/2002,16:16:40,nan,0.0,0.0,0.0,0.0,0.0

14/06/2002,16:31:40,nan,0.0,0.0,0.0,0.0,0.0

14/06/2002,16:46:40,nan,0.0,0.0,0.0,0.0,0.0

14/06/2002,17:01:40,nan,0.0,0.0,0.0,0.0,0.0

14/06/2002,17:16:40,nan,0.0,0.0,0.0,0.0,0.0

14/06/2002,17:31:40,nan,0.0,0.0,0.0,0.0,0.0

14/06/2002,17:46:40,nan,0.0,0.0,0.0,0.0,0.0

14/06/2002,18:01:40,nan,0.0,0.0,0.0,0.0,0.0

14/06/2002,18:16:40,nan,0.0,0.0,0.0,0.0,0.0

14/06/2002,18:31:40,nan,0.0,0.0,0.0,0.0,0.0

14/06/2002,18:46:40,nan,0.0,0.0,0.0,0.0,0.0

14/06/2002,19:01:40,nan,0.0,0.0,0.0,0.0,0.0

14/06/2002,19:16:40,nan,0.0,0.0,0.0,0.0,0.0

14/06/2002,19:31:40,nan,0.0,0.0,0.0,0.0,0.0

14/06/2002,19:46:40,nan,0.0,0.0,0.0,0.0,0.0

14/06/2002,20:01:40,nan,0.0,0.0,0.0,0.0,0.0

14/06/2002,20:16:40,nan,0.0,0.0,0.0,0.0,0.0

14/06/2002,20:31:40,nan,0.0,0.0,0.0,0.0,0.0

14/06/2002,20:46:40,nan,0.0,0.0,0.0,0.0,0.0

14/06/2002,21:01:40,nan,0.0,0.0,0.0,0.0,0.0

14/06/2002,21:16:40,nan,0.0,0.0,0.0,0.0,0.0

14/06/2002,21:31:40,nan,0.0,0.0,0.0,0.0,0.0

14/06/2002,21:46:40,nan,0.0,0.0,0.0,0.0,0.0

14/06/2002,22:01:40,nan,0.0,0.0,0.0,0.0,0.0

14/06/2002,22:16:40,nan,0.0,0.0,0.0,0.0,0.0

14/06/2002,22:31:40,nan,0.0,0.0,0.0,0.0,0.0

14/06/2002,22:46:40,nan,0.0,0.0,0.0,0.0,0.0

14/06/2002,23:01:40,nan,0.0,0.0,0.0,0.0,0.0

14/06/2002,23:16:40,nan,0.0,0.0,0.0,0.0,0.0

14/06/2002,23:31:40,nan,0.0,0.0,0.0,0.0,0.0

14/06/2002,23:46:40,nan,0.0,0.0,0.0,0.0,0.0

15/06/2002,00:01:40,nan,0.0,0.0,0.0,0.0,0.0

15/06/2002,00:16:40,nan,0.0,0.0,0.0,0.0,0.0

15/06/2002,00:31:40,nan,0.0,0.0,0.0,0.0,0.0

15/06/2002,00:46:40,nan,0.0,0.0,0.0,0.0,0.0

15/06/2002,01:01:40,nan,0.0,0.0,0.0,0.0,0.0

15/06/2002,01:16:40,nan,0.0,0.0,0.0,0.0,0.0

15/06/2002,01:31:40,nan,0.0,0.0,0.0,0.0,0.0

15/06/2002,01:46:40,nan,0.0,0.0,0.0,0.0,0.0

15/06/2002,02:01:40,nan,0.0,0.0,0.0,0.0,0.0

15/06/2002,02:16:40,nan,0.0,0.0,0.0,0.0,0.0

15/06/2002,02:31:40,nan,0.0,0.0,0.0,0.0,0.0

15/06/2002,02:46:40,nan,0.0,0.0,0.0,0.0,0.0

15/06/2002,03:01:40,nan,0.0,0.0,0.0,0.0,0.0

15/06/2002,03:16:40,nan,0.0,0.0,0.0,0.0,0.0

15/06/2002,03:31:40,nan,0.0,0.0,0.0,0.0,0.0

15/06/2002,03:46:40,nan,0.0,0.0,0.0,0.0,0.0

15/06/2002,04:01:40,nan,0.0,0.0,0.0,0.0,0.0

15/06/2002,04:16:40,nan,0.0,0.0,0.0,0.0,0.0

15/06/2002,04:31:40,nan,0.0,0.0,0.0,0.0,0.0

15/06/2002,04:46:40,nan,0.0,0.0,0.0,0.0,0.0

15/06/2002,05:01:40,nan,0.0,0.0,0.0,0.0,0.0

15/06/2002,05:16:40,nan,0.0,0.0,0.0,0.0,0.0

15/06/2002,05:31:40,nan,0.0,0.0,0.0,0.0,0.0

15/06/2002,05:46:40,nan,0.0,0.0,0.0,0.0,0.0

15/06/2002,06:01:40,nan,0.0,0.0,0.0,0.0,0.0

15/06/2002,06:16:40,nan,0.0,0.0,0.0,0.0,0.0

15/06/2002,06:31:40,nan,0.0,0.0,0.0,0.0,0.0

15/06/2002,06:46:40,nan,0.0,0.0,0.0,0.0,0.0

15/06/2002,07:01:40,nan,0.0,0.0,0.0,0.0,0.0

15/06/2002,07:16:40,nan,0.0,0.0,0.0,0.0,0.0

15/06/2002,07:31:40,nan,0.0,0.0,0.0,0.0,0.0

15/06/2002,07:46:40,nan,0.0,0.0,0.0,0.0,0.0

15/06/2002,08:01:40,nan,0.0,0.0,0.0,0.0,0.0

15/06/2002,08:16:40,nan,0.0,0.0,0.0,0.0,0.0

15/06/2002,08:31:40,nan,0.0,0.0,0.0,0.0,0.0

15/06/2002,08:46:40,nan,0.0,0.0,0.0,0.0,0.0

15/06/2002,09:01:40,nan,0.0,0.0,0.0,0.0,0.0

15/06/2002,09:16:40,nan,0.0,0.0,0.0,0.0,0.0

15/06/2002,09:31:40,nan,0.0,0.0,0.0,0.0,0.0

15/06/2002,09:46:40,nan,0.0,0.0,0.0,0.0,0.0

15/06/2002,10:01:40,nan,0.0,0.0,0.0,0.0,0.0

15/06/2002,10:16:40,nan,0.0,0.0,0.0,0.0,0.0

15/06/2002,10:31:40,nan,0.0,0.0,0.0,0.0,0.0

15/06/2002,10:46:40,nan,0.0,0.0,0.0,0.0,0.0

15/06/2002,11:01:40,nan,0.0,0.0,0.0,0.0,0.0

15/06/2002,11:16:40,nan,0.0,0.0,0.0,0.0,0.0

15/06/2002,11:31:40,nan,0.0,0.0,0.0,0.0,0.0

15/06/2002,11:46:40,nan,0.0,0.0,0.0,0.0,0.0

15/06/2002,12:01:40,nan,0.0,0.0,0.0,0.0,0.0

15/06/2002,12:16:40,nan,0.0,0.0,0.0,0.0,0.0

15/06/2002,12:31:40,nan,0.0,0.0,0.0,0.0,0.0

15/06/2002,12:46:40,nan,0.0,0.0,0.0,0.0,0.0

15/06/2002,13:01:40,nan,0.0,0.0,0.0,0.0,0.0

15/06/2002,13:16:40,nan,0.0,0.0,0.0,0.0,0.0

15/06/2002,13:31:40,nan,0.0,0.0,0.0,0.0,0.0

15/06/2002,13:46:40,nan,0.0,0.0,0.0,0.0,0.0

15/06/2002,14:01:40,nan,0.0,0.0,0.0,0.0,0.0

15/06/2002,14:16:40,nan,0.0,0.0,0.0,0.0,0.0

15/06/2002,14:31:40,nan,0.0,0.0,0.0,0.0,0.0

15/06/2002,14:46:40,nan,0.0,0.0,0.0,0.0,0.0

15/06/2002,15:01:40,nan,0.0,0.0,0.0,0.0,0.0

15/06/2002,15:16:40,nan,0.0,0.0,0.0,0.0,0.0

15/06/2002,15:31:40,nan,0.0,0.0,0.0,0.0,0.0

15/06/2002,15:46:40,nan,0.0,0.0,0.0,0.0,0.0

15/06/2002,16:01:40,nan,0.0,0.0,0.0,0.0,0.0

15/06/2002,16:16:40,nan,0.0,0.0,0.0,0.0,0.0

15/06/2002,16:31:40,nan,0.0,0.0,0.0,0.0,0.0

15/06/2002,16:46:40,nan,0.0,0.0,0.0,0.0,0.0

15/06/2002,17:01:40,nan,0.0,0.0,0.0,0.0,0.0

15/06/2002,17:16:40,nan,0.0,0.0,0.0,0.0,0.0

15/06/2002,17:31:40,nan,0.0,0.0,0.0,0.0,0.0

15/06/2002,17:46:40,nan,0.0,0.0,0.0,0.0,0.0

15/06/2002,18:01:40,nan,0.0,0.0,0.0,0.0,0.0

15/06/2002,18:16:40,nan,0.0,0.0,0.0,0.0,0.0

15/06/2002,18:31:40,nan,0.0,0.0,0.0,0.0,0.0

15/06/2002,18:46:40,nan,0.0,0.0,0.0,0.0,0.0

15/06/2002,19:01:40,nan,0.0,0.0,0.0,0.0,0.0

15/06/2002,19:16:40,nan,0.0,0.0,0.0,0.0,0.0

15/06/2002,19:31:40,nan,0.0,0.0,0.0,0.0,0.0

15/06/2002,19:46:40,nan,0.0,0.0,0.0,0.0,0.0

15/06/2002,20:01:40,nan,0.0,0.0,0.0,0.0,0.0

15/06/2002,20:16:40,nan,0.0,0.0,0.0,0.0,0.0

15/06/2002,20:31:40,nan,0.0,0.0,0.0,0.0,0.0

15/06/2002,20:46:40,nan,0.0,0.0,0.0,0.0,0.0

15/06/2002,21:01:40,nan,0.0,0.0,0.0,0.0,0.0

15/06/2002,21:16:40,nan,0.0,0.0,0.0,0.0,0.0

15/06/2002,21:31:40,nan,0.0,0.0,0.0,0.0,0.0

15/06/2002,21:46:40,nan,0.0,0.0,0.0,0.0,0.0

15/06/2002,22:01:40,nan,0.0,0.0,0.0,0.0,0.0

15/06/2002,22:16:40,nan,0.0,0.0,0.0,0.0,0.0

15/06/2002,22:31:40,nan,0.0,0.0,0.0,0.0,0.0

15/06/2002,22:46:40,nan,0.0,0.0,0.0,0.0,0.0

15/06/2002,23:01:40,nan,0.0,0.0,0.0,0.0,0.0

15/06/2002,23:16:40,nan,0.0,0.0,0.0,0.0,0.0

15/06/2002,23:31:40,nan,0.0,0.0,0.0,0.0,0.0

15/06/2002,23:46:40,nan,0.0,0.0,0.0,0.0,0.0

16/06/2002,00:01:40,nan,0.0,0.0,0.0,0.0,0.0

16/06/2002,00:16:40,nan,0.0,0.0,0.0,0.0,0.0

16/06/2002,00:31:40,nan,0.0,0.0,0.0,0.0,0.0

16/06/2002,00:46:40,nan,0.0,0.0,0.0,0.0,0.0

16/06/2002,01:01:40,nan,0.0,0.0,0.0,0.0,0.0

16/06/2002,01:16:40,nan,0.0,0.0,0.0,0.0,0.0

16/06/2002,01:31:40,nan,0.0,0.0,0.0,0.0,0.0

16/06/2002,01:46:40,nan,0.0,0.0,0.0,0.0,0.0

16/06/2002,02:01:40,nan,0.0,0.0,0.0,0.0,0.0

16/06/2002,02:16:40,nan,0.0,0.0,0.0,0.0,0.0

16/06/2002,02:31:40,nan,0.0,0.0,0.0,0.0,0.0

16/06/2002,02:46:40,nan,0.0,0.0,0.0,0.0,0.0

16/06/2002,03:01:40,nan,0.0,0.0,0.0,0.0,0.0

16/06/2002,03:16:40,nan,0.0,0.0,0.0,0.0,0.0

16/06/2002,03:31:40,nan,0.0,0.0,0.0,0.0,0.0

16/06/2002,03:46:40,nan,0.0,0.0,0.0,0.0,0.0

16/06/2002,04:01:40,nan,0.0,0.0,0.0,0.0,0.0

16/06/2002,04:16:40,nan,0.0,0.0,0.0,0.0,0.0

16/06/2002,04:31:40,nan,0.0,0.0,0.0,0.0,0.0

16/06/2002,04:46:40,nan,0.0,0.0,0.0,0.0,0.0

16/06/2002,05:01:40,nan,0.0,0.0,0.0,0.0,0.0

16/06/2002,05:16:40,nan,0.0,0.0,0.0,0.0,0.0

16/06/2002,05:31:40,nan,0.0,0.0,0.0,0.0,0.0

16/06/2002,05:46:40,nan,0.0,0.0,0.0,0.0,0.0

16/06/2002,06:01:40,nan,0.0,0.0,0.0,0.0,0.0

16/06/2002,06:16:40,nan,0.0,0.0,0.0,0.0,0.0

16/06/2002,06:31:40,nan,0.0,0.0,0.0,0.0,0.0

16/06/2002,06:46:40,nan,0.0,0.0,0.0,0.0,0.0

16/06/2002,07:01:40,nan,0.0,0.0,0.0,0.0,0.0

16/06/2002,07:16:40,nan,0.0,0.0,0.0,0.0,0.0

16/06/2002,07:31:40,nan,0.0,0.0,0.0,0.0,0.0

16/06/2002,07:46:40,nan,0.0,0.0,0.0,0.0,0.0

16/06/2002,08:01:40,nan,0.0,0.0,0.0,0.0,0.0

16/06/2002,08:16:40,nan,0.0,0.0,0.0,0.0,0.0

16/06/2002,08:31:40,nan,0.0,0.0,0.0,0.0,0.0

16/06/2002,08:46:40,nan,0.0,0.0,0.0,0.0,0.0

16/06/2002,09:01:40,nan,0.0,0.0,0.0,0.0,0.0

16/06/2002,09:16:40,nan,0.0,0.0,0.0,0.0,0.0

16/06/2002,09:31:40,nan,0.0,0.0,0.0,0.0,0.0

16/06/2002,09:46:40,nan,0.0,0.0,0.0,0.0,0.0

16/06/2002,10:01:40,nan,0.0,0.0,0.0,0.0,0.0

16/06/2002,10:16:40,nan,0.0,0.0,0.0,0.0,0.0

16/06/2002,10:31:40,nan,0.0,0.0,0.0,0.0,0.0

16/06/2002,10:46:40,nan,0.0,0.0,0.0,0.0,0.0

16/06/2002,11:01:40,nan,0.0,0.0,0.0,0.0,0.0

16/06/2002,11:16:40,nan,0.0,0.0,0.0,0.0,0.0

16/06/2002,11:31:40,nan,0.0,0.0,0.0,0.0,0.0

16/06/2002,11:46:40,nan,0.0,0.0,0.0,0.0,0.0

16/06/2002,12:01:40,nan,0.0,0.0,0.0,0.0,0.0

16/06/2002,12:16:40,nan,0.0,0.0,0.0,0.0,0.0

16/06/2002,12:31:40,nan,0.0,0.0,0.0,0.0,0.0

16/06/2002,12:46:40,nan,0.0,0.0,0.0,0.0,0.0

16/06/2002,13:01:40,nan,0.0,0.0,0.0,0.0,0.0

16/06/2002,13:16:40,nan,0.0,0.0,0.0,0.0,0.0

16/06/2002,13:31:40,nan,0.0,0.0,0.0,0.0,0.0

16/06/2002,13:46:40,nan,0.0,0.0,0.0,0.0,0.0

16/06/2002,14:01:40,nan,0.0,0.0,0.0,0.0,0.0

16/06/2002,14:16:40,nan,0.0,0.0,0.0,0.0,0.0

16/06/2002,14:31:40,nan,0.0,0.0,0.0,0.0,0.0

16/06/2002,14:46:40,nan,0.0,0.0,0.0,0.0,0.0

16/06/2002,15:01:40,nan,0.0,0.0,0.0,0.0,0.0

16/06/2002,15:16:40,nan,0.0,0.0,0.0,0.0,0.0

16/06/2002,15:31:40,nan,0.0,0.0,0.0,0.0,0.0

16/06/2002,15:46:40,nan,0.0,0.0,0.0,0.0,0.0

16/06/2002,16:01:40,nan,0.0,0.0,0.0,0.0,0.0

16/06/2002,16:16:40,nan,0.0,0.0,0.0,0.0,0.0

16/06/2002,16:31:40,nan,0.0,0.0,0.0,0.0,0.0

16/06/2002,16:46:40,nan,0.0,0.0,0.0,0.0,0.0

16/06/2002,17:01:40,nan,0.0,0.0,0.0,0.0,0.0

16/06/2002,17:16:40,nan,0.0,0.0,0.0,0.0,0.0

16/06/2002,17:31:40,nan,0.0,0.0,0.0,0.0,0.0

16/06/2002,17:46:40,nan,0.0,0.0,0.0,0.0,0.0

16/06/2002,18:01:40,nan,0.0,0.0,0.0,0.0,0.0

16/06/2002,18:16:40,nan,0.0,0.0,0.0,0.0,0.0

16/06/2002,18:31:40,nan,0.0,0.0,0.0,0.0,0.0

16/06/2002,18:46:40,nan,0.0,0.0,0.0,0.0,0.0

16/06/2002,19:01:40,nan,0.0,0.0,0.0,0.0,0.0

16/06/2002,19:16:40,nan,0.0,0.0,0.0,0.0,0.0

16/06/2002,19:31:40,nan,0.0,0.0,0.0,0.0,0.0

16/06/2002,19:46:40,nan,0.0,0.0,0.0,0.0,0.0

16/06/2002,20:01:40,nan,0.0,0.0,0.0,0.0,0.0

16/06/2002,20:16:40,nan,0.0,0.0,0.0,0.0,0.0

16/06/2002,20:31:40,nan,0.0,0.0,0.0,0.0,0.0

16/06/2002,20:46:40,nan,0.0,0.0,0.0,0.0,0.0

16/06/2002,21:01:40,nan,0.0,0.0,0.0,0.0,0.0

16/06/2002,21:16:40,nan,0.0,0.0,0.0,0.0,0.0

16/06/2002,21:31:40,nan,0.0,0.0,0.0,0.0,0.0

16/06/2002,21:46:40,nan,0.0,0.0,0.0,0.0,0.0

16/06/2002,22:01:40,nan,0.0,0.0,0.0,0.0,0.0

16/06/2002,22:16:40,nan,0.0,0.0,0.0,0.0,0.0

16/06/2002,22:31:40,nan,0.0,0.0,0.0,0.0,0.0

16/06/2002,22:46:40,nan,0.0,0.0,0.0,0.0,0.0

16/06/2002,23:01:40,nan,0.0,0.0,0.0,0.0,0.0

16/06/2002,23:16:40,nan,0.0,0.0,0.0,0.0,0.0

16/06/2002,23:31:40,nan,0.0,0.0,0.0,0.0,0.0

16/06/2002,23:46:40,nan,0.0,0.0,0.0,0.0,0.0

17/06/2002,00:01:40,nan,0.0,0.0,0.0,0.0,0.0

17/06/2002,00:16:40,nan,0.0,0.0,0.0,0.0,0.0

17/06/2002,00:31:40,nan,0.0,0.0,0.0,0.0,0.0

17/06/2002,00:46:40,nan,0.0,0.0,0.0,0.0,0.0

17/06/2002,01:01:40,nan,0.0,0.0,0.0,0.0,0.0

17/06/2002,01:16:40,nan,0.0,0.0,0.0,0.0,0.0

17/06/2002,01:31:40,nan,0.0,0.0,0.0,0.0,0.0

17/06/2002,01:46:40,nan,0.0,0.0,0.0,0.0,0.0

17/06/2002,02:01:40,nan,0.0,0.0,0.0,0.0,0.0

17/06/2002,02:16:40,nan,0.0,0.0,0.0,0.0,0.0

17/06/2002,02:31:40,nan,0.0,0.0,0.0,0.0,0.0

17/06/2002,02:46:40,nan,0.0,0.0,0.0,0.0,0.0

17/06/2002,03:01:40,nan,0.0,0.0,0.0,0.0,0.0

17/06/2002,03:16:40,nan,0.0,0.0,0.0,0.0,0.0

17/06/2002,03:31:40,nan,0.0,0.0,0.0,0.0,0.0

17/06/2002,03:46:40,nan,0.0,0.0,0.0,0.0,0.0

17/06/2002,04:01:40,nan,0.0,0.0,0.0,0.0,0.0

17/06/2002,04:16:40,nan,0.0,0.0,0.0,0.0,0.0

17/06/2002,04:31:40,nan,0.0,0.0,0.0,0.0,0.0

17/06/2002,04:46:40,nan,0.0,0.0,0.0,0.0,0.0

17/06/2002,05:01:40,nan,0.0,0.0,0.0,0.0,0.0

17/06/2002,05:16:40,nan,0.0,0.0,0.0,0.0,0.0

17/06/2002,05:31:40,nan,0.0,0.0,0.0,0.0,0.0

17/06/2002,05:46:40,nan,0.0,0.0,0.0,0.0,0.0

17/06/2002,06:01:40,nan,0.0,0.0,0.0,0.0,0.0

17/06/2002,06:16:40,nan,0.0,0.0,0.0,0.0,0.0

17/06/2002,06:31:40,nan,0.0,0.0,0.0,0.0,0.0

17/06/2002,06:46:40,nan,0.0,0.0,0.0,0.0,0.0

17/06/2002,07:01:40,nan,0.0,0.0,0.0,0.0,0.0

17/06/2002,07:16:40,nan,0.0,0.0,0.0,0.0,0.0

17/06/2002,07:31:40,nan,0.0,0.0,0.0,0.0,0.0

17/06/2002,07:46:40,nan,0.0,0.0,0.0,0.0,0.0

17/06/2002,08:01:40,nan,0.0,0.0,0.0,0.0,0.0

17/06/2002,08:16:40,nan,0.0,0.0,0.0,0.0,0.0

17/06/2002,08:31:40,nan,0.0,0.0,0.0,0.0,0.0

17/06/2002,08:46:40,nan,0.0,0.0,0.0,0.0,0.0

17/06/2002,09:01:40,nan,0.0,0.0,0.0,0.0,0.0

17/06/2002,09:16:40,nan,0.0,0.0,0.0,0.0,0.0

17/06/2002,09:31:40,nan,0.0,0.0,0.0,0.0,0.0

17/06/2002,09:46:40,nan,0.0,0.0,0.0,0.0,0.0

17/06/2002,10:01:40,nan,0.0,0.0,0.0,0.0,0.0

17/06/2002,10:16:40,nan,0.0,0.0,0.0,0.0,0.0

17/06/2002,10:31:40,nan,0.0,0.0,0.0,0.0,0.0

17/06/2002,10:46:40,nan,0.0,0.0,0.0,0.0,0.0

17/06/2002,11:01:40,nan,0.0,0.0,0.0,0.0,0.0

17/06/2002,11:16:40,nan,0.0,0.0,0.0,0.0,0.0

17/06/2002,11:31:40,nan,0.0,0.0,0.0,0.0,0.0

17/06/2002,11:46:40,nan,0.0,0.0,0.0,0.0,0.0

17/06/2002,12:01:40,nan,0.0,0.0,0.0,0.0,0.0

17/06/2002,12:16:40,nan,0.0,0.0,0.0,0.0,0.0

17/06/2002,12:31:40,nan,0.0,0.0,0.0,0.0,0.0

17/06/2002,12:46:40,nan,0.0,0.0,0.0,0.0,0.0

17/06/2002,13:01:40,nan,0.0,0.0,0.0,0.0,0.0

17/06/2002,13:16:40,nan,0.0,0.0,0.0,0.0,0.0

17/06/2002,13:31:40,nan,0.0,0.0,0.0,0.0,0.0

17/06/2002,13:46:40,nan,0.0,0.0,0.0,0.0,0.0

17/06/2002,14:01:40,nan,0.0,0.0,0.0,0.0,0.0

17/06/2002,14:16:40,nan,0.0,0.0,0.0,0.0,0.0

17/06/2002,14:31:40,nan,0.0,0.0,0.0,0.0,0.0

17/06/2002,14:46:40,nan,0.0,0.0,0.0,0.0,0.0

17/06/2002,15:01:40,nan,0.0,0.0,0.0,0.0,0.0

17/06/2002,15:16:40,nan,0.0,0.0,0.0,0.0,0.0

17/06/2002,15:31:40,nan,0.0,0.0,0.0,0.0,0.0

17/06/2002,15:46:40,nan,0.0,0.0,0.0,0.0,0.0

17/06/2002,16:01:40,nan,0.0,0.0,0.0,0.0,0.0

17/06/2002,16:16:40,nan,0.0,0.0,0.0,0.0,0.0

17/06/2002,16:31:40,nan,0.0,0.0,0.0,0.0,0.0

17/06/2002,16:46:40,nan,0.0,0.0,0.0,0.0,0.0

17/06/2002,17:01:40,nan,0.0,0.0,0.0,0.0,0.0

17/06/2002,17:16:40,nan,0.0,0.0,0.0,0.0,0.0

17/06/2002,17:31:40,nan,0.0,0.0,0.0,0.0,0.0

17/06/2002,17:46:40,nan,0.0,0.0,0.0,0.0,0.0

17/06/2002,18:01:40,nan,0.0,0.0,0.0,0.0,0.0

17/06/2002,18:16:40,nan,0.0,0.0,0.0,0.0,0.0

17/06/2002,18:31:40,nan,0.0,0.0,0.0,0.0,0.0

17/06/2002,18:46:40,nan,0.0,0.0,0.0,0.0,0.0

17/06/2002,19:01:40,nan,0.0,0.0,0.0,0.0,0.0

17/06/2002,19:16:40,nan,0.0,0.0,0.0,0.0,0.0

17/06/2002,19:31:40,nan,0.0,0.0,0.0,0.0,0.0

17/06/2002,19:46:40,nan,0.0,0.0,0.0,0.0,0.0

17/06/2002,20:01:40,nan,0.0,0.0,0.0,0.0,0.0

17/06/2002,20:16:40,nan,0.0,0.0,0.0,0.0,0.0

17/06/2002,20:31:40,nan,0.0,0.0,0.0,0.0,0.0

17/06/2002,20:46:40,nan,0.0,0.0,0.0,0.0,0.0

17/06/2002,21:01:40,nan,0.0,0.0,0.0,0.0,0.0

17/06/2002,21:16:40,nan,0.0,0.0,0.0,0.0,0.0

17/06/2002,21:31:40,nan,0.0,0.0,0.0,0.0,0.0

17/06/2002,21:46:40,nan,0.0,0.0,0.0,0.0,0.0

17/06/2002,22:01:40,nan,0.0,0.0,0.0,0.0,0.0

17/06/2002,22:16:40,nan,0.0,0.0,0.0,0.0,0.0

17/06/2002,22:31:40,nan,0.0,0.0,0.0,0.0,0.0

17/06/2002,22:46:40,nan,0.0,0.0,0.0,0.0,0.0

17/06/2002,23:01:40,nan,0.0,0.0,0.0,0.0,0.0

17/06/2002,23:16:40,nan,0.0,0.0,0.0,0.0,0.0

17/06/2002,23:31:40,nan,0.0,0.0,0.0,0.0,0.0

17/06/2002,23:46:40,nan,0.0,0.0,0.0,0.0,0.0

18/06/2002,00:01:40,nan,0.0,0.0,0.0,0.0,0.0

18/06/2002,00:16:40,nan,0.0,0.0,0.0,0.0,0.0

18/06/2002,00:31:40,nan,0.0,0.0,0.0,0.0,0.0

18/06/2002,00:46:40,nan,0.0,0.0,0.0,0.0,0.0

18/06/2002,01:01:40,nan,0.0,0.0,0.0,0.0,0.0

18/06/2002,01:16:40,nan,0.0,0.0,0.0,0.0,0.0

18/06/2002,01:31:40,nan,0.0,0.0,0.0,0.0,0.0

18/06/2002,01:46:40,nan,0.0,0.0,0.0,0.0,0.0

18/06/2002,02:01:40,nan,0.0,0.0,0.0,0.0,0.0

18/06/2002,02:16:40,nan,0.0,0.0,0.0,0.0,0.0

18/06/2002,02:31:40,nan,0.0,0.0,0.0,0.0,0.0

18/06/2002,02:46:40,nan,0.0,0.0,0.0,0.0,0.0

18/06/2002,03:01:40,nan,0.0,0.0,0.0,0.0,0.0

18/06/2002,03:16:40,nan,0.0,0.0,0.0,0.0,0.0

18/06/2002,03:31:40,nan,0.0,0.0,0.0,0.0,0.0

18/06/2002,03:46:40,nan,0.0,0.0,0.0,0.0,0.0

18/06/2002,04:01:40,nan,0.0,0.0,0.0,0.0,0.0

18/06/2002,04:16:40,nan,0.0,0.0,0.0,0.0,0.0

18/06/2002,04:31:40,nan,0.0,0.0,0.0,0.0,0.0

18/06/2002,04:46:40,nan,0.0,0.0,0.0,0.0,0.0

18/06/2002,05:01:40,nan,0.0,0.0,0.0,0.0,0.0

18/06/2002,05:16:40,nan,0.0,0.0,0.0,0.0,0.0

18/06/2002,05:31:40,nan,0.0,0.0,0.0,0.0,0.0

18/06/2002,05:46:40,nan,0.0,0.0,0.0,0.0,0.0

18/06/2002,06:01:40,nan,0.0,0.0,0.0,0.0,0.0

18/06/2002,06:16:40,nan,0.0,0.0,0.0,0.0,0.0

18/06/2002,06:31:40,nan,0.0,0.0,0.0,0.0,0.0

18/06/2002,06:46:40,nan,0.0,0.0,0.0,0.0,0.0

18/06/2002,07:01:40,nan,0.0,0.0,0.0,0.0,0.0

18/06/2002,07:16:40,nan,0.0,0.0,0.0,0.0,0.0

18/06/2002,07:31:40,nan,0.0,0.0,0.0,0.0,0.0

18/06/2002,07:46:40,nan,0.0,0.0,0.0,0.0,0.0

18/06/2002,08:01:40,nan,0.0,0.0,0.0,0.0,0.0

18/06/2002,08:16:40,nan,0.0,0.0,0.0,0.0,0.0

18/06/2002,08:31:40,nan,0.0,0.0,0.0,0.0,0.0

18/06/2002,08:46:40,nan,0.0,0.0,0.0,0.0,0.0

18/06/2002,09:01:40,nan,0.0,0.0,0.0,0.0,0.0

18/06/2002,09:16:40,nan,0.0,0.0,0.0,0.0,0.0

18/06/2002,09:31:40,nan,0.0,0.0,0.0,0.0,0.0

18/06/2002,09:46:40,nan,0.0,0.0,0.0,0.0,0.0

18/06/2002,10:01:40,nan,0.0,0.0,0.0,0.0,0.0

18/06/2002,10:16:40,nan,0.0,0.0,0.0,0.0,0.0

18/06/2002,10:31:40,nan,0.0,0.0,0.0,0.0,0.0

18/06/2002,10:46:40,nan,0.0,0.0,0.0,0.0,0.0

18/06/2002,11:01:40,nan,0.0,0.0,0.0,0.0,0.0

18/06/2002,11:16:40,nan,0.0,0.0,0.0,0.0,0.0

18/06/2002,11:31:40,nan,0.0,0.0,0.0,0.0,0.0

18/06/2002,11:46:40,nan,0.0,0.0,0.0,0.0,0.0

18/06/2002,12:01:40,nan,0.0,0.0,0.0,0.0,0.0

18/06/2002,12:16:40,nan,0.0,0.0,0.0,0.0,0.0

18/06/2002,12:31:40,nan,0.0,0.0,0.0,0.0,0.0

18/06/2002,12:46:40,nan,0.0,0.0,0.0,0.0,0.0

18/06/2002,13:01:40,nan,0.0,0.0,0.0,0.0,0.0

18/06/2002,13:16:40,nan,0.0,0.0,0.0,0.0,0.0

18/06/2002,13:31:40,nan,0.0,0.0,0.0,0.0,0.0

18/06/2002,13:46:40,nan,0.0,0.0,0.0,0.0,0.0

18/06/2002,14:01:40,nan,0.0,0.0,0.0,0.0,0.0

18/06/2002,14:16:40,nan,0.0,0.0,0.0,0.0,0.0

18/06/2002,14:31:40,nan,0.0,0.0,0.0,0.0,0.0

18/06/2002,14:46:40,nan,0.0,0.0,0.0,0.0,0.0

18/06/2002,15:01:40,nan,0.0,0.0,0.0,0.0,0.0

18/06/2002,15:16:40,nan,0.0,0.0,0.0,0.0,0.0

18/06/2002,15:31:40,nan,0.0,0.0,0.0,0.0,0.0

18/06/2002,15:46:40,nan,0.0,0.0,0.0,0.0,0.0

18/06/2002,16:01:40,nan,0.0,0.0,0.0,0.0,0.0

18/06/2002,16:16:40,nan,0.0,0.0,0.0,0.0,0.0

18/06/2002,16:31:40,nan,0.0,0.0,0.0,0.0,0.0

18/06/2002,16:46:40,nan,0.0,0.0,0.0,0.0,0.0

18/06/2002,17:01:40,nan,0.0,0.0,0.0,0.0,0.0

18/06/2002,17:16:40,nan,0.0,0.0,0.0,0.0,0.0

18/06/2002,17:31:40,nan,0.0,0.0,0.0,0.0,0.0

18/06/2002,17:46:40,nan,0.0,0.0,0.0,0.0,0.0

18/06/2002,18:01:40,nan,0.0,0.0,0.0,0.0,0.0

18/06/2002,18:16:40,nan,0.0,0.0,0.0,0.0,0.0

18/06/2002,18:31:40,nan,0.0,0.0,0.0,0.0,0.0

18/06/2002,18:46:40,nan,0.0,0.0,0.0,0.0,0.0

18/06/2002,19:01:40,nan,0.0,0.0,0.0,0.0,0.0

18/06/2002,19:16:40,nan,0.0,0.0,0.0,0.0,0.0

18/06/2002,19:31:40,nan,0.0,0.0,0.0,0.0,0.0

18/06/2002,19:46:40,nan,0.0,0.0,0.0,0.0,0.0

18/06/2002,20:01:40,nan,0.0,0.0,0.0,0.0,0.0

18/06/2002,20:16:40,nan,0.0,0.0,0.0,0.0,0.0

18/06/2002,20:31:40,nan,0.0,0.0,0.0,0.0,0.0

18/06/2002,20:46:40,nan,0.0,0.0,0.0,0.0,0.0

18/06/2002,21:01:40,nan,0.0,0.0,0.0,0.0,0.0

18/06/2002,21:16:40,nan,0.0,0.0,0.0,0.0,0.0

18/06/2002,21:31:40,nan,0.0,0.0,0.0,0.0,0.0

18/06/2002,21:46:40,nan,0.0,0.0,0.0,0.0,0.0

18/06/2002,22:01:40,nan,0.0,0.0,0.0,0.0,0.0

18/06/2002,22:16:40,nan,0.0,0.0,0.0,0.0,0.0

18/06/2002,22:31:40,nan,0.0,0.0,0.0,0.0,0.0

18/06/2002,22:46:40,nan,0.0,0.0,0.0,0.0,0.0

18/06/2002,23:01:40,nan,0.0,0.0,0.0,0.0,0.0

18/06/2002,23:16:40,nan,0.0,0.0,0.0,0.0,0.0

18/06/2002,23:31:40,nan,0.0,0.0,0.0,0.0,0.0

18/06/2002,23:46:40,nan,0.0,0.0,0.0,0.0,0.0

19/06/2002,00:01:40,nan,0.0,0.0,0.0,0.0,0.0

19/06/2002,00:16:40,nan,0.0,0.0,0.0,0.0,0.0

19/06/2002,00:31:40,nan,0.0,0.0,0.0,0.0,0.0

19/06/2002,00:46:40,nan,0.0,0.0,0.0,0.0,0.0

19/06/2002,01:01:40,nan,0.0,0.0,0.0,0.0,0.0

19/06/2002,01:16:40,nan,0.0,0.0,0.0,0.0,0.0

19/06/2002,01:31:40,nan,0.0,0.0,0.0,0.0,0.0

19/06/2002,01:46:40,nan,0.0,0.0,0.0,0.0,0.0

19/06/2002,02:01:40,nan,0.0,0.0,0.0,0.0,0.0

19/06/2002,02:16:40,nan,0.0,0.0,0.0,0.0,0.0

19/06/2002,02:31:40,nan,0.0,0.0,0.0,0.0,0.0

19/06/2002,02:46:40,nan,0.0,0.0,0.0,0.0,0.0

19/06/2002,03:01:40,nan,0.0,0.0,0.0,0.0,0.0

19/06/2002,03:16:40,nan,0.0,0.0,0.0,0.0,0.0

19/06/2002,03:31:40,nan,0.0,0.0,0.0,0.0,0.0

19/06/2002,03:46:40,nan,0.0,0.0,0.0,0.0,0.0

19/06/2002,04:01:40,nan,0.0,0.0,0.0,0.0,0.0

19/06/2002,04:16:40,nan,0.0,0.0,0.0,0.0,0.0

19/06/2002,04:31:40,nan,0.0,0.0,0.0,0.0,0.0

19/06/2002,04:46:40,nan,0.0,0.0,0.0,0.0,0.0

19/06/2002,05:01:40,nan,0.0,0.0,0.0,0.0,0.0

19/06/2002,05:16:40,nan,0.0,0.0,0.0,0.0,0.0

19/06/2002,05:31:40,nan,0.0,0.0,0.0,0.0,0.0

19/06/2002,05:46:40,nan,0.0,0.0,0.0,0.0,0.0

19/06/2002,06:01:40,nan,0.0,0.0,0.0,0.0,0.0

19/06/2002,06:16:40,nan,0.0,0.0,0.0,0.0,0.0

19/06/2002,06:31:40,nan,0.0,0.0,0.0,0.0,0.0

19/06/2002,06:46:40,nan,0.0,0.0,0.0,0.0,0.0

19/06/2002,07:01:40,nan,0.0,0.0,0.0,0.0,0.0

19/06/2002,07:16:40,nan,0.0,0.0,0.0,0.0,0.0

19/06/2002,07:31:40,nan,0.0,0.0,0.0,0.0,0.0

19/06/2002,07:46:40,nan,0.0,0.0,0.0,0.0,0.0

19/06/2002,08:01:40,nan,0.0,0.0,0.0,0.0,0.0

19/06/2002,08:16:40,nan,0.0,0.0,0.0,0.0,0.0

19/06/2002,08:31:40,nan,0.0,0.0,0.0,0.0,0.0

19/06/2002,08:46:40,nan,0.0,0.0,0.0,0.0,0.0

19/06/2002,09:01:40,nan,0.0,0.0,0.0,0.0,0.0

19/06/2002,09:16:40,nan,0.0,0.0,0.0,0.0,0.0

19/06/2002,09:31:40,nan,0.0,0.0,0.0,0.0,0.0

19/06/2002,09:46:40,nan,0.0,0.0,0.0,0.0,0.0

19/06/2002,10:01:40,nan,0.0,0.0,0.0,0.0,0.0

19/06/2002,10:16:40,nan,0.0,0.0,0.0,0.0,0.0

19/06/2002,10:31:40,nan,0.0,0.0,0.0,0.0,0.0

19/06/2002,10:46:40,nan,0.0,0.0,0.0,0.0,0.0

19/06/2002,11:01:40,nan,0.0,0.0,0.0,0.0,0.0

19/06/2002,11:16:40,nan,0.0,0.0,0.0,0.0,0.0

19/06/2002,11:31:40,nan,0.0,0.0,0.0,0.0,0.0

19/06/2002,11:46:40,nan,0.0,0.0,0.0,0.0,0.0

19/06/2002,12:01:40,nan,0.0,0.0,0.0,0.0,0.0

19/06/2002,12:16:40,nan,0.0,0.0,0.0,0.0,0.0

19/06/2002,12:31:40,nan,0.0,0.0,0.0,0.0,0.0

19/06/2002,12:46:40,nan,0.0,0.0,0.0,0.0,0.0

19/06/2002,13:01:40,nan,0.0,0.0,0.0,0.0,0.0

19/06/2002,13:16:40,nan,0.0,0.0,0.0,0.0,0.0

19/06/2002,13:31:40,nan,0.0,0.0,0.0,0.0,0.0

19/06/2002,13:46:40,nan,0.0,0.0,0.0,0.0,0.0

19/06/2002,14:01:40,nan,0.0,0.0,0.0,0.0,0.0

19/06/2002,14:16:40,nan,0.0,0.0,0.0,0.0,0.0

19/06/2002,14:31:40,nan,0.0,0.0,0.0,0.0,0.0

19/06/2002,14:46:40,nan,0.0,0.0,0.0,0.0,0.0

19/06/2002,15:01:40,nan,0.0,0.0,0.0,0.0,0.0

19/06/2002,15:16:40,nan,0.0,0.0,0.0,0.0,0.0

19/06/2002,15:31:40,nan,0.0,0.0,0.0,0.0,0.0

19/06/2002,15:46:40,nan,0.0,0.0,0.0,0.0,0.0

19/06/2002,16:01:40,nan,0.0,0.0,0.0,0.0,0.0

19/06/2002,16:16:40,nan,0.0,0.0,0.0,0.0,0.0

19/06/2002,16:31:40,nan,0.0,0.0,0.0,0.0,0.0

19/06/2002,16:46:40,nan,0.0,0.0,0.0,0.0,0.0

19/06/2002,17:01:40,nan,0.0,0.0,0.0,0.0,0.0

19/06/2002,17:16:40,nan,0.0,0.0,0.0,0.0,0.0

19/06/2002,17:31:40,nan,0.0,0.0,0.0,0.0,0.0

19/06/2002,17:46:40,nan,0.0,0.0,0.0,0.0,0.0

19/06/2002,18:01:40,nan,0.0,0.0,0.0,0.0,0.0

19/06/2002,18:16:40,nan,0.0,0.0,0.0,0.0,0.0

19/06/2002,18:31:40,nan,0.0,0.0,0.0,0.0,0.0

19/06/2002,18:46:40,nan,0.0,0.0,0.0,0.0,0.0

19/06/2002,19:01:40,nan,0.0,0.0,0.0,0.0,0.0

19/06/2002,19:16:40,nan,0.0,0.0,0.0,0.0,0.0

19/06/2002,19:31:40,nan,0.0,0.0,0.0,0.0,0.0

19/06/2002,19:46:40,nan,0.0,0.0,0.0,0.0,0.0

19/06/2002,20:01:40,nan,0.0,0.0,0.0,0.0,0.0

19/06/2002,20:16:40,nan,0.0,0.0,0.0,0.0,0.0

19/06/2002,20:31:40,nan,0.0,0.0,0.0,0.0,0.0

19/06/2002,20:46:40,nan,0.0,0.0,0.0,0.0,0.0

19/06/2002,21:01:40,nan,0.0,0.0,0.0,0.0,0.0

19/06/2002,21:16:40,nan,0.0,0.0,0.0,0.0,0.0

19/06/2002,21:31:40,nan,0.0,0.0,0.0,0.0,0.0

19/06/2002,21:46:40,nan,0.0,0.0,0.0,0.0,0.0

19/06/2002,22:01:40,nan,0.0,0.0,0.0,0.0,0.0

19/06/2002,22:16:40,nan,0.0,0.0,0.0,0.0,0.0

19/06/2002,22:31:40,nan,0.0,0.0,0.0,0.0,0.0

19/06/2002,22:46:40,nan,0.0,0.0,0.0,0.0,0.0

19/06/2002,23:01:40,nan,0.0,0.0,0.0,0.0,0.0

19/06/2002,23:16:40,nan,0.0,0.0,0.0,0.0,0.0

19/06/2002,23:31:40,nan,0.0,0.0,0.0,0.0,0.0

19/06/2002,23:46:40,nan,0.0,0.0,0.0,0.0,0.0

20/06/2002,00:01:40,nan,0.0,0.0,0.0,0.0,0.0

20/06/2002,00:16:40,nan,0.0,0.0,0.0,0.0,0.0

20/06/2002,00:31:40,nan,0.0,0.0,0.0,0.0,0.0

20/06/2002,00:46:40,nan,0.0,0.0,0.0,0.0,0.0

20/06/2002,01:01:40,nan,0.0,0.0,0.0,0.0,0.0

20/06/2002,01:16:40,nan,0.0,0.0,0.0,0.0,0.0

20/06/2002,01:31:40,nan,0.0,0.0,0.0,0.0,0.0

20/06/2002,01:46:40,nan,0.0,0.0,0.0,0.0,0.0

20/06/2002,02:01:40,nan,0.0,0.0,0.0,0.0,0.0

20/06/2002,02:16:40,nan,0.0,0.0,0.0,0.0,0.0

20/06/2002,02:31:40,nan,0.0,0.0,0.0,0.0,0.0

20/06/2002,02:46:40,nan,0.0,0.0,0.0,0.0,0.0

20/06/2002,03:01:40,nan,0.0,0.0,0.0,0.0,0.0

20/06/2002,03:16:40,nan,0.0,0.0,0.0,0.0,0.0

20/06/2002,03:31:40,nan,0.0,0.0,0.0,0.0,0.0

20/06/2002,03:46:40,nan,0.0,0.0,0.0,0.0,0.0

20/06/2002,04:01:40,nan,0.0,0.0,0.0,0.0,0.0

20/06/2002,04:16:40,nan,0.0,0.0,0.0,0.0,0.0

20/06/2002,04:31:40,nan,0.0,0.0,0.0,0.0,0.0

20/06/2002,04:46:40,nan,0.0,0.0,0.0,0.0,0.0

20/06/2002,05:01:40,nan,0.0,0.0,0.0,0.0,0.0

20/06/2002,05:16:40,nan,0.0,0.0,0.0,0.0,0.0

20/06/2002,05:31:40,nan,0.0,0.0,0.0,0.0,0.0

20/06/2002,05:46:40,nan,0.0,0.0,0.0,0.0,0.0

20/06/2002,06:01:40,nan,0.0,0.0,0.0,0.0,0.0

20/06/2002,06:16:40,nan,0.0,0.0,0.0,0.0,0.0

20/06/2002,06:31:40,nan,0.0,0.0,0.0,0.0,0.0

20/06/2002,06:46:40,nan,0.0,0.0,0.0,0.0,0.0

20/06/2002,07:01:40,nan,0.0,0.0,0.0,0.0,0.0

20/06/2002,07:16:40,nan,0.0,0.0,0.0,0.0,0.0

20/06/2002,07:31:40,nan,0.0,0.0,0.0,0.0,0.0

20/06/2002,07:46:40,nan,0.0,0.0,0.0,0.0,0.0

20/06/2002,08:01:40,nan,0.0,0.0,0.0,0.0,0.0

20/06/2002,08:16:40,nan,0.0,0.0,0.0,0.0,0.0

20/06/2002,08:31:40,nan,0.0,0.0,0.0,0.0,0.0

20/06/2002,08:46:40,nan,0.0,0.0,0.0,0.0,0.0

20/06/2002,09:01:40,nan,0.0,0.0,0.0,0.0,0.0

20/06/2002,09:16:40,nan,0.0,0.0,0.0,0.0,0.0

20/06/2002,09:31:40,nan,0.0,0.0,0.0,0.0,0.0

20/06/2002,09:46:40,nan,0.0,0.0,0.0,0.0,0.0

20/06/2002,10:01:40,nan,0.0,0.0,0.0,0.0,0.0

20/06/2002,10:16:40,nan,0.0,0.0,0.0,0.0,0.0

20/06/2002,10:31:40,nan,0.0,0.0,0.0,0.0,0.0

20/06/2002,10:46:40,nan,0.0,0.0,0.0,0.0,0.0

20/06/2002,11:01:40,nan,0.0,0.0,0.0,0.0,0.0

20/06/2002,11:16:40,nan,0.0,0.0,0.0,0.0,0.0

20/06/2002,11:31:40,nan,0.0,0.0,0.0,0.0,0.0

20/06/2002,11:46:40,nan,0.0,0.0,0.0,0.0,0.0

20/06/2002,12:01:40,nan,0.0,0.0,0.0,0.0,0.0

20/06/2002,12:16:40,nan,0.0,0.0,0.0,0.0,0.0

20/06/2002,12:31:40,nan,0.0,0.0,0.0,0.0,0.0

20/06/2002,12:46:40,nan,0.0,0.0,0.0,0.0,0.0

20/06/2002,13:01:40,nan,0.0,0.0,0.0,0.0,0.0

20/06/2002,13:16:40,nan,0.0,0.0,0.0,0.0,0.0

20/06/2002,13:31:40,nan,0.0,0.0,0.0,0.0,0.0

20/06/2002,13:46:40,nan,0.0,0.0,0.0,0.0,0.0

20/06/2002,14:01:40,nan,0.0,0.0,0.0,0.0,0.0

20/06/2002,14:16:40,nan,0.0,0.0,0.0,0.0,0.0

20/06/2002,14:31:40,nan,0.0,0.0,0.0,0.0,0.0

20/06/2002,14:46:40,nan,0.0,0.0,0.0,0.0,0.0

20/06/2002,15:01:40,nan,0.0,0.0,0.0,0.0,0.0

20/06/2002,15:16:40,nan,0.0,0.0,0.0,0.0,0.0

20/06/2002,15:31:40,nan,0.0,0.0,0.0,0.0,0.0

20/06/2002,15:46:40,nan,0.0,0.0,0.0,0.0,0.0

20/06/2002,16:01:40,nan,0.0,0.0,0.0,0.0,0.0

20/06/2002,16:16:40,nan,0.0,0.0,0.0,0.0,0.0

20/06/2002,16:31:40,nan,0.0,0.0,0.0,0.0,0.0

20/06/2002,16:46:40,nan,0.0,0.0,0.0,0.0,0.0

20/06/2002,17:01:40,nan,0.0,0.0,0.0,0.0,0.0

20/06/2002,17:16:40,nan,0.0,0.0,0.0,0.0,0.0

20/06/2002,17:31:40,nan,0.0,0.0,0.0,0.0,0.0

20/06/2002,17:46:40,nan,0.0,0.0,0.0,0.0,0.0

20/06/2002,18:01:40,nan,0.0,0.0,0.0,0.0,0.0

20/06/2002,18:16:40,nan,0.0,0.0,0.0,0.0,0.0

20/06/2002,18:31:40,nan,0.0,0.0,0.0,0.0,0.0

20/06/2002,18:46:40,nan,0.0,0.0,0.0,0.0,0.0

20/06/2002,19:01:40,nan,0.0,0.0,0.0,0.0,0.0

20/06/2002,19:16:40,nan,0.0,0.0,0.0,0.0,0.0

20/06/2002,19:31:40,nan,0.0,0.0,0.0,0.0,0.0

20/06/2002,19:46:40,nan,0.0,0.0,0.0,0.0,0.0

20/06/2002,20:01:40,nan,0.0,0.0,0.0,0.0,0.0

20/06/2002,20:16:40,nan,0.0,0.0,0.0,0.0,0.0

20/06/2002,20:31:40,nan,0.0,0.0,0.0,0.0,0.0

20/06/2002,20:46:40,nan,0.0,0.0,0.0,0.0,0.0

20/06/2002,21:01:40,nan,0.0,0.0,0.0,0.0,0.0

20/06/2002,21:16:40,nan,0.0,0.0,0.0,0.0,0.0

20/06/2002,21:31:40,nan,0.0,0.0,0.0,0.0,0.0

20/06/2002,21:46:40,nan,0.0,0.0,0.0,0.0,0.0

20/06/2002,22:01:40,nan,0.0,0.0,0.0,0.0,0.0

20/06/2002,22:16:40,nan,0.0,0.0,0.0,0.0,0.0

20/06/2002,22:31:40,nan,0.0,0.0,0.0,0.0,0.0

20/06/2002,22:46:40,nan,0.0,0.0,0.0,0.0,0.0

20/06/2002,23:01:40,nan,0.0,0.0,0.0,0.0,0.0

20/06/2002,23:16:40,nan,0.0,0.0,0.0,0.0,0.0

20/06/2002,23:31:40,nan,0.0,0.0,0.0,0.0,0.0

20/06/2002,23:46:40,nan,0.0,0.0,0.0,0.0,0.0

21/06/2002,00:01:40,nan,0.0,0.0,0.0,0.0,0.0

21/06/2002,00:16:40,nan,0.0,0.0,0.0,0.0,0.0

21/06/2002,00:31:40,nan,0.0,0.0,0.0,0.0,0.0

21/06/2002,00:46:40,nan,0.0,0.0,0.0,0.0,0.0

21/06/2002,01:01:40,nan,0.0,0.0,0.0,0.0,0.0

21/06/2002,01:16:40,nan,0.0,0.0,0.0,0.0,0.0

21/06/2002,01:31:40,nan,0.0,0.0,0.0,0.0,0.0

21/06/2002,01:46:40,nan,0.0,0.0,0.0,0.0,0.0

21/06/2002,02:01:40,nan,0.0,0.0,0.0,0.0,0.0

21/06/2002,02:16:40,nan,0.0,0.0,0.0,0.0,0.0

21/06/2002,02:31:40,nan,0.0,0.0,0.0,0.0,0.0

21/06/2002,02:46:40,nan,0.0,0.0,0.0,0.0,0.0

21/06/2002,03:01:40,nan,0.0,0.0,0.0,0.0,0.0

21/06/2002,03:16:40,nan,0.0,0.0,0.0,0.0,0.0

21/06/2002,03:31:40,nan,0.0,0.0,0.0,0.0,0.0

21/06/2002,03:46:40,nan,0.0,0.0,0.0,0.0,0.0

21/06/2002,04:01:40,nan,0.0,0.0,0.0,0.0,0.0

21/06/2002,04:16:40,nan,0.0,0.0,0.0,0.0,0.0

21/06/2002,04:31:40,nan,0.0,0.0,0.0,0.0,0.0

21/06/2002,04:46:40,nan,0.0,0.0,0.0,0.0,0.0

21/06/2002,05:01:40,nan,0.0,0.0,0.0,0.0,0.0

21/06/2002,05:16:40,nan,0.0,0.0,0.0,0.0,0.0

21/06/2002,05:31:40,nan,0.0,0.0,0.0,0.0,0.0

21/06/2002,05:46:40,nan,0.0,0.0,0.0,0.0,0.0

21/06/2002,06:01:40,nan,0.0,0.0,0.0,0.0,0.0

21/06/2002,06:16:40,nan,0.0,0.0,0.0,0.0,0.0

21/06/2002,06:31:40,nan,0.0,0.0,0.0,0.0,0.0

21/06/2002,06:46:40,nan,0.0,0.0,0.0,0.0,0.0

21/06/2002,07:01:40,nan,0.0,0.0,0.0,0.0,0.0

21/06/2002,07:16:40,nan,0.0,0.0,0.0,0.0,0.0

21/06/2002,07:31:40,nan,0.0,0.0,0.0,0.0,0.0

21/06/2002,07:46:40,nan,0.0,0.0,0.0,0.0,0.0

21/06/2002,08:01:40,nan,0.0,0.0,0.0,0.0,0.0

21/06/2002,08:16:40,nan,0.0,0.0,0.0,0.0,0.0

21/06/2002,08:31:40,nan,0.0,0.0,0.0,0.0,0.0

21/06/2002,08:46:40,nan,0.0,0.0,0.0,0.0,0.0

21/06/2002,09:01:40,nan,0.0,0.0,0.0,0.0,0.0

21/06/2002,09:16:40,nan,0.0,0.0,0.0,0.0,0.0

21/06/2002,09:31:40,nan,0.0,0.0,0.0,0.0,0.0

21/06/2002,09:46:40,nan,0.0,0.0,0.0,0.0,0.0

21/06/2002,10:01:40,nan,0.0,0.0,0.0,0.0,0.0

21/06/2002,10:16:40,nan,0.0,0.0,0.0,0.0,0.0

21/06/2002,10:31:40,nan,0.0,0.0,0.0,0.0,0.0

21/06/2002,10:46:40,nan,0.0,0.0,0.0,0.0,0.0

21/06/2002,11:01:40,nan,0.0,0.0,0.0,0.0,0.0

21/06/2002,11:16:40,nan,0.0,0.0,0.0,0.0,0.0

21/06/2002,11:31:40,nan,0.0,0.0,0.0,0.0,0.0

21/06/2002,11:46:40,nan,0.0,0.0,0.0,0.0,0.0

21/06/2002,12:01:40,nan,0.0,0.0,0.0,0.0,0.0

21/06/2002,12:16:40,nan,0.0,0.0,0.0,0.0,0.0

21/06/2002,12:31:40,nan,0.0,0.0,0.0,0.0,0.0

21/06/2002,12:46:40,nan,0.0,0.0,0.0,0.0,0.0

21/06/2002,13:01:40,nan,0.0,0.0,0.0,0.0,0.0

21/06/2002,13:16:40,nan,0.0,0.0,0.0,0.0,0.0

21/06/2002,13:31:40,nan,0.0,0.0,0.0,0.0,0.0

21/06/2002,13:46:40,nan,0.0,0.0,0.0,0.0,0.0

21/06/2002,14:01:40,nan,0.0,0.0,0.0,0.0,0.0

21/06/2002,14:16:40,nan,0.0,0.0,0.0,0.0,0.0

21/06/2002,14:31:40,nan,0.0,0.0,0.0,0.0,0.0

21/06/2002,14:46:40,nan,0.0,0.0,0.0,0.0,0.0

21/06/2002,15:01:40,nan,0.0,0.0,0.0,0.0,0.0

21/06/2002,15:16:40,nan,0.0,0.0,0.0,0.0,0.0

21/06/2002,15:31:40,nan,0.0,0.0,0.0,0.0,0.0

21/06/2002,15:46:40,nan,0.0,0.0,0.0,0.0,0.0

21/06/2002,16:01:40,nan,0.0,0.0,0.0,0.0,0.0

21/06/2002,16:16:40,nan,0.0,0.0,0.0,0.0,0.0

21/06/2002,16:31:40,nan,0.0,0.0,0.0,0.0,0.0

21/06/2002,16:46:40,nan,0.0,0.0,0.0,0.0,0.0

21/06/2002,17:01:40,nan,0.0,0.0,0.0,0.0,0.0

21/06/2002,17:16:40,nan,0.0,0.0,0.0,0.0,0.0

21/06/2002,17:31:40,nan,0.0,0.0,0.0,0.0,0.0

21/06/2002,17:46:40,nan,0.0,0.0,0.0,0.0,0.0

21/06/2002,18:01:40,nan,0.0,0.0,0.0,0.0,0.0

21/06/2002,18:16:40,nan,0.0,0.0,0.0,0.0,0.0

21/06/2002,18:31:40,nan,0.0,0.0,0.0,0.0,0.0

21/06/2002,18:46:40,nan,0.0,0.0,0.0,0.0,0.0

21/06/2002,19:01:40,nan,0.0,0.0,0.0,0.0,0.0

21/06/2002,19:16:40,nan,0.0,0.0,0.0,0.0,0.0

21/06/2002,19:31:40,nan,0.0,0.0,0.0,0.0,0.0

21/06/2002,19:46:40,nan,0.0,0.0,0.0,0.0,0.0

21/06/2002,20:01:40,nan,0.0,0.0,0.0,0.0,0.0

21/06/2002,20:16:40,nan,0.0,0.0,0.0,0.0,0.0

21/06/2002,20:31:40,nan,0.0,0.0,0.0,0.0,0.0

21/06/2002,20:46:40,nan,0.0,0.0,0.0,0.0,0.0

21/06/2002,21:01:40,nan,0.0,0.0,0.0,0.0,0.0

21/06/2002,21:16:40,nan,0.0,0.0,0.0,0.0,0.0

21/06/2002,21:31:40,nan,0.0,0.0,0.0,0.0,0.0

21/06/2002,21:46:40,nan,0.0,0.0,0.0,0.0,0.0

21/06/2002,22:01:40,nan,0.0,0.0,0.0,0.0,0.0

21/06/2002,22:16:40,nan,0.0,0.0,0.0,0.0,0.0

21/06/2002,22:31:40,nan,0.0,0.0,0.0,0.0,0.0

21/06/2002,22:46:40,nan,0.0,0.0,0.0,0.0,0.0

21/06/2002,23:01:40,nan,0.0,0.0,0.0,0.0,0.0

21/06/2002,23:16:40,nan,0.0,0.0,0.0,0.0,0.0

21/06/2002,23:31:40,nan,0.0,0.0,0.0,0.0,0.0

21/06/2002,23:46:40,nan,0.0,0.0,0.0,0.0,0.0

22/06/2002,00:01:40,nan,0.0,0.0,0.0,0.0,0.0

22/06/2002,00:16:40,nan,0.0,0.0,0.0,0.0,0.0

22/06/2002,00:31:40,nan,0.0,0.0,0.0,0.0,0.0

22/06/2002,00:46:40,nan,0.0,0.0,0.0,0.0,0.0

22/06/2002,01:01:40,nan,0.0,0.0,0.0,0.0,0.0

22/06/2002,01:16:40,nan,0.0,0.0,0.0,0.0,0.0

22/06/2002,01:31:40,nan,0.0,0.0,0.0,0.0,0.0

22/06/2002,01:46:40,nan,0.0,0.0,0.0,0.0,0.0

22/06/2002,02:01:40,nan,0.0,0.0,0.0,0.0,0.0

22/06/2002,02:16:40,nan,0.0,0.0,0.0,0.0,0.0

22/06/2002,02:31:40,nan,0.0,0.0,0.0,0.0,0.0

22/06/2002,02:46:40,nan,0.0,0.0,0.0,0.0,0.0

22/06/2002,03:01:40,nan,0.0,0.0,0.0,0.0,0.0

22/06/2002,03:16:40,nan,0.0,0.0,0.0,0.0,0.0

22/06/2002,03:31:40,nan,0.0,0.0,0.0,0.0,0.0

22/06/2002,03:46:40,nan,0.0,0.0,0.0,0.0,0.0

22/06/2002,04:01:40,nan,0.0,0.0,0.0,0.0,0.0

22/06/2002,04:16:40,nan,0.0,0.0,0.0,0.0,0.0

22/06/2002,04:31:40,nan,0.0,0.0,0.0,0.0,0.0

22/06/2002,04:46:40,nan,0.0,0.0,0.0,0.0,0.0

22/06/2002,05:01:40,nan,0.0,0.0,0.0,0.0,0.0

22/06/2002,05:16:40,nan,0.0,0.0,0.0,0.0,0.0

22/06/2002,05:31:40,nan,0.0,0.0,0.0,0.0,0.0

22/06/2002,05:46:40,nan,0.0,0.0,0.0,0.0,0.0

22/06/2002,06:01:40,nan,0.0,0.0,0.0,0.0,0.0

22/06/2002,06:16:40,nan,0.0,0.0,0.0,0.0,0.0

22/06/2002,06:31:40,nan,0.0,0.0,0.0,0.0,0.0

22/06/2002,06:46:40,nan,0.0,0.0,0.0,0.0,0.0

22/06/2002,07:01:40,nan,0.0,0.0,0.0,0.0,0.0

22/06/2002,07:16:40,nan,0.0,0.0,0.0,0.0,0.0

22/06/2002,07:31:40,nan,0.0,0.0,0.0,0.0,0.0

22/06/2002,07:46:40,nan,0.0,0.0,0.0,0.0,0.0

22/06/2002,08:01:40,nan,0.0,0.0,0.0,0.0,0.0

22/06/2002,08:16:40,nan,0.0,0.0,0.0,0.0,0.0

22/06/2002,08:31:40,nan,0.0,0.0,0.0,0.0,0.0

22/06/2002,08:46:40,nan,0.0,0.0,0.0,0.0,0.0

22/06/2002,09:01:40,nan,0.0,0.0,0.0,0.0,0.0

22/06/2002,09:16:40,nan,0.0,0.0,0.0,0.0,0.0

22/06/2002,09:31:40,nan,0.0,0.0,0.0,0.0,0.0

22/06/2002,09:46:40,nan,0.0,0.0,0.0,0.0,0.0

22/06/2002,10:01:40,nan,0.0,0.0,0.0,0.0,0.0

22/06/2002,10:16:40,nan,0.0,0.0,0.0,0.0,0.0

22/06/2002,10:31:40,nan,0.0,0.0,0.0,0.0,0.0

22/06/2002,10:46:40,nan,0.0,0.0,0.0,0.0,0.0

22/06/2002,11:01:40,nan,0.0,0.0,0.0,0.0,0.0

22/06/2002,11:16:40,nan,0.0,0.0,0.0,0.0,0.0

22/06/2002,11:31:40,nan,0.0,0.0,0.0,0.0,0.0

22/06/2002,11:46:40,nan,0.0,0.0,0.0,0.0,0.0

22/06/2002,12:01:40,nan,0.0,0.0,0.0,0.0,0.0

22/06/2002,12:16:40,nan,0.0,0.0,0.0,0.0,0.0

22/06/2002,12:31:40,nan,0.0,0.0,0.0,0.0,0.0

22/06/2002,12:46:40,nan,0.0,0.0,0.0,0.0,0.0

22/06/2002,13:01:40,nan,0.0,0.0,0.0,0.0,0.0

22/06/2002,13:16:40,nan,0.0,0.0,0.0,0.0,0.0

22/06/2002,13:31:40,nan,0.0,0.0,0.0,0.0,0.0

22/06/2002,13:46:40,nan,0.0,0.0,0.0,0.0,0.0

22/06/2002,14:01:40,nan,0.0,0.0,0.0,0.0,0.0

22/06/2002,14:16:40,nan,0.0,0.0,0.0,0.0,0.0

22/06/2002,14:31:40,nan,0.0,0.0,0.0,0.0,0.0

22/06/2002,14:46:40,nan,0.0,0.0,0.0,0.0,0.0

22/06/2002,15:01:40,nan,0.0,0.0,0.0,0.0,0.0

22/06/2002,15:16:40,nan,0.0,0.0,0.0,0.0,0.0

22/06/2002,15:31:40,nan,0.0,0.0,0.0,0.0,0.0

22/06/2002,15:46:40,nan,0.0,0.0,0.0,0.0,0.0

22/06/2002,16:01:40,nan,0.0,0.0,0.0,0.0,0.0

22/06/2002,16:16:40,nan,0.0,0.0,0.0,0.0,0.0

22/06/2002,16:31:40,nan,0.0,0.0,0.0,0.0,0.0

22/06/2002,16:46:40,nan,0.0,0.0,0.0,0.0,0.0

22/06/2002,17:01:40,nan,0.0,0.0,0.0,0.0,0.0

22/06/2002,17:16:40,nan,0.0,0.0,0.0,0.0,0.0

22/06/2002,17:31:40,nan,0.0,0.0,0.0,0.0,0.0

22/06/2002,17:46:40,nan,0.0,0.0,0.0,0.0,0.0

22/06/2002,18:01:40,nan,0.0,0.0,0.0,0.0,0.0

22/06/2002,18:16:40,nan,0.0,0.0,0.0,0.0,0.0

22/06/2002,18:31:40,nan,0.0,0.0,0.0,0.0,0.0

22/06/2002,18:46:40,nan,0.0,0.0,0.0,0.0,0.0

22/06/2002,19:01:40,nan,0.0,0.0,0.0,0.0,0.0

22/06/2002,19:16:40,nan,0.0,0.0,0.0,0.0,0.0

22/06/2002,19:31:40,nan,0.0,0.0,0.0,0.0,0.0

22/06/2002,19:46:40,nan,0.0,0.0,0.0,0.0,0.0

22/06/2002,20:01:40,nan,0.0,0.0,0.0,0.0,0.0

22/06/2002,20:16:40,nan,0.0,0.0,0.0,0.0,0.0

22/06/2002,20:31:40,nan,0.0,0.0,0.0,0.0,0.0

22/06/2002,20:46:40,nan,0.0,0.0,0.0,0.0,0.0

22/06/2002,21:01:40,nan,0.0,0.0,0.0,0.0,0.0

22/06/2002,21:16:40,nan,0.0,0.0,0.0,0.0,0.0

22/06/2002,21:31:40,nan,0.0,0.0,0.0,0.0,0.0

22/06/2002,21:46:40,nan,0.0,0.0,0.0,0.0,0.0

22/06/2002,22:01:40,nan,0.0,0.0,0.0,0.0,0.0

22/06/2002,22:16:40,nan,0.0,0.0,0.0,0.0,0.0

22/06/2002,22:31:40,nan,0.0,0.0,0.0,0.0,0.0

22/06/2002,22:46:40,nan,0.0,0.0,0.0,0.0,0.0

22/06/2002,23:01:40,nan,0.0,0.0,0.0,0.0,0.0

22/06/2002,23:16:40,nan,0.0,0.0,0.0,0.0,0.0

22/06/2002,23:31:40,nan,0.0,0.0,0.0,0.0,0.0

22/06/2002,23:46:40,nan,0.0,0.0,0.0,0.0,0.0

23/06/2002,00:01:40,nan,0.0,0.0,0.0,0.0,0.0

23/06/2002,00:16:40,nan,0.0,0.0,0.0,0.0,0.0

23/06/2002,00:31:40,nan,0.0,0.0,0.0,0.0,0.0

23/06/2002,00:46:40,nan,0.0,0.0,0.0,0.0,0.0

23/06/2002,01:01:40,nan,0.0,0.0,0.0,0.0,0.0

23/06/2002,01:16:40,nan,0.0,0.0,0.0,0.0,0.0

23/06/2002,01:31:40,nan,0.0,0.0,0.0,0.0,0.0

23/06/2002,01:46:40,nan,0.0,0.0,0.0,0.0,0.0

23/06/2002,02:01:40,nan,0.0,0.0,0.0,0.0,0.0

23/06/2002,02:16:40,nan,0.0,0.0,0.0,0.0,0.0

23/06/2002,02:31:40,nan,0.2,0.2,0.2,0.2,0.2

23/06/2002,02:46:40,nan,0.4,0.6,0.6,0.6,0.6

23/06/2002,03:01:40,nan,0.2,0.8,0.8,0.8,0.8

23/06/2002,03:16:40,nan,0.0,0.8,0.8,0.8,0.8

23/06/2002,03:31:40,nan,0.0,0.6,0.8,0.8,0.8

23/06/2002,03:46:40,nan,0.2,0.4,1.0,1.0,1.0

23/06/2002,04:01:40,nan,0.6,0.8,1.6,1.6,1.6

23/06/2002,04:16:40,nan,0.2,1.0,1.8,1.8,1.8

23/06/2002,04:31:40,nan,1.6,2.6,3.4,3.4,3.4

23/06/2002,04:46:40,nan,0.8,3.2,4.2,4.2,4.2

23/06/2002,05:01:40,nan,0.2,2.8,4.4,4.4,4.4

23/06/2002,05:16:40,nan,0.2,2.8,4.6,4.6,4.6

23/06/2002,05:31:40,nan,0.0,1.2,4.6,4.6,4.6

23/06/2002,05:46:40,nan,0.2,0.6,4.8,4.8,4.8

23/06/2002,06:01:40,nan,0.0,0.4,4.8,4.8,4.8

23/06/2002,06:16:40,nan,1.2,1.4,6.0,6.0,6.0

23/06/2002,06:31:40,nan,6.2,7.6,12.0,12.2,12.2

23/06/2002,06:46:40,nan,1.6,9.0,13.2,13.8,13.8

23/06/2002,07:01:40,nan,0.4,9.4,13.4,14.2,14.2

23/06/2002,07:16:40,nan,0.2,8.4,13.6,14.4,14.4

23/06/2002,07:31:40,nan,0.2,2.4,13.8,14.6,14.6

23/06/2002,07:46:40,nan,0.8,1.6,14.4,15.4,15.4

23/06/2002,08:01:40,nan,0.6,1.8,14.4,16.0,16.0

23/06/2002,08:16:40,nan,1.6,3.2,15.8,17.6,17.6

23/06/2002,08:31:40,nan,0.6,3.6,14.8,18.2,18.2

23/06/2002,08:46:40,nan,1.2,4.0,15.2,19.4,19.4

23/06/2002,09:01:40,nan,3.2,6.6,18.2,22.6,22.6

23/06/2002,09:16:40,nan,4.6,9.6,22.6,27.2,27.2

23/06/2002,09:31:40,nan,4.6,13.6,27.2,31.8,31.8

23/06/2002,09:46:40,nan,1.8,14.2,28.8,33.6,33.6

23/06/2002,10:01:40,nan,0.6,11.6,29.4,34.2,34.2

23/06/2002,10:16:40,nan,0.2,7.2,28.4,34.4,34.4

23/06/2002,10:31:40,nan,0.4,3.0,22.6,34.8,34.8

23/06/2002,10:46:40,nan,0.2,1.4,21.2,35.0,35.0

23/06/2002,11:01:40,nan,0.2,1.0,21.0,35.2,35.2

23/06/2002,11:16:40,nan,0.4,1.2,21.2,35.6,35.6

23/06/2002,11:31:40,nan,0.2,1.0,21.2,35.8,35.8

23/06/2002,11:46:40,nan,0.0,0.8,20.4,35.8,35.8

23/06/2002,12:01:40,nan,0.2,0.8,20.0,36.0,36.0

23/06/2002,12:16:40,nan,0.0,0.4,18.4,36.0,36.0

23/06/2002,12:31:40,nan,0.0,0.2,17.8,36.0,36.0

23/06/2002,12:46:40,nan,0.6,0.8,17.2,36.6,36.6

23/06/2002,13:01:40,nan,0.2,0.8,14.2,36.8,36.8

23/06/2002,13:16:40,nan,0.8,1.6,10.4,37.6,37.6

23/06/2002,13:31:40,nan,0.0,1.6,5.8,37.6,37.6

23/06/2002,13:46:40,nan,0.2,1.2,4.2,37.8,37.8

23/06/2002,14:01:40,nan,0.0,1.0,3.6,37.8,37.8

23/06/2002,14:16:40,nan,0.0,0.2,3.4,37.8,37.8

23/06/2002,14:31:40,nan,0.0,0.2,3.0,37.8,37.8

23/06/2002,14:46:40,nan,0.0,0.0,2.8,37.8,37.8

23/06/2002,15:01:40,nan,0.0,0.0,2.6,37.8,37.8

23/06/2002,15:16:40,nan,0.0,0.0,2.2,37.8,37.8

23/06/2002,15:31:40,nan,0.0,0.0,2.0,37.8,37.8

23/06/2002,15:46:40,nan,0.0,0.0,2.0,37.8,37.8

23/06/2002,16:01:40,nan,0.0,0.0,1.8,37.8,37.8

23/06/2002,16:16:40,nan,0.0,0.0,1.8,37.8,37.8

23/06/2002,16:31:40,nan,0.0,0.0,1.8,37.8,37.8

23/06/2002,16:46:40,nan,0.0,0.0,1.2,37.8,37.8

23/06/2002,17:01:40,nan,0.0,0.0,1.0,37.8,37.8

23/06/2002,17:16:40,nan,0.0,0.0,0.2,37.8,37.8

23/06/2002,17:31:40,nan,0.0,0.0,0.2,37.8,37.8

23/06/2002,17:46:40,nan,0.4,0.4,0.4,38.2,38.2

23/06/2002,18:01:40,nan,0.4,0.8,0.8,38.6,38.6

23/06/2002,18:16:40,nan,0.0,0.8,0.8,38.6,38.6

23/06/2002,18:31:40,nan,0.0,0.8,0.8,38.6,38.6

23/06/2002,18:46:40,nan,0.0,0.4,0.8,38.6,38.6

23/06/2002,19:01:40,nan,0.0,0.0,0.8,38.6,38.6

23/06/2002,19:16:40,nan,0.0,0.0,0.8,38.6,38.6

23/06/2002,19:31:40,nan,0.0,0.0,0.8,38.6,38.6

23/06/2002,19:46:40,nan,0.0,0.0,0.8,38.6,38.6

23/06/2002,20:01:40,nan,0.0,0.0,0.8,38.6,38.6

23/06/2002,20:16:40,nan,0.0,0.0,0.8,38.6,38.6

23/06/2002,20:31:40,nan,0.0,0.0,0.8,38.6,38.6

23/06/2002,20:46:40,nan,0.0,0.0,0.8,38.6,38.6

23/06/2002,21:01:40,nan,0.0,0.0,0.8,38.6,38.6

23/06/2002,21:16:40,nan,0.0,0.0,0.8,38.6,38.6

23/06/2002,21:31:40,nan,0.0,0.0,0.8,38.6,38.6

23/06/2002,21:46:40,nan,0.0,0.0,0.4,38.6,38.6

23/06/2002,22:01:40,nan,0.0,0.0,0.0,38.6,38.6

23/06/2002,22:16:40,nan,0.0,0.0,0.0,38.6,38.6

23/06/2002,22:31:40,nan,0.0,0.0,0.0,38.6,38.6

23/06/2002,22:46:40,nan,0.2,0.2,0.2,38.8,38.8

23/06/2002,23:01:40,nan,0.0,0.2,0.2,38.8,38.8

23/06/2002,23:16:40,nan,0.0,0.2,0.2,38.8,38.8

23/06/2002,23:31:40,nan,0.0,0.2,0.2,38.8,38.8

23/06/2002,23:46:40,nan,0.0,0.0,0.2,38.8,38.8

24/06/2002,00:01:40,nan,0.0,0.0,0.2,38.8,38.8

24/06/2002,00:16:40,nan,0.0,0.0,0.2,38.8,38.8

24/06/2002,00:31:40,nan,0.0,0.0,0.2,38.8,38.8

24/06/2002,00:46:40,nan,0.0,0.0,0.2,38.8,38.8

24/06/2002,01:01:40,nan,0.0,0.0,0.2,38.8,38.8

24/06/2002,01:16:40,nan,0.0,0.0,0.2,38.8,38.8

24/06/2002,01:31:40,nan,0.0,0.0,0.2,38.8,38.8

24/06/2002,01:46:40,nan,0.0,0.0,0.2,38.8,38.8

24/06/2002,02:01:40,nan,0.0,0.0,0.2,38.8,38.8

24/06/2002,02:16:40,nan,0.0,0.0,0.2,38.8,38.8

24/06/2002,02:31:40,nan,0.0,0.0,0.2,38.6,38.8

24/06/2002,02:46:40,nan,0.0,0.0,0.0,38.2,38.8

24/06/2002,03:01:40,nan,0.0,0.0,0.0,38.0,38.8

24/06/2002,03:16:40,nan,0.0,0.0,0.0,38.0,38.8

24/06/2002,03:31:40,nan,0.0,0.0,0.0,38.0,38.8

24/06/2002,03:46:40,nan,0.0,0.0,0.0,37.8,38.8

24/06/2002,04:01:40,nan,0.0,0.0,0.0,37.2,38.8

24/06/2002,04:16:40,nan,0.0,0.0,0.0,37.0,38.8

24/06/2002,04:31:40,nan,0.0,0.0,0.0,35.4,38.8

24/06/2002,04:46:40,nan,0.0,0.0,0.0,34.6,38.8

24/06/2002,05:01:40,nan,0.0,0.0,0.0,34.4,38.8

24/06/2002,05:16:40,nan,0.0,0.0,0.0,34.2,38.8

24/06/2002,05:31:40,nan,0.0,0.0,0.0,34.2,38.8

24/06/2002,05:46:40,nan,0.0,0.0,0.0,34.0,38.8

24/06/2002,06:01:40,nan,0.0,0.0,0.0,34.0,38.8

24/06/2002,06:16:40,nan,0.0,0.0,0.0,32.8,38.8

24/06/2002,06:31:40,nan,0.0,0.0,0.0,26.6,38.8

24/06/2002,06:46:40,nan,0.0,0.0,0.0,25.0,38.8

24/06/2002,07:01:40,nan,0.0,0.0,0.0,24.6,38.8

24/06/2002,07:16:40,nan,0.0,0.0,0.0,24.4,38.8

24/06/2002,07:31:40,nan,0.0,0.0,0.0,24.2,38.8

24/06/2002,07:46:40,nan,0.0,0.0,0.0,23.4,38.8

24/06/2002,08:01:40,nan,0.0,0.0,0.0,22.8,38.8

24/06/2002,08:16:40,nan,0.0,0.0,0.0,21.2,38.8

24/06/2002,08:31:40,nan,0.0,0.0,0.0,20.6,38.8

24/06/2002,08:46:40,nan,0.0,0.0,0.0,19.4,38.8

24/06/2002,09:01:40,nan,0.0,0.0,0.0,16.2,38.8

24/06/2002,09:16:40,nan,0.0,0.0,0.0,11.6,38.8

24/06/2002,09:31:40,nan,0.0,0.0,0.0,7.0,38.8

24/06/2002,09:46:40,nan,0.0,0.0,0.0,5.2,38.8

24/06/2002,10:01:40,nan,0.0,0.0,0.0,4.6,38.8

24/06/2002,10:16:40,nan,0.0,0.0,0.0,4.4,38.8

24/06/2002,10:31:40,nan,0.0,0.0,0.0,4.0,38.8

24/06/2002,10:46:40,nan,0.0,0.0,0.0,3.8,38.8

24/06/2002,11:01:40,nan,0.0,0.0,0.0,3.6,38.8

24/06/2002,11:16:40,nan,0.0,0.0,0.0,3.2,38.8

24/06/2002,11:31:40,nan,0.0,0.0,0.0,3.0,38.8

24/06/2002,11:46:40,nan,0.0,0.0,0.0,3.0,38.8

24/06/2002,12:01:40,nan,0.0,0.0,0.0,2.8,38.8

24/06/2002,12:16:40,nan,0.0,0.0,0.0,2.8,38.8

24/06/2002,12:31:40,nan,0.0,0.0,0.0,2.8,38.8

24/06/2002,12:46:40,nan,0.0,0.0,0.0,2.2,38.8

24/06/2002,13:01:40,nan,0.0,0.0,0.0,2.0,38.8

24/06/2002,13:16:40,nan,0.0,0.0,0.0,1.2,38.8

24/06/2002,13:31:40,nan,0.0,0.0,0.0,1.2,38.8

24/06/2002,13:46:40,nan,0.0,0.0,0.0,1.0,38.8

24/06/2002,14:01:40,nan,0.0,0.0,0.0,1.0,38.8

24/06/2002,14:16:40,nan,0.0,0.0,0.0,1.0,38.8

24/06/2002,14:31:40,nan,0.0,0.0,0.0,1.0,38.8

24/06/2002,14:46:40,nan,0.0,0.0,0.0,1.0,38.8

24/06/2002,15:01:40,nan,0.0,0.0,0.0,1.0,38.8

24/06/2002,15:16:40,nan,0.0,0.0,0.0,1.0,38.8

24/06/2002,15:31:40,nan,0.0,0.0,0.0,1.0,38.8

24/06/2002,15:46:40,nan,0.0,0.0,0.0,1.0,38.8

24/06/2002,16:01:40,nan,0.0,0.0,0.0,1.0,38.8

24/06/2002,16:16:40,nan,0.0,0.0,0.0,1.0,38.8

24/06/2002,16:31:40,nan,0.0,0.0,0.0,1.0,38.8

24/06/2002,16:46:40,nan,0.0,0.0,0.0,1.0,38.8

24/06/2002,17:01:40,nan,0.0,0.0,0.0,1.0,38.8

24/06/2002,17:16:40,nan,0.0,0.0,0.0,1.0,38.8

24/06/2002,17:31:40,nan,0.0,0.0,0.0,1.0,38.8

24/06/2002,17:46:40,nan,0.0,0.0,0.0,0.6,38.8

24/06/2002,18:01:40,nan,0.0,0.0,0.0,0.2,38.8

24/06/2002,18:16:40,nan,0.0,0.0,0.0,0.2,38.8

24/06/2002,18:31:40,nan,0.0,0.0,0.0,0.2,38.8

24/06/2002,18:46:40,nan,0.0,0.0,0.0,0.2,38.8

24/06/2002,19:01:40,nan,0.0,0.0,0.0,0.2,38.8

24/06/2002,19:16:40,nan,0.0,0.0,0.0,0.2,38.8

24/06/2002,19:31:40,nan,0.0,0.0,0.0,0.2,38.8

24/06/2002,19:46:40,nan,0.0,0.0,0.0,0.2,38.8

24/06/2002,20:01:40,nan,0.0,0.0,0.0,0.2,38.8

24/06/2002,20:16:40,nan,0.0,0.0,0.0,0.2,38.8

24/06/2002,20:31:40,nan,0.0,0.0,0.0,0.2,38.8

24/06/2002,20:46:40,nan,0.0,0.0,0.0,0.2,38.8

24/06/2002,21:01:40,nan,0.0,0.0,0.0,0.2,38.8

24/06/2002,21:16:40,nan,0.0,0.0,0.0,0.2,38.8

24/06/2002,21:31:40,nan,0.0,0.0,0.0,0.2,38.8

24/06/2002,21:46:40,nan,0.0,0.0,0.0,0.2,38.8

24/06/2002,22:01:40,nan,0.0,0.0,0.0,0.2,38.8

24/06/2002,22:16:40,nan,0.0,0.0,0.0,0.2,38.8

24/06/2002,22:31:40,nan,0.0,0.0,0.0,0.2,38.8

24/06/2002,22:46:40,nan,0.0,0.0,0.0,0.0,38.8

24/06/2002,23:01:40,nan,0.0,0.0,0.0,0.0,38.8

24/06/2002,23:16:40,nan,0.0,0.0,0.0,0.0,38.8

24/06/2002,23:31:40,nan,0.0,0.0,0.0,0.0,38.8

24/06/2002,23:46:40,nan,0.0,0.0,0.0,0.0,38.8

25/06/2002,00:01:40,nan,0.0,0.0,0.0,0.0,38.8

25/06/2002,00:16:40,nan,0.0,0.0,0.0,0.0,38.8

25/06/2002,00:31:40,nan,0.0,0.0,0.0,0.0,38.8

25/06/2002,00:46:40,nan,0.0,0.0,0.0,0.0,38.8

25/06/2002,01:01:40,nan,0.0,0.0,0.0,0.0,38.8

25/06/2002,01:16:40,nan,0.0,0.0,0.0,0.0,38.8

25/06/2002,01:31:40,nan,0.0,0.0,0.0,0.0,38.8

25/06/2002,01:46:40,nan,0.0,0.0,0.0,0.0,38.8

25/06/2002,02:01:40,nan,0.0,0.0,0.0,0.0,38.8

25/06/2002,02:16:40,nan,0.0,0.0,0.0,0.0,38.8

25/06/2002,02:31:40,nan,0.0,0.0,0.0,0.0,38.8

25/06/2002,02:46:40,nan,0.0,0.0,0.0,0.0,38.8

25/06/2002,03:01:40,nan,0.0,0.0,0.0,0.0,38.8

25/06/2002,03:16:40,nan,0.0,0.0,0.0,0.0,38.8

25/06/2002,03:31:40,nan,0.0,0.0,0.0,0.0,38.8

25/06/2002,03:46:40,nan,0.0,0.0,0.0,0.0,38.8

25/06/2002,04:01:40,nan,0.0,0.0,0.0,0.0,38.8

25/06/2002,04:16:40,nan,0.0,0.0,0.0,0.0,38.8

25/06/2002,04:31:40,nan,0.0,0.0,0.0,0.0,38.8

25/06/2002,04:46:40,nan,0.0,0.0,0.0,0.0,38.8

25/06/2002,05:01:40,nan,0.0,0.0,0.0,0.0,38.8

25/06/2002,05:16:40,nan,0.0,0.0,0.0,0.0,38.8

25/06/2002,05:31:40,nan,0.0,0.0,0.0,0.0,38.8

25/06/2002,05:46:40,nan,0.0,0.0,0.0,0.0,38.8

25/06/2002,06:01:40,nan,0.0,0.0,0.0,0.0,38.8

25/06/2002,06:16:40,nan,0.0,0.0,0.0,0.0,38.8

25/06/2002,06:31:40,nan,0.0,0.0,0.0,0.0,38.8

25/06/2002,06:46:40,nan,0.0,0.0,0.0,0.0,38.8

25/06/2002,07:01:40,nan,0.0,0.0,0.0,0.0,38.8

25/06/2002,07:16:40,nan,0.0,0.0,0.0,0.0,38.8

25/06/2002,07:31:40,nan,0.0,0.0,0.0,0.0,38.8

25/06/2002,07:46:40,nan,0.0,0.0,0.0,0.0,38.8

25/06/2002,08:01:40,nan,0.0,0.0,0.0,0.0,38.8

25/06/2002,08:16:40,nan,0.0,0.0,0.0,0.0,38.8

25/06/2002,08:31:40,nan,0.0,0.0,0.0,0.0,38.8

25/06/2002,08:46:40,nan,0.0,0.0,0.0,0.0,38.8

25/06/2002,09:01:40,nan,0.0,0.0,0.0,0.0,38.8

25/06/2002,09:16:40,nan,0.0,0.0,0.0,0.0,38.8

25/06/2002,09:31:40,nan,0.0,0.0,0.0,0.0,38.8

25/06/2002,09:46:40,nan,0.0,0.0,0.0,0.0,38.8

25/06/2002,10:01:40,nan,0.0,0.0,0.0,0.0,38.8

25/06/2002,10:16:40,nan,0.0,0.0,0.0,0.0,38.8

25/06/2002,10:31:40,nan,0.0,0.0,0.0,0.0,38.8

25/06/2002,10:46:40,nan,0.0,0.0,0.0,0.0,38.8

25/06/2002,11:01:40,nan,0.0,0.0,0.0,0.0,38.8

25/06/2002,11:16:40,nan,0.0,0.0,0.0,0.0,38.8

25/06/2002,11:31:40,nan,0.0,0.0,0.0,0.0,38.8

25/06/2002,11:46:40,nan,0.0,0.0,0.0,0.0,38.8

25/06/2002,12:01:40,nan,0.0,0.0,0.0,0.0,38.8

25/06/2002,12:16:40,nan,0.0,0.0,0.0,0.0,38.8

25/06/2002,12:31:40,nan,0.0,0.0,0.0,0.0,38.8

25/06/2002,12:46:40,nan,0.0,0.0,0.0,0.0,38.8

25/06/2002,13:01:40,nan,0.0,0.0,0.0,0.0,38.8

25/06/2002,13:16:40,nan,0.0,0.0,0.0,0.0,38.8

25/06/2002,13:31:40,nan,0.0,0.0,0.0,0.0,38.8

25/06/2002,13:46:40,nan,0.0,0.0,0.0,0.0,38.8

25/06/2002,14:01:40,nan,0.0,0.0,0.0,0.0,38.8

25/06/2002,14:16:40,nan,0.0,0.0,0.0,0.0,38.8

25/06/2002,14:31:40,nan,0.0,0.0,0.0,0.0,38.8

25/06/2002,14:46:40,nan,0.0,0.0,0.0,0.0,38.8

25/06/2002,15:01:40,nan,0.0,0.0,0.0,0.0,38.8

25/06/2002,15:16:40,nan,0.0,0.0,0.0,0.0,38.8

25/06/2002,15:31:40,nan,0.0,0.0,0.0,0.0,38.8

25/06/2002,15:46:40,nan,0.0,0.0,0.0,0.0,38.8

25/06/2002,16:01:40,nan,0.0,0.0,0.0,0.0,38.8

25/06/2002,16:16:40,nan,0.0,0.0,0.0,0.0,38.8

25/06/2002,16:31:40,nan,0.0,0.0,0.0,0.0,38.8

25/06/2002,16:46:40,nan,0.0,0.0,0.0,0.0,38.8

25/06/2002,17:01:40,nan,0.0,0.0,0.0,0.0,38.8

25/06/2002,17:16:40,nan,0.0,0.0,0.0,0.0,38.8

25/06/2002,17:31:40,nan,0.0,0.0,0.0,0.0,38.8

25/06/2002,17:46:40,nan,0.0,0.0,0.0,0.0,38.8

25/06/2002,18:01:40,nan,0.0,0.0,0.0,0.0,38.8

25/06/2002,18:16:40,nan,0.0,0.0,0.0,0.0,38.8

25/06/2002,18:31:40,nan,0.0,0.0,0.0,0.0,38.8

25/06/2002,18:46:40,nan,0.0,0.0,0.0,0.0,38.8

25/06/2002,19:01:40,nan,0.0,0.0,0.0,0.0,38.8

25/06/2002,19:16:40,nan,0.0,0.0,0.0,0.0,38.8

25/06/2002,19:31:40,nan,0.0,0.0,0.0,0.0,38.8

25/06/2002,19:46:40,nan,0.0,0.0,0.0,0.0,38.8

25/06/2002,20:01:40,nan,0.0,0.0,0.0,0.0,38.8

25/06/2002,20:16:40,nan,0.0,0.0,0.0,0.0,38.8

25/06/2002,20:31:40,nan,0.0,0.0,0.0,0.0,38.8

25/06/2002,20:46:40,nan,0.0,0.0,0.0,0.0,38.8

25/06/2002,21:01:40,nan,0.0,0.0,0.0,0.0,38.8

25/06/2002,21:16:40,nan,0.0,0.0,0.0,0.0,38.8

25/06/2002,21:31:40,nan,0.0,0.0,0.0,0.0,38.8

25/06/2002,21:46:40,nan,0.0,0.0,0.0,0.0,38.8

25/06/2002,22:01:40,nan,0.0,0.0,0.0,0.0,38.8

25/06/2002,22:16:40,nan,0.0,0.0,0.0,0.0,38.8

25/06/2002,22:31:40,nan,0.0,0.0,0.0,0.0,38.8

25/06/2002,22:46:40,nan,0.0,0.0,0.0,0.0,38.8

25/06/2002,23:01:40,nan,0.0,0.0,0.0,0.0,38.8

25/06/2002,23:16:40,nan,0.2,0.2,0.2,0.2,39.0

25/06/2002,23:31:40,nan,0.2,0.4,0.4,0.4,39.2

25/06/2002,23:46:40,nan,0.0,0.4,0.4,0.4,39.2

26/06/2002,00:01:40,nan,0.0,0.4,0.4,0.4,39.2

26/06/2002,00:16:40,nan,0.0,0.2,0.4,0.4,39.2

26/06/2002,00:31:40,nan,0.2,0.2,0.6,0.6,39.4

26/06/2002,00:46:40,nan,0.2,0.4,0.8,0.8,39.6

26/06/2002,01:01:40,nan,0.2,0.6,1.0,1.0,39.8

26/06/2002,01:16:40,nan,0.0,0.6,1.0,1.0,39.8

26/06/2002,01:31:40,nan,0.0,0.4,1.0,1.0,39.8

26/06/2002,01:46:40,nan,0.2,0.4,1.2,1.2,40.0

26/06/2002,02:01:40,nan,0.0,0.2,1.2,1.2,40.0

26/06/2002,02:16:40,nan,0.0,0.2,1.2,1.2,40.0

26/06/2002,02:31:40,nan,0.0,0.2,1.2,1.2,40.0

26/06/2002,02:46:40,nan,0.0,0.0,1.2,1.2,40.0

26/06/2002,03:01:40,nan,0.0,0.0,1.2,1.2,40.0

26/06/2002,03:16:40,nan,0.0,0.0,1.0,1.2,40.0

26/06/2002,03:31:40,nan,0.0,0.0,0.8,1.2,40.0

26/06/2002,03:46:40,nan,0.0,0.0,0.8,1.2,40.0

26/06/2002,04:01:40,nan,0.0,0.0,0.8,1.2,40.0

26/06/2002,04:16:40,nan,0.0,0.0,0.8,1.2,40.0

26/06/2002,04:31:40,nan,0.0,0.0,0.6,1.2,40.0

26/06/2002,04:46:40,nan,0.0,0.0,0.4,1.2,40.0

26/06/2002,05:01:40,nan,0.0,0.0,0.2,1.2,40.0

26/06/2002,05:16:40,nan,0.2,0.2,0.4,1.4,40.2

26/06/2002,05:31:40,nan,0.0,0.2,0.4,1.4,40.2

26/06/2002,05:46:40,nan,0.0,0.2,0.2,1.4,40.2

26/06/2002,06:01:40,nan,0.0,0.2,0.2,1.4,40.2

26/06/2002,06:16:40,nan,0.0,0.0,0.2,1.4,40.2

26/06/2002,06:31:40,nan,0.0,0.0,0.2,1.4,40.2

26/06/2002,06:46:40,nan,0.0,0.0,0.2,1.4,40.2

26/06/2002,07:01:40,nan,0.0,0.0,0.2,1.4,40.2

26/06/2002,07:16:40,nan,0.0,0.0,0.2,1.4,40.2

26/06/2002,07:31:40,nan,0.0,0.0,0.2,1.4,40.2

26/06/2002,07:46:40,nan,0.0,0.0,0.2,1.4,40.2

26/06/2002,08:01:40,nan,0.0,0.0,0.2,1.4,40.2

26/06/2002,08:16:40,nan,0.0,0.0,0.2,1.4,40.2

26/06/2002,08:31:40,nan,0.0,0.0,0.2,1.4,40.2

26/06/2002,08:46:40,nan,0.0,0.0,0.2,1.4,40.2

26/06/2002,09:01:40,nan,0.0,0.0,0.2,1.4,40.2

26/06/2002,09:16:40,nan,0.0,0.0,0.0,1.4,40.2

26/06/2002,09:31:40,nan,0.0,0.0,0.0,1.4,40.2

26/06/2002,09:46:40,nan,0.0,0.0,0.0,1.4,40.2

26/06/2002,10:01:40,nan,0.0,0.0,0.0,1.4,40.2

26/06/2002,10:16:40,nan,0.0,0.0,0.0,1.4,40.2

26/06/2002,10:31:40,nan,0.0,0.0,0.0,1.4,40.2

26/06/2002,10:46:40,nan,0.0,0.0,0.0,1.4,40.2

26/06/2002,11:01:40,nan,0.0,0.0,0.0,1.4,40.2

26/06/2002,11:16:40,nan,0.0,0.0,0.0,1.4,40.2

26/06/2002,11:31:40,nan,0.0,0.0,0.0,1.4,40.2

26/06/2002,11:46:40,nan,0.2,0.2,0.2,1.6,40.4

26/06/2002,12:01:40,nan,0.0,0.2,0.2,1.6,40.4

26/06/2002,12:16:40,nan,0.0,0.2,0.2,1.6,40.4

26/06/2002,12:31:40,nan,0.0,0.2,0.2,1.6,40.4

26/06/2002,12:46:40,nan,0.0,0.0,0.2,1.6,40.4

26/06/2002,13:01:40,nan,0.0,0.0,0.2,1.6,40.4

26/06/2002,13:16:40,nan,0.0,0.0,0.2,1.6,40.4

26/06/2002,13:31:40,nan,0.0,0.0,0.2,1.6,40.4

26/06/2002,13:46:40,nan,0.0,0.0,0.2,1.6,40.4

26/06/2002,14:01:40,nan,0.0,0.0,0.2,1.6,40.4

26/06/2002,14:16:40,nan,0.0,0.0,0.2,1.6,40.4

26/06/2002,14:31:40,nan,0.0,0.0,0.2,1.6,40.4

26/06/2002,14:46:40,nan,0.0,0.0,0.2,1.6,40.4

26/06/2002,15:01:40,nan,0.0,0.0,0.2,1.6,40.4

26/06/2002,15:16:40,nan,0.0,0.0,0.2,1.6,40.4

26/06/2002,15:31:40,nan,0.0,0.0,0.2,1.6,40.4

26/06/2002,15:46:40,nan,0.0,0.0,0.0,1.6,40.4

26/06/2002,16:01:40,nan,0.0,0.0,0.0,1.6,40.4

26/06/2002,16:16:40,nan,0.0,0.0,0.0,1.6,40.4

26/06/2002,16:31:40,nan,0.0,0.0,0.0,1.6,40.4

26/06/2002,16:46:40,nan,0.0,0.0,0.0,1.6,40.4

26/06/2002,17:01:40,nan,0.0,0.0,0.0,1.6,40.4

26/06/2002,17:16:40,nan,0.0,0.0,0.0,1.6,40.4

26/06/2002,17:31:40,nan,0.0,0.0,0.0,1.6,40.4

26/06/2002,17:46:40,nan,0.0,0.0,0.0,1.6,40.4

26/06/2002,18:01:40,nan,0.0,0.0,0.0,1.6,40.4

26/06/2002,18:16:40,nan,0.0,0.0,0.0,1.6,40.4

26/06/2002,18:31:40,nan,0.0,0.0,0.0,1.6,40.4

26/06/2002,18:46:40,nan,0.0,0.0,0.0,1.6,40.4

26/06/2002,19:01:40,nan,0.0,0.0,0.0,1.6,40.4

26/06/2002,19:16:40,nan,0.0,0.0,0.0,1.6,40.4

26/06/2002,19:31:40,nan,0.0,0.0,0.0,1.6,40.4

26/06/2002,19:46:40,nan,0.0,0.0,0.0,1.6,40.4

26/06/2002,20:01:40,nan,0.0,0.0,0.0,1.6,40.4

26/06/2002,20:16:40,nan,0.0,0.0,0.0,1.6,40.4

26/06/2002,20:31:40,nan,0.0,0.0,0.0,1.6,40.4

26/06/2002,20:46:40,nan,0.0,0.0,0.0,1.6,40.4

26/06/2002,21:01:40,nan,0.0,0.0,0.0,1.6,40.4

26/06/2002,21:16:40,nan,0.0,0.0,0.0,1.6,40.4

26/06/2002,21:31:40,nan,0.0,0.0,0.0,1.6,40.4

26/06/2002,21:46:40,nan,0.0,0.0,0.0,1.6,40.4

26/06/2002,22:01:40,nan,0.0,0.0,0.0,1.6,40.4

26/06/2002,22:16:40,nan,0.0,0.0,0.0,1.6,40.4

26/06/2002,22:31:40,nan,0.0,0.0,0.0,1.6,40.4

26/06/2002,22:46:40,nan,0.0,0.0,0.0,1.6,40.4

26/06/2002,23:01:40,nan,0.0,0.0,0.0,1.6,40.4

26/06/2002,23:16:40,nan,0.0,0.0,0.0,1.4,40.4

26/06/2002,23:31:40,nan,0.0,0.0,0.0,1.2,40.4

26/06/2002,23:46:40,nan,0.0,0.0,0.0,1.2,40.4

27/06/2002,00:01:40,nan,0.0,0.0,0.0,1.2,40.4

27/06/2002,00:16:40,nan,0.0,0.0,0.0,1.2,40.4

27/06/2002,00:31:40,nan,0.0,0.0,0.0,1.0,40.4

27/06/2002,00:46:40,nan,0.0,0.0,0.0,0.8,40.4

27/06/2002,01:01:40,nan,0.0,0.0,0.0,0.6,40.4

27/06/2002,01:16:40,nan,0.0,0.0,0.0,0.6,40.4

27/06/2002,01:31:40,nan,0.0,0.0,0.0,0.6,40.4

27/06/2002,01:46:40,nan,0.0,0.0,0.0,0.4,40.4

27/06/2002,02:01:40,nan,0.0,0.0,0.0,0.4,40.4

27/06/2002,02:16:40,nan,0.0,0.0,0.0,0.4,40.4

27/06/2002,02:31:40,nan,0.0,0.0,0.0,0.4,40.2

27/06/2002,02:46:40,nan,0.0,0.0,0.0,0.4,39.8

27/06/2002,03:01:40,nan,0.0,0.0,0.0,0.4,39.6

27/06/2002,03:16:40,nan,0.0,0.0,0.0,0.4,39.6

27/06/2002,03:31:40,nan,0.0,0.0,0.0,0.4,39.6

27/06/2002,03:46:40,nan,0.0,0.0,0.0,0.4,39.4

27/06/2002,04:01:40,nan,0.0,0.0,0.0,0.4,38.8

27/06/2002,04:16:40,nan,0.0,0.0,0.0,0.4,38.6

27/06/2002,04:31:40,nan,0.0,0.0,0.0,0.4,37.0

27/06/2002,04:46:40,nan,0.0,0.0,0.0,0.4,36.2

27/06/2002,05:01:40,nan,0.0,0.0,0.0,0.4,36.0

27/06/2002,05:16:40,nan,0.0,0.0,0.0,0.2,35.8

27/06/2002,05:31:40,nan,0.0,0.0,0.0,0.2,35.8

27/06/2002,05:46:40,nan,0.0,0.0,0.0,0.2,35.6

27/06/2002,06:01:40,nan,0.0,0.0,0.0,0.2,35.6

27/06/2002,06:16:40,nan,0.0,0.0,0.0,0.2,34.4

27/06/2002,06:31:40,nan,0.0,0.0,0.0,0.2,28.2

27/06/2002,06:46:40,nan,0.0,0.0,0.0,0.2,26.6

27/06/2002,07:01:40,nan,0.0,0.0,0.0,0.2,26.2

27/06/2002,07:16:40,nan,0.0,0.0,0.0,0.2,26.0

27/06/2002,07:31:40,nan,0.0,0.0,0.0,0.2,25.8

27/06/2002,07:46:40,nan,0.0,0.0,0.0,0.2,25.0

27/06/2002,08:01:40,nan,0.0,0.0,0.0,0.2,24.4

27/06/2002,08:16:40,nan,0.0,0.0,0.0,0.2,22.8

27/06/2002,08:31:40,nan,0.0,0.0,0.0,0.2,22.2

27/06/2002,08:46:40,nan,0.0,0.0,0.0,0.2,21.0

27/06/2002,09:01:40,nan,0.0,0.0,0.0,0.2,17.8

27/06/2002,09:16:40,nan,0.0,0.0,0.0,0.2,13.2

27/06/2002,09:31:40,nan,0.0,0.0,0.0,0.2,8.6

27/06/2002,09:46:40,nan,0.0,0.0,0.0,0.2,6.8

27/06/2002,10:01:40,nan,0.0,0.0,0.0,0.2,6.2

27/06/2002,10:16:40,nan,0.0,0.0,0.0,0.2,6.0

27/06/2002,10:31:40,nan,0.0,0.0,0.0,0.2,5.6

27/06/2002,10:46:40,nan,0.0,0.0,0.0,0.2,5.4

27/06/2002,11:01:40,nan,0.0,0.0,0.0,0.2,5.2

27/06/2002,11:16:40,nan,0.0,0.0,0.0,0.2,4.8

27/06/2002,11:31:40,nan,0.0,0.0,0.0,0.2,4.6

27/06/2002,11:46:40,nan,0.0,0.0,0.0,0.0,4.6

27/06/2002,12:01:40,nan,0.0,0.0,0.0,0.0,4.4

27/06/2002,12:16:40,nan,0.0,0.0,0.0,0.0,4.4

27/06/2002,12:31:40,nan,0.0,0.0,0.0,0.0,4.4

27/06/2002,12:46:40,nan,0.0,0.0,0.0,0.0,3.8

27/06/2002,13:01:40,nan,0.0,0.0,0.0,0.0,3.6

27/06/2002,13:16:40,nan,0.0,0.0,0.0,0.0,2.8

27/06/2002,13:31:40,nan,0.0,0.0,0.0,0.0,2.8

27/06/2002,13:46:40,nan,0.0,0.0,0.0,0.0,2.6

27/06/2002,14:01:40,nan,0.0,0.0,0.0,0.0,2.6

27/06/2002,14:16:40,nan,0.0,0.0,0.0,0.0,2.6

27/06/2002,14:31:40,nan,0.0,0.0,0.0,0.0,2.6

27/06/2002,14:46:40,nan,0.0,0.0,0.0,0.0,2.6

27/06/2002,15:01:40,nan,0.0,0.0,0.0,0.0,2.6

27/06/2002,15:16:40,nan,0.0,0.0,0.0,0.0,2.6

27/06/2002,15:31:40,nan,0.0,0.0,0.0,0.0,2.6

27/06/2002,15:46:40,nan,0.0,0.0,0.0,0.0,2.6

27/06/2002,16:01:40,nan,0.0,0.0,0.0,0.0,2.6

27/06/2002,16:16:40,nan,0.0,0.0,0.0,0.0,2.6

27/06/2002,16:31:40,nan,0.0,0.0,0.0,0.0,2.6

27/06/2002,16:46:40,nan,0.0,0.0,0.0,0.0,2.6

27/06/2002,17:01:40,nan,0.0,0.0,0.0,0.0,2.6

27/06/2002,17:16:40,nan,0.0,0.0,0.0,0.0,2.6

27/06/2002,17:31:40,nan,0.0,0.0,0.0,0.0,2.6

27/06/2002,17:46:40,nan,0.0,0.0,0.0,0.0,2.2

27/06/2002,18:01:40,nan,0.0,0.0,0.0,0.0,1.8

27/06/2002,18:16:40,nan,0.0,0.0,0.0,0.0,1.8

27/06/2002,18:31:40,nan,0.0,0.0,0.0,0.0,1.8

27/06/2002,18:46:40,nan,0.0,0.0,0.0,0.0,1.8

27/06/2002,19:01:40,nan,0.0,0.0,0.0,0.0,1.8

27/06/2002,19:16:40,nan,0.0,0.0,0.0,0.0,1.8

27/06/2002,19:31:40,nan,0.0,0.0,0.0,0.0,1.8

27/06/2002,19:46:40,nan,0.0,0.0,0.0,0.0,1.8

27/06/2002,20:01:40,nan,0.0,0.0,0.0,0.0,1.8

27/06/2002,20:16:40,nan,0.0,0.0,0.0,0.0,1.8

27/06/2002,20:31:40,nan,0.0,0.0,0.0,0.0,1.8

27/06/2002,20:46:40,nan,0.0,0.0,0.0,0.0,1.8

27/06/2002,21:01:40,nan,0.0,0.0,0.0,0.0,1.8

27/06/2002,21:16:40,nan,0.0,0.0,0.0,0.0,1.8

27/06/2002,21:31:40,nan,0.0,0.0,0.0,0.0,1.8

27/06/2002,21:46:40,nan,0.0,0.0,0.0,0.0,1.8

27/06/2002,22:01:40,nan,0.0,0.0,0.0,0.0,1.8

27/06/2002,22:16:40,nan,0.0,0.0,0.0,0.0,1.8

27/06/2002,22:31:40,nan,0.0,0.0,0.0,0.0,1.8

27/06/2002,22:46:40,nan,0.0,0.0,0.0,0.0,1.6

27/06/2002,23:01:40,nan,0.0,0.0,0.0,0.0,1.6

27/06/2002,23:16:40,nan,0.0,0.0,0.0,0.0,1.6

27/06/2002,23:31:40,nan,0.0,0.0,0.0,0.0,1.6

27/06/2002,23:46:40,nan,0.0,0.0,0.0,0.0,1.6

28/06/2002,00:01:40,nan,0.0,0.0,0.0,0.0,1.6

28/06/2002,00:16:40,nan,0.0,0.0,0.0,0.0,1.6

28/06/2002,00:31:40,nan,0.0,0.0,0.0,0.0,1.6

28/06/2002,00:46:40,nan,0.0,0.0,0.0,0.0,1.6

28/06/2002,01:01:40,nan,0.0,0.0,0.0,0.0,1.6

28/06/2002,01:16:40,nan,0.0,0.0,0.0,0.0,1.6

28/06/2002,01:31:40,nan,0.0,0.0,0.0,0.0,1.6

28/06/2002,01:46:40,nan,0.0,0.0,0.0,0.0,1.6

28/06/2002,02:01:40,nan,0.0,0.0,0.0,0.0,1.6

28/06/2002,02:16:40,nan,0.0,0.0,0.0,0.0,1.6

28/06/2002,02:31:40,nan,0.0,0.0,0.0,0.0,1.6

28/06/2002,02:46:40,nan,0.0,0.0,0.0,0.0,1.6

28/06/2002,03:01:40,nan,0.0,0.0,0.0,0.0,1.6

28/06/2002,03:16:40,nan,0.0,0.0,0.0,0.0,1.6

28/06/2002,03:31:40,nan,0.0,0.0,0.0,0.0,1.6

28/06/2002,03:46:40,nan,0.0,0.0,0.0,0.0,1.6

28/06/2002,04:01:40,nan,0.0,0.0,0.0,0.0,1.6

28/06/2002,04:16:40,nan,0.0,0.0,0.0,0.0,1.6

28/06/2002,04:31:40,nan,0.0,0.0,0.0,0.0,1.6

28/06/2002,04:46:40,nan,0.0,0.0,0.0,0.0,1.6

28/06/2002,05:01:40,nan,0.0,0.0,0.0,0.0,1.6

28/06/2002,05:16:40,nan,0.0,0.0,0.0,0.0,1.6

28/06/2002,05:31:40,nan,0.0,0.0,0.0,0.0,1.6

28/06/2002,05:46:40,nan,0.0,0.0,0.0,0.0,1.6

28/06/2002,06:01:40,nan,0.0,0.0,0.0,0.0,1.6

28/06/2002,06:16:40,nan,0.0,0.0,0.0,0.0,1.6

28/06/2002,06:31:40,nan,0.0,0.0,0.0,0.0,1.6

28/06/2002,06:46:40,nan,0.0,0.0,0.0,0.0,1.6

28/06/2002,07:01:40,nan,0.0,0.0,0.0,0.0,1.6

28/06/2002,07:16:40,nan,0.0,0.0,0.0,0.0,1.6

28/06/2002,07:31:40,nan,0.0,0.0,0.0,0.0,1.6

28/06/2002,07:46:40,nan,0.0,0.0,0.0,0.0,1.6

28/06/2002,08:01:40,nan,0.0,0.0,0.0,0.0,1.6

28/06/2002,08:16:40,nan,0.0,0.0,0.0,0.0,1.6

28/06/2002,08:31:40,nan,0.0,0.0,0.0,0.0,1.6

28/06/2002,08:46:40,nan,0.0,0.0,0.0,0.0,1.6

28/06/2002,09:01:40,nan,0.0,0.0,0.0,0.0,1.6

28/06/2002,09:16:40,nan,0.0,0.0,0.0,0.0,1.6

28/06/2002,09:31:40,nan,0.0,0.0,0.0,0.0,1.6

28/06/2002,09:46:40,nan,0.0,0.0,0.0,0.0,1.6

28/06/2002,10:01:40,nan,0.0,0.0,0.0,0.0,1.6

28/06/2002,10:16:40,nan,0.0,0.0,0.0,0.0,1.6

28/06/2002,10:31:40,nan,0.0,0.0,0.0,0.0,1.6

28/06/2002,10:46:40,nan,0.0,0.0,0.0,0.0,1.6

28/06/2002,11:01:40,nan,0.0,0.0,0.0,0.0,1.6

28/06/2002,11:16:40,nan,0.0,0.0,0.0,0.0,1.6

28/06/2002,11:31:40,nan,0.0,0.0,0.0,0.0,1.6

28/06/2002,11:46:40,nan,0.0,0.0,0.0,0.0,1.6

28/06/2002,12:01:40,nan,0.0,0.0,0.0,0.0,1.6

28/06/2002,12:16:40,nan,0.0,0.0,0.0,0.0,1.6

28/06/2002,12:31:40,nan,0.0,0.0,0.0,0.0,1.6

28/06/2002,12:46:40,nan,0.0,0.0,0.0,0.0,1.6

28/06/2002,13:01:40,nan,0.0,0.0,0.0,0.0,1.6

28/06/2002,13:16:40,nan,0.0,0.0,0.0,0.0,1.6

28/06/2002,13:31:40,nan,0.0,0.0,0.0,0.0,1.6

28/06/2002,13:46:40,nan,0.0,0.0,0.0,0.0,1.6

28/06/2002,14:01:40,nan,0.0,0.0,0.0,0.0,1.6

28/06/2002,14:16:40,nan,0.0,0.0,0.0,0.0,1.6

28/06/2002,14:31:40,nan,0.0,0.0,0.0,0.0,1.6

28/06/2002,14:46:40,nan,0.0,0.0,0.0,0.0,1.6

28/06/2002,15:01:40,nan,0.0,0.0,0.0,0.0,1.6

28/06/2002,15:16:40,nan,0.0,0.0,0.0,0.0,1.6

28/06/2002,15:31:40,nan,0.0,0.0,0.0,0.0,1.6

28/06/2002,15:46:40,nan,0.0,0.0,0.0,0.0,1.6

28/06/2002,16:01:40,nan,0.0,0.0,0.0,0.0,1.6

28/06/2002,16:16:40,nan,0.0,0.0,0.0,0.0,1.6

28/06/2002,16:31:40,nan,0.0,0.0,0.0,0.0,1.6

28/06/2002,16:46:40,nan,0.0,0.0,0.0,0.0,1.6

28/06/2002,17:01:40,nan,0.0,0.0,0.0,0.0,1.6

28/06/2002,17:16:40,nan,0.0,0.0,0.0,0.0,1.6

28/06/2002,17:31:40,nan,0.0,0.0,0.0,0.0,1.6

28/06/2002,17:46:40,nan,0.0,0.0,0.0,0.0,1.6

28/06/2002,18:01:40,nan,0.0,0.0,0.0,0.0,1.6

28/06/2002,18:16:40,nan,0.0,0.0,0.0,0.0,1.6

28/06/2002,18:31:40,nan,0.0,0.0,0.0,0.0,1.6

28/06/2002,18:46:40,nan,0.0,0.0,0.0,0.0,1.6

28/06/2002,19:01:40,nan,0.0,0.0,0.0,0.0,1.6

28/06/2002,19:16:40,nan,0.0,0.0,0.0,0.0,1.6

28/06/2002,19:31:40,nan,0.0,0.0,0.0,0.0,1.6

28/06/2002,19:46:40,nan,0.0,0.0,0.0,0.0,1.6

28/06/2002,20:01:40,nan,0.0,0.0,0.0,0.0,1.6

28/06/2002,20:16:40,nan,0.0,0.0,0.0,0.0,1.6

28/06/2002,20:31:40,nan,0.0,0.0,0.0,0.0,1.6

28/06/2002,20:46:40,nan,0.0,0.0,0.0,0.0,1.6

28/06/2002,21:01:40,nan,0.0,0.0,0.0,0.0,1.6

28/06/2002,21:16:40,nan,0.0,0.0,0.0,0.0,1.6

28/06/2002,21:31:40,nan,0.0,0.0,0.0,0.0,1.6

28/06/2002,21:46:40,nan,0.0,0.0,0.0,0.0,1.6

28/06/2002,22:01:40,nan,0.0,0.0,0.0,0.0,1.6

28/06/2002,22:16:40,nan,0.0,0.0,0.0,0.0,1.6

28/06/2002,22:31:40,nan,0.0,0.0,0.0,0.0,1.6

28/06/2002,22:46:40,nan,0.0,0.0,0.0,0.0,1.6

28/06/2002,23:01:40,nan,0.0,0.0,0.0,0.0,1.6

28/06/2002,23:16:40,nan,0.0,0.0,0.0,0.0,1.6

28/06/2002,23:31:40,nan,0.0,0.0,0.0,0.0,1.6

28/06/2002,23:46:40,nan,0.0,0.0,0.0,0.0,1.6

29/06/2002,00:01:40,nan,0.0,0.0,0.0,0.0,1.6

29/06/2002,00:16:40,nan,0.0,0.0,0.0,0.0,1.6

29/06/2002,00:31:40,nan,0.0,0.0,0.0,0.0,1.6

29/06/2002,00:46:40,nan,0.0,0.0,0.0,0.0,1.6

29/06/2002,01:01:40,nan,0.0,0.0,0.0,0.0,1.6

29/06/2002,01:16:40,nan,0.0,0.0,0.0,0.0,1.6

29/06/2002,01:31:40,nan,0.0,0.0,0.0,0.0,1.6

29/06/2002,01:46:40,nan,0.0,0.0,0.0,0.0,1.6

29/06/2002,02:01:40,nan,0.0,0.0,0.0,0.0,1.6

29/06/2002,02:16:40,nan,0.0,0.0,0.0,0.0,1.6

29/06/2002,02:31:40,nan,0.0,0.0,0.0,0.0,1.6

29/06/2002,02:46:40,nan,0.0,0.0,0.0,0.0,1.6

29/06/2002,03:01:40,nan,0.0,0.0,0.0,0.0,1.6

29/06/2002,03:16:40,nan,0.0,0.0,0.0,0.0,1.6

29/06/2002,03:31:40,nan,0.0,0.0,0.0,0.0,1.6

29/06/2002,03:46:40,nan,0.0,0.0,0.0,0.0,1.6

29/06/2002,04:01:40,nan,0.0,0.0,0.0,0.0,1.6

29/06/2002,04:16:40,nan,0.0,0.0,0.0,0.0,1.6

29/06/2002,04:31:40,nan,0.0,0.0,0.0,0.0,1.6

29/06/2002,04:46:40,nan,0.0,0.0,0.0,0.0,1.6

29/06/2002,05:01:40,nan,0.0,0.0,0.0,0.0,1.6

29/06/2002,05:16:40,nan,0.0,0.0,0.0,0.0,1.6

29/06/2002,05:31:40,nan,0.0,0.0,0.0,0.0,1.6

29/06/2002,05:46:40,nan,0.0,0.0,0.0,0.0,1.6

29/06/2002,06:01:40,nan,0.0,0.0,0.0,0.0,1.6

29/06/2002,06:16:40,nan,0.0,0.0,0.0,0.0,1.6

29/06/2002,06:31:40,nan,0.0,0.0,0.0,0.0,1.6

29/06/2002,06:46:40,nan,0.0,0.0,0.0,0.0,1.6

29/06/2002,07:01:40,nan,0.0,0.0,0.0,0.0,1.6

29/06/2002,07:16:40,nan,0.0,0.0,0.0,0.0,1.6

29/06/2002,07:31:40,nan,0.0,0.0,0.0,0.0,1.6

29/06/2002,07:46:40,nan,0.0,0.0,0.0,0.0,1.6

29/06/2002,08:01:40,nan,0.0,0.0,0.0,0.0,1.6

29/06/2002,08:16:40,nan,0.0,0.0,0.0,0.0,1.6

29/06/2002,08:31:40,nan,0.0,0.0,0.0,0.0,1.6

29/06/2002,08:46:40,nan,0.0,0.0,0.0,0.0,1.6

29/06/2002,09:01:40,nan,0.0,0.0,0.0,0.0,1.6

29/06/2002,09:16:40,nan,0.0,0.0,0.0,0.0,1.6

29/06/2002,09:31:40,nan,0.0,0.0,0.0,0.0,1.6

29/06/2002,09:46:40,nan,0.0,0.0,0.0,0.0,1.6

29/06/2002,10:01:40,nan,0.0,0.0,0.0,0.0,1.6

29/06/2002,10:16:40,nan,0.0,0.0,0.0,0.0,1.6

29/06/2002,10:31:40,nan,0.0,0.0,0.0,0.0,1.6

29/06/2002,10:46:40,nan,0.0,0.0,0.0,0.0,1.6

29/06/2002,11:01:40,nan,0.0,0.0,0.0,0.0,1.6

29/06/2002,11:16:40,nan,0.0,0.0,0.0,0.0,1.6

29/06/2002,11:31:40,nan,0.0,0.0,0.0,0.0,1.6

29/06/2002,11:46:40,nan,0.0,0.0,0.0,0.0,1.6

29/06/2002,12:01:40,nan,0.0,0.0,0.0,0.0,1.6

29/06/2002,12:16:40,nan,0.0,0.0,0.0,0.0,1.6

29/06/2002,12:31:40,nan,0.0,0.0,0.0,0.0,1.6

29/06/2002,12:46:40,nan,0.0,0.0,0.0,0.0,1.6

29/06/2002,13:01:40,nan,0.0,0.0,0.0,0.0,1.6

29/06/2002,13:16:40,nan,0.0,0.0,0.0,0.0,1.6

29/06/2002,13:31:40,nan,0.0,0.0,0.0,0.0,1.6

29/06/2002,13:46:40,nan,0.0,0.0,0.0,0.0,1.6

29/06/2002,14:01:40,nan,0.0,0.0,0.0,0.0,1.6

29/06/2002,14:16:40,nan,0.0,0.0,0.0,0.0,1.6

29/06/2002,14:31:40,nan,0.0,0.0,0.0,0.0,1.6

29/06/2002,14:46:40,nan,0.0,0.0,0.0,0.0,1.6

29/06/2002,15:01:40,nan,0.0,0.0,0.0,0.0,1.6

29/06/2002,15:16:40,nan,0.0,0.0,0.0,0.0,1.6

29/06/2002,15:31:40,nan,0.0,0.0,0.0,0.0,1.6

29/06/2002,15:46:40,nan,0.0,0.0,0.0,0.0,1.6

29/06/2002,16:01:40,nan,0.0,0.0,0.0,0.0,1.6

29/06/2002,16:16:40,nan,0.0,0.0,0.0,0.0,1.6

29/06/2002,16:31:40,nan,0.0,0.0,0.0,0.0,1.6

29/06/2002,16:46:40,nan,0.0,0.0,0.0,0.0,1.6

29/06/2002,17:01:40,nan,0.0,0.0,0.0,0.0,1.6

29/06/2002,17:16:40,nan,0.0,0.0,0.0,0.0,1.6

29/06/2002,17:31:40,nan,0.0,0.0,0.0,0.0,1.6

29/06/2002,17:46:40,nan,0.0,0.0,0.0,0.0,1.6

29/06/2002,18:01:40,nan,0.0,0.0,0.0,0.0,1.6

29/06/2002,18:16:40,nan,0.0,0.0,0.0,0.0,1.6

29/06/2002,18:31:40,nan,0.0,0.0,0.0,0.0,1.6

29/06/2002,18:46:40,nan,0.0,0.0,0.0,0.0,1.6

29/06/2002,19:01:40,nan,0.0,0.0,0.0,0.0,1.6

29/06/2002,19:16:40,nan,0.0,0.0,0.0,0.0,1.6

29/06/2002,19:31:40,nan,0.0,0.0,0.0,0.0,1.6

29/06/2002,19:46:40,nan,0.0,0.0,0.0,0.0,1.6

29/06/2002,20:01:40,nan,0.0,0.0,0.0,0.0,1.6

29/06/2002,20:16:40,nan,0.0,0.0,0.0,0.0,1.6

29/06/2002,20:31:40,nan,0.0,0.0,0.0,0.0,1.6

29/06/2002,20:46:40,nan,0.0,0.0,0.0,0.0,1.6

29/06/2002,21:01:40,nan,0.0,0.0,0.0,0.0,1.6

29/06/2002,21:16:40,nan,0.0,0.0,0.0,0.0,1.6

29/06/2002,21:31:40,nan,0.0,0.0,0.0,0.0,1.6

29/06/2002,21:46:40,nan,0.0,0.0,0.0,0.0,1.6

29/06/2002,22:01:40,nan,0.0,0.0,0.0,0.0,1.6

29/06/2002,22:16:40,nan,0.0,0.0,0.0,0.0,1.6

29/06/2002,22:31:40,nan,0.0,0.0,0.0,0.0,1.6

29/06/2002,22:46:40,nan,0.0,0.0,0.0,0.0,1.6

29/06/2002,23:01:40,nan,0.0,0.0,0.0,0.0,1.6

29/06/2002,23:16:40,nan,0.0,0.0,0.0,0.0,1.4

29/06/2002,23:31:40,nan,0.0,0.0,0.0,0.0,1.2

29/06/2002,23:46:40,nan,0.0,0.0,0.0,0.0,1.2

30/06/2002,00:01:40,nan,0.0,0.0,0.0,0.0,1.2

30/06/2002,00:16:40,nan,0.0,0.0,0.0,0.0,1.2

30/06/2002,00:31:40,nan,0.0,0.0,0.0,0.0,1.0

30/06/2002,00:46:40,nan,0.0,0.0,0.0,0.0,0.8

30/06/2002,01:01:40,nan,0.0,0.0,0.0,0.0,0.6

30/06/2002,01:16:40,nan,0.0,0.0,0.0,0.0,0.6

30/06/2002,01:31:40,nan,0.0,0.0,0.0,0.0,0.6

30/06/2002,01:46:40,nan,0.0,0.0,0.0,0.0,0.4

30/06/2002,02:01:40,nan,0.0,0.0,0.0,0.0,0.4

30/06/2002,02:16:40,nan,0.0,0.0,0.0,0.0,0.4

30/06/2002,02:31:40,nan,0.0,0.0,0.0,0.0,0.4

30/06/2002,02:46:40,nan,0.0,0.0,0.0,0.0,0.4

30/06/2002,03:01:40,nan,0.0,0.0,0.0,0.0,0.4

30/06/2002,03:16:40,nan,0.0,0.0,0.0,0.0,0.4

30/06/2002,03:31:40,nan,0.0,0.0,0.0,0.0,0.4

30/06/2002,03:46:40,nan,0.0,0.0,0.0,0.0,0.4

30/06/2002,04:01:40,nan,0.0,0.0,0.0,0.0,0.4

30/06/2002,04:16:40,nan,0.0,0.0,0.0,0.0,0.4

30/06/2002,04:31:40,nan,0.0,0.0,0.0,0.0,0.4

30/06/2002,04:46:40,nan,0.0,0.0,0.0,0.0,0.4

30/06/2002,05:01:40,nan,0.0,0.0,0.0,0.0,0.4

30/06/2002,05:16:40,nan,0.0,0.0,0.0,0.0,0.2

30/06/2002,05:31:40,nan,0.0,0.0,0.0,0.0,0.2

30/06/2002,05:46:40,nan,0.0,0.0,0.0,0.0,0.2

30/06/2002,06:01:40,nan,0.0,0.0,0.0,0.0,0.2

30/06/2002,06:16:40,nan,0.0,0.0,0.0,0.0,0.2

30/06/2002,06:31:40,nan,0.0,0.0,0.0,0.0,0.2

30/06/2002,06:46:40,nan,0.0,0.0,0.0,0.0,0.2

30/06/2002,07:01:40,nan,0.0,0.0,0.0,0.0,0.2

30/06/2002,07:16:40,nan,0.0,0.0,0.0,0.0,0.2

30/06/2002,07:31:40,nan,0.0,0.0,0.0,0.0,0.2

30/06/2002,07:46:40,nan,0.0,0.0,0.0,0.0,0.2

30/06/2002,08:01:40,nan,0.0,0.0,0.0,0.0,0.2

30/06/2002,08:16:40,nan,0.0,0.0,0.0,0.0,0.2

30/06/2002,08:31:40,nan,0.0,0.0,0.0,0.0,0.2

30/06/2002,08:46:40,nan,0.0,0.0,0.0,0.0,0.2

30/06/2002,09:01:40,nan,0.0,0.0,0.0,0.0,0.2

30/06/2002,09:16:40,nan,0.0,0.0,0.0,0.0,0.2

30/06/2002,09:31:40,nan,0.0,0.0,0.0,0.0,0.2

30/06/2002,09:46:40,nan,0.0,0.0,0.0,0.0,0.2

30/06/2002,10:01:40,nan,0.0,0.0,0.0,0.0,0.2

30/06/2002,10:16:40,nan,0.0,0.0,0.0,0.0,0.2

30/06/2002,10:31:40,nan,0.0,0.0,0.0,0.0,0.2

30/06/2002,10:46:40,nan,0.0,0.0,0.0,0.0,0.2

30/06/2002,11:01:40,nan,0.0,0.0,0.0,0.0,0.2

30/06/2002,11:16:40,nan,0.0,0.0,0.0,0.0,0.2

30/06/2002,11:31:40,nan,0.0,0.0,0.0,0.0,0.2

30/06/2002,11:46:40,nan,0.0,0.0,0.0,0.0,0.0

30/06/2002,12:01:40,nan,0.0,0.0,0.0,0.0,0.0

30/06/2002,12:16:40,nan,0.0,0.0,0.0,0.0,0.0

30/06/2002,12:31:40,nan,0.0,0.0,0.0,0.0,0.0

30/06/2002,12:46:40,nan,0.0,0.0,0.0,0.0,0.0

30/06/2002,13:01:40,nan,0.0,0.0,0.0,0.0,0.0

30/06/2002,13:16:40,nan,0.0,0.0,0.0,0.0,0.0

30/06/2002,13:31:40,nan,0.0,0.0,0.0,0.0,0.0

30/06/2002,13:46:40,nan,0.0,0.0,0.0,0.0,0.0

30/06/2002,14:01:40,nan,0.0,0.0,0.0,0.0,0.0

30/06/2002,14:16:40,nan,0.0,0.0,0.0,0.0,0.0

30/06/2002,14:31:40,nan,0.0,0.0,0.0,0.0,0.0

30/06/2002,14:46:40,nan,0.0,0.0,0.0,0.0,0.0

30/06/2002,15:01:40,nan,0.0,0.0,0.0,0.0,0.0

30/06/2002,15:16:40,nan,0.0,0.0,0.0,0.0,0.0

30/06/2002,15:31:40,nan,0.0,0.0,0.0,0.0,0.0

30/06/2002,15:46:40,nan,0.0,0.0,0.0,0.0,0.0

30/06/2002,16:01:40,nan,0.0,0.0,0.0,0.0,0.0

30/06/2002,16:16:40,nan,0.0,0.0,0.0,0.0,0.0

30/06/2002,16:31:40,nan,0.0,0.0,0.0,0.0,0.0

30/06/2002,16:46:40,nan,0.0,0.0,0.0,0.0,0.0

30/06/2002,17:01:40,nan,0.0,0.0,0.0,0.0,0.0

30/06/2002,17:16:40,nan,0.0,0.0,0.0,0.0,0.0

30/06/2002,17:31:40,nan,0.0,0.0,0.0,0.0,0.0

30/06/2002,17:46:40,nan,0.0,0.0,0.0,0.0,0.0

30/06/2002,18:01:40,nan,0.0,0.0,0.0,0.0,0.0

30/06/2002,18:16:40,nan,0.0,0.0,0.0,0.0,0.0

30/06/2002,18:31:40,nan,0.0,0.0,0.0,0.0,0.0

30/06/2002,18:46:40,nan,0.0,0.0,0.0,0.0,0.0

30/06/2002,19:01:40,nan,0.0,0.0,0.0,0.0,0.0

30/06/2002,19:16:40,nan,0.0,0.0,0.0,0.0,0.0

30/06/2002,19:31:40,nan,0.0,0.0,0.0,0.0,0.0

30/06/2002,19:46:40,nan,0.0,0.0,0.0,0.0,0.0

30/06/2002,20:01:40,nan,0.0,0.0,0.0,0.0,0.0

30/06/2002,20:16:40,nan,0.0,0.0,0.0,0.0,0.0

30/06/2002,20:31:40,nan,0.0,0.0,0.0,0.0,0.0

30/06/2002,20:46:40,nan,0.0,0.0,0.0,0.0,0.0

30/06/2002,21:01:40,nan,0.0,0.0,0.0,0.0,0.0

30/06/2002,21:16:40,nan,0.0,0.0,0.0,0.0,0.0

30/06/2002,21:31:40,nan,0.0,0.0,0.0,0.0,0.0

30/06/2002,21:46:40,nan,0.0,0.0,0.0,0.0,0.0

30/06/2002,22:01:40,nan,0.0,0.0,0.0,0.0,0.0

30/06/2002,22:16:40,nan,0.0,0.0,0.0,0.0,0.0

30/06/2002,22:31:40,nan,0.0,0.0,0.0,0.0,0.0

30/06/2002,22:46:40,nan,0.0,0.0,0.0,0.0,0.0

30/06/2002,23:01:40,nan,0.0,0.0,0.0,0.0,0.0

30/06/2002,23:16:40,nan,0.0,0.0,0.0,0.0,0.0

30/06/2002,23:31:40,nan,0.0,0.0,0.0,0.0,0.0

30/06/2002,23:46:40,nan,0.0,0.0,0.0,0.0,0.0

