Dia,Hora,HBV,15 min,01 h,04 h,24 h,96 h

01/03/2020,00:00:00,nan,4.2,21.4,33.0,33.2,44.6

01/03/2020,00:15:00,nan,3.4,22.6,32.2,36.6,48.0

01/03/2020,00:30:00,nan,1.8,13.2,33.4,38.4,49.8

01/03/2020,00:45:00,nan,1.0,10.4,33.4,39.4,50.8

01/03/2020,01:00:00,nan,2.0,8.2,nan,41.4,52.6

01/03/2020,01:15:00,nan,1.4,6.2,36.4,42.8,54.0

01/03/2020,01:30:00,nan,0.8,5.2,37.0,43.6,54.8

01/03/2020,01:45:00,nan,3.2,7.4,40.0,46.8,57.8

01/03/2020,02:00:00,nan,7.8,13.2,46.6,54.6,65.6

01/03/2020,02:15:00,nan,9.4,21.2,53.4,64.0,75.0

01/03/2020,02:30:00,nan,8.6,29.0,61.0,72.6,83.6

01/03/2020,02:45:00,nan,6.4,32.2,67.2,79.0,89.8

01/03/2020,03:00:00,nan,1.2,25.6,68.4,80.2,91.0

01/03/2020,03:15:00,nan,0.4,16.6,66.6,80.6,91.4

01/03/2020,03:30:00,nan,2.0,10.0,57.4,82.6,93.4

01/03/2020,03:45:00,nan,1.6,5.2,55.2,84.2,95.0

01/03/2020,04:00:00,nan,1.6,5.6,52.6,85.8,96.6

01/03/2020,04:15:00,nan,0.8,6.0,50.0,86.6,97.4

01/03/2020,04:30:00,nan,1.2,5.2,49.4,87.8,98.6

01/03/2020,04:45:00,nan,0.8,4.4,49.2,88.6,99.4

01/03/2020,05:00:00,nan,0.0,2.8,47.2,88.6,99.4

01/03/2020,05:15:00,nan,0.2,2.2,46.0,88.8,99.6

01/03/2020,05:30:00,nan,0.0,1.0,45.2,88.8,99.6

01/03/2020,05:45:00,nan,0.0,0.2,42.0,88.8,99.6

01/03/2020,06:00:00,nan,0.0,0.2,34.2,88.8,99.6

01/03/2020,06:15:00,nan,0.0,0.0,24.8,88.8,99.6

01/03/2020,06:30:00,nan,0.0,0.0,16.2,88.8,99.6

01/03/2020,06:45:00,nan,1.2,1.2,11.0,90.0,100.8

01/03/2020,07:00:00,nan,2.2,3.4,12.0,92.2,103.0

01/03/2020,07:15:00,nan,0.4,3.8,12.0,92.6,103.4

01/03/2020,07:30:00,nan,0.8,4.6,10.8,93.4,104.2

01/03/2020,07:45:00,nan,0.2,3.6,9.4,93.6,104.4

01/03/2020,08:00:00,nan,0.0,1.4,7.8,93.6,104.4

01/03/2020,08:15:00,nan,0.8,1.8,7.8,94.4,105.2

01/03/2020,08:30:00,nan,0.2,1.2,6.8,94.6,105.4

01/03/2020,08:45:00,nan,0.2,1.2,6.2,94.8,105.6

01/03/2020,09:00:00,nan,0.0,1.2,6.2,94.8,105.6

01/03/2020,09:15:00,nan,0.0,0.4,6.0,94.8,105.6

01/03/2020,09:30:00,nan,0.0,0.2,6.0,94.8,105.6

01/03/2020,09:45:00,nan,0.0,0.0,6.0,94.8,105.6

01/03/2020,10:00:00,nan,0.0,0.0,6.0,94.8,105.6

01/03/2020,10:15:00,nan,0.0,0.0,6.0,94.8,105.6

01/03/2020,10:30:00,nan,nan,nan,nan,nan,nan

01/03/2020,10:45:00,nan,nan,1.0,5.8,95.8,106.6

01/03/2020,11:00:00,nan,1.0,2.0,4.6,96.8,107.6

01/03/2020,11:15:00,nan,0.4,2.4,4.6,97.2,108.0

01/03/2020,11:30:00,nan,0.0,nan,3.8,nan,108.0

01/03/2020,11:45:00,nan,0.0,1.4,3.6,97.2,108.0

01/03/2020,12:00:00,nan,0.2,0.6,3.8,97.4,108.2

01/03/2020,12:15:00,nan,nan,nan,nan,nan,nan

01/03/2020,12:30:00,nan,nan,2.0,4.6,99.2,110.0

01/03/2020,12:45:00,nan,1.0,3.0,5.4,100.2,111.0

01/03/2020,13:00:00,nan,1.4,4.2,6.8,101.6,112.4

01/03/2020,13:15:00,nan,1.0,nan,7.8,102.6,113.4

01/03/2020,13:30:00,nan,0.0,3.4,7.8,102.6,113.4

01/03/2020,13:45:00,nan,0.2,2.6,8.0,102.8,113.6

01/03/2020,14:00:00,nan,0.0,1.2,8.0,102.8,113.6

01/03/2020,14:15:00,nan,0.2,0.4,8.2,103.0,113.8

01/03/2020,14:30:00,nan,0.0,0.4,nan,103.0,113.8

01/03/2020,14:45:00,nan,0.2,0.4,7.4,103.2,114.0

01/03/2020,15:00:00,nan,0.2,0.6,6.6,103.4,114.2

01/03/2020,15:15:00,nan,0.0,0.4,6.2,103.4,114.2

01/03/2020,15:30:00,nan,0.2,0.6,6.4,103.6,114.4

01/03/2020,15:45:00,nan,0.0,0.4,6.4,103.6,114.4

01/03/2020,16:00:00,nan,0.0,0.2,6.2,103.6,114.4

01/03/2020,16:15:00,nan,0.0,0.2,nan,103.6,114.4

01/03/2020,16:30:00,nan,0.0,0.0,4.4,103.6,114.4

01/03/2020,16:45:00,nan,0.0,0.0,3.4,103.6,114.4

01/03/2020,17:00:00,nan,0.0,0.0,2.0,103.6,114.4

01/03/2020,17:15:00,nan,0.0,0.0,1.0,103.6,114.4

01/03/2020,17:30:00,nan,0.0,0.0,1.0,103.6,114.4

01/03/2020,17:45:00,nan,0.0,0.0,0.8,103.6,114.4

01/03/2020,18:00:00,nan,0.0,0.0,0.8,103.6,114.4

01/03/2020,18:15:00,nan,0.0,0.0,0.6,103.6,114.4

01/03/2020,18:30:00,nan,0.0,0.0,0.6,103.6,114.4

01/03/2020,18:45:00,nan,0.0,0.0,0.4,103.6,114.4

01/03/2020,19:00:00,nan,0.0,0.0,0.2,103.6,114.4

01/03/2020,19:15:00,nan,0.0,0.0,0.2,103.6,114.4

01/03/2020,19:30:00,nan,0.0,0.0,0.0,103.6,114.4

01/03/2020,19:45:00,nan,0.0,0.0,0.0,103.6,114.4

01/03/2020,20:00:00,nan,0.0,0.0,0.0,103.4,114.4

01/03/2020,20:15:00,nan,0.0,0.0,0.0,99.2,114.4

01/03/2020,20:30:00,nan,0.0,0.0,0.0,98.6,114.4

01/03/2020,20:45:00,nan,0.0,0.0,0.0,97.6,114.4

01/03/2020,21:00:00,nan,0.0,0.0,0.0,nan,114.4

01/03/2020,21:15:00,nan,0.0,0.0,0.0,97.2,114.4

01/03/2020,21:30:00,nan,0.0,0.0,0.0,97.0,114.4

01/03/2020,21:45:00,nan,0.0,0.0,0.0,96.8,114.4

01/03/2020,22:00:00,nan,0.0,0.0,0.0,95.6,114.4

01/03/2020,22:15:00,nan,0.0,0.0,0.0,93.0,114.4

01/03/2020,22:30:00,nan,0.0,0.0,0.0,92.0,114.4

01/03/2020,22:45:00,nan,0.0,0.0,0.0,91.8,114.4

01/03/2020,23:00:00,nan,0.0,0.0,0.0,91.8,114.4

01/03/2020,23:15:00,nan,0.0,0.0,0.0,89.6,114.4

01/03/2020,23:30:00,nan,0.0,0.0,0.0,78.4,114.4

01/03/2020,23:45:00,nan,0.0,0.0,0.0,74.6,114.4

02/03/2020,00:00:00,nan,0.2,0.2,0.2,70.6,114.6

02/03/2020,00:15:00,nan,0.0,0.2,0.2,67.2,114.6

02/03/2020,00:30:00,nan,0.0,0.2,0.2,65.4,114.6

02/03/2020,00:45:00,nan,0.0,0.2,0.2,64.4,114.6

02/03/2020,01:00:00,nan,0.0,0.0,0.2,62.4,114.6

02/03/2020,01:15:00,nan,0.0,0.0,0.2,61.0,114.6

02/03/2020,01:30:00,nan,0.0,0.0,0.2,60.2,114.6

02/03/2020,01:45:00,nan,0.0,0.0,0.2,57.0,114.6

02/03/2020,02:00:00,nan,0.0,0.0,0.2,49.2,114.6

02/03/2020,02:15:00,nan,0.0,0.0,0.2,39.8,114.6

02/03/2020,02:30:00,nan,0.0,0.0,0.2,31.2,114.6

02/03/2020,02:45:00,nan,0.0,0.0,0.2,24.8,114.6

02/03/2020,03:00:00,nan,0.0,0.0,0.2,23.6,114.6

02/03/2020,03:15:00,nan,0.0,0.0,0.2,23.2,114.6

02/03/2020,03:30:00,nan,0.0,0.0,0.2,21.2,114.6

02/03/2020,03:45:00,nan,0.0,0.0,0.2,19.6,114.6

02/03/2020,04:00:00,nan,0.0,0.0,0.0,18.0,114.6

02/03/2020,04:15:00,nan,0.0,0.0,0.0,17.2,114.6

02/03/2020,04:30:00,nan,0.0,0.0,0.0,16.0,114.6

02/03/2020,04:45:00,nan,0.0,0.0,0.0,15.2,114.6

02/03/2020,05:00:00,nan,0.0,0.0,0.0,15.2,114.6

02/03/2020,05:15:00,nan,0.0,0.0,0.0,15.0,114.6

02/03/2020,05:30:00,nan,0.0,0.0,0.0,15.0,114.6

02/03/2020,05:45:00,nan,0.0,0.0,0.0,15.0,114.6

02/03/2020,06:00:00,nan,0.0,0.0,0.0,15.0,114.6

02/03/2020,06:15:00,nan,0.0,0.0,0.0,15.0,114.6

02/03/2020,06:30:00,nan,0.0,0.0,0.0,15.0,114.6

02/03/2020,06:45:00,nan,0.2,0.2,0.2,14.0,114.8

02/03/2020,07:00:00,nan,0.2,0.4,0.4,12.0,115.0

02/03/2020,07:15:00,nan,0.6,1.0,1.0,12.2,115.6

02/03/2020,07:30:00,nan,0.4,1.4,1.4,11.8,116.0

02/03/2020,07:45:00,nan,0.6,1.8,2.0,12.2,116.6

02/03/2020,08:00:00,nan,0.2,1.8,2.2,12.4,116.6

02/03/2020,08:15:00,nan,0.6,1.8,2.8,12.2,116.8

02/03/2020,08:30:00,nan,0.4,1.8,3.2,12.4,117.2

02/03/2020,08:45:00,nan,0.2,1.4,3.4,12.4,117.4

02/03/2020,09:00:00,nan,0.8,2.0,4.2,13.2,118.2

02/03/2020,09:15:00,nan,0.4,1.8,4.6,13.6,118.4

02/03/2020,09:30:00,nan,0.2,1.6,4.8,13.8,118.6

02/03/2020,09:45:00,nan,0.4,1.8,5.2,14.2,119.0

02/03/2020,10:00:00,nan,0.4,1.4,5.6,14.6,119.4

02/03/2020,10:15:00,nan,0.4,1.4,6.0,15.0,119.8

02/03/2020,10:30:00,nan,0.4,1.6,6.4,nan,120.2

02/03/2020,10:45:00,nan,0.6,1.8,6.8,15.0,120.8

02/03/2020,11:00:00,nan,0.6,2.0,7.2,14.6,121.4

02/03/2020,11:15:00,nan,0.8,2.4,7.4,15.0,122.2

02/03/2020,11:30:00,nan,0.6,2.6,7.6,15.6,122.8

02/03/2020,11:45:00,nan,0.6,2.6,7.6,16.2,123.4

02/03/2020,12:00:00,nan,0.2,2.2,7.6,16.2,123.6

02/03/2020,12:15:00,nan,0.2,1.6,7.2,nan,123.8

02/03/2020,12:30:00,nan,0.2,1.2,7.0,14.8,124.0

02/03/2020,12:45:00,nan,0.4,1.0,7.2,14.2,124.4

02/03/2020,13:00:00,nan,0.2,1.0,6.6,13.0,124.6

02/03/2020,13:15:00,nan,0.2,1.0,6.4,12.2,124.8

02/03/2020,13:30:00,nan,0.0,0.8,6.2,12.2,124.8

02/03/2020,13:45:00,nan,0.0,0.4,5.8,12.0,124.8

02/03/2020,14:00:00,nan,0.0,0.2,5.4,12.0,124.8

02/03/2020,14:15:00,nan,0.0,0.0,5.0,11.8,124.8

02/03/2020,14:30:00,nan,0.2,0.2,4.8,12.0,125.0

02/03/2020,14:45:00,nan,0.0,0.2,4.2,11.8,124.6

02/03/2020,15:00:00,nan,0.2,0.4,3.8,11.8,124.4

02/03/2020,15:15:00,nan,0.0,0.4,3.0,11.8,123.2

02/03/2020,15:30:00,nan,0.0,0.2,2.4,11.6,122.8

02/03/2020,15:45:00,nan,0.0,0.2,1.8,11.6,122.0

02/03/2020,16:00:00,nan,0.2,0.2,1.8,11.8,121.4

02/03/2020,16:15:00,nan,0.4,0.6,2.0,12.2,121.4

02/03/2020,16:30:00,nan,0.4,1.0,2.2,12.6,121.8

02/03/2020,16:45:00,nan,0.2,1.2,2.0,12.8,121.8

02/03/2020,17:00:00,nan,nan,nan,nan,nan,nan

02/03/2020,17:15:00,nan,nan,1.2,2.2,13.4,122.2

02/03/2020,17:30:00,nan,0.4,1.2,2.6,13.8,122.6

02/03/2020,17:45:00,nan,0.2,1.2,2.8,14.0,122.8

02/03/2020,18:00:00,nan,0.0,nan,2.8,14.0,122.8

02/03/2020,18:15:00,nan,0.2,0.8,3.0,14.2,123.0

02/03/2020,18:30:00,nan,0.2,0.6,3.0,14.4,nan

02/03/2020,18:45:00,nan,0.0,0.4,3.0,14.4,123.2

02/03/2020,19:00:00,nan,0.4,0.8,3.2,14.8,123.6

02/03/2020,19:15:00,nan,0.8,1.4,4.0,15.6,124.4

02/03/2020,19:30:00,nan,0.6,1.8,4.6,16.2,125.0

02/03/2020,19:45:00,nan,0.4,2.2,5.0,16.6,125.4

02/03/2020,20:00:00,nan,0.2,2.0,5.0,16.8,125.6

02/03/2020,20:15:00,nan,0.4,1.6,5.0,17.2,126.0

02/03/2020,20:30:00,nan,0.2,1.2,4.8,17.4,126.2

02/03/2020,20:45:00,nan,nan,nan,nan,nan,nan

02/03/2020,21:00:00,nan,nan,1.0,nan,17.8,126.2

02/03/2020,21:15:00,nan,0.2,0.8,4.6,18.0,126.2

02/03/2020,21:30:00,nan,0.0,0.6,4.2,18.0,126.2

02/03/2020,21:45:00,nan,0.0,nan,4.0,18.0,126.2

02/03/2020,22:00:00,nan,0.0,0.2,4.0,18.0,126.0

02/03/2020,22:15:00,nan,0.0,0.0,3.8,18.0,126.0

02/03/2020,22:30:00,nan,0.4,0.4,4.0,18.4,126.4

02/03/2020,22:45:00,nan,0.2,0.6,4.2,18.6,126.6

02/03/2020,23:00:00,nan,0.2,0.8,4.0,18.8,126.8

02/03/2020,23:15:00,nan,0.0,0.8,3.2,18.8,126.8

02/03/2020,23:30:00,nan,0.4,0.8,3.0,19.2,127.2

02/03/2020,23:45:00,nan,0.2,0.8,2.8,19.4,127.4

03/03/2020,00:00:00,nan,0.0,0.6,2.6,19.2,127.4

03/03/2020,00:15:00,nan,0.2,0.8,2.4,19.4,127.6

03/03/2020,00:30:00,nan,0.0,0.4,2.2,19.4,127.6

03/03/2020,00:45:00,nan,0.0,0.2,nan,19.4,127.6

03/03/2020,01:00:00,nan,0.2,0.4,2.0,19.6,127.8

03/03/2020,01:15:00,nan,0.0,0.2,1.8,19.6,127.8

03/03/2020,01:30:00,nan,0.0,0.2,1.8,19.6,127.8

03/03/2020,01:45:00,nan,0.0,0.2,1.8,19.6,127.8

03/03/2020,02:00:00,nan,0.0,0.0,1.8,19.6,127.8

03/03/2020,02:15:00,nan,0.0,0.0,1.8,19.6,127.8

03/03/2020,02:30:00,nan,0.0,0.0,1.4,19.6,127.8

03/03/2020,02:45:00,nan,0.0,0.0,1.2,19.6,127.8

03/03/2020,03:00:00,nan,0.0,0.0,1.0,19.6,127.8

03/03/2020,03:15:00,nan,0.0,0.0,1.0,19.6,127.6

03/03/2020,03:30:00,nan,0.0,0.0,0.6,19.6,127.6

03/03/2020,03:45:00,nan,0.0,0.0,0.4,19.6,127.6

03/03/2020,04:00:00,nan,0.0,0.0,0.4,19.6,127.6

03/03/2020,04:15:00,nan,0.0,0.0,0.2,19.6,127.6

03/03/2020,04:30:00,nan,0.0,0.0,0.2,19.6,127.6

03/03/2020,04:45:00,nan,0.0,0.0,0.2,19.6,127.6

03/03/2020,05:00:00,nan,0.0,0.0,0.0,19.6,127.6

03/03/2020,05:15:00,nan,0.0,0.0,0.0,19.6,127.4

03/03/2020,05:30:00,nan,0.0,0.0,0.0,19.6,127.4

03/03/2020,05:45:00,nan,0.0,0.0,0.0,19.6,127.4

03/03/2020,06:00:00,nan,0.0,0.0,0.0,19.6,127.4

03/03/2020,06:15:00,nan,0.0,0.0,0.0,19.6,127.4

03/03/2020,06:30:00,nan,0.0,0.0,0.0,19.6,127.4

03/03/2020,06:45:00,nan,0.0,0.0,0.0,19.4,127.4

03/03/2020,07:00:00,nan,0.0,0.0,0.0,19.2,127.4

03/03/2020,07:15:00,nan,0.0,0.0,0.0,18.6,127.4

03/03/2020,07:30:00,nan,0.0,0.0,0.0,18.2,127.4

03/03/2020,07:45:00,nan,0.0,0.0,0.0,17.6,127.4

03/03/2020,08:00:00,nan,0.0,0.0,0.0,17.4,127.4

03/03/2020,08:15:00,nan,0.0,0.0,0.0,16.8,127.4

03/03/2020,08:30:00,nan,0.0,0.0,0.0,16.4,127.4

03/03/2020,08:45:00,nan,0.0,0.0,0.0,16.2,127.4

03/03/2020,09:00:00,nan,0.0,0.0,0.0,15.4,127.4

03/03/2020,09:15:00,nan,0.0,0.0,0.0,15.0,127.4

03/03/2020,09:30:00,nan,0.0,0.0,0.0,14.8,127.4

03/03/2020,09:45:00,nan,0.0,0.0,0.0,14.4,127.4

03/03/2020,10:00:00,nan,0.0,0.0,0.0,14.0,127.4

03/03/2020,10:15:00,nan,0.0,0.0,0.0,13.6,127.4

03/03/2020,10:30:00,nan,0.0,0.0,0.0,13.2,127.4

03/03/2020,10:45:00,nan,0.0,0.0,0.0,12.6,127.4

03/03/2020,11:00:00,nan,0.0,0.0,0.0,12.0,127.4

03/03/2020,11:15:00,nan,0.0,0.0,0.0,11.2,127.4

03/03/2020,11:30:00,nan,0.0,0.0,0.0,10.6,127.4

03/03/2020,11:45:00,nan,0.0,0.0,0.0,10.0,127.4

03/03/2020,12:00:00,nan,0.0,0.0,0.0,9.8,127.4

03/03/2020,12:15:00,nan,0.0,0.0,0.0,9.6,127.4

03/03/2020,12:30:00,nan,0.0,0.0,0.0,9.4,127.4

03/03/2020,12:45:00,nan,0.0,0.0,0.0,9.0,127.4

03/03/2020,13:00:00,nan,0.0,0.0,0.0,8.8,127.4

03/03/2020,13:15:00,nan,0.0,0.0,0.0,8.6,127.4

03/03/2020,13:30:00,nan,0.0,0.0,0.0,8.6,127.4

03/03/2020,13:45:00,nan,0.0,0.0,0.0,8.6,127.4

03/03/2020,14:00:00,nan,0.0,0.0,0.0,8.6,127.4

03/03/2020,14:15:00,nan,0.0,0.0,0.0,8.6,127.4

03/03/2020,14:30:00,nan,0.0,0.0,0.0,8.4,127.4

03/03/2020,14:45:00,nan,0.0,0.0,0.0,8.4,127.4

03/03/2020,15:00:00,nan,0.0,0.0,0.0,8.2,127.4

03/03/2020,15:15:00,nan,0.0,0.0,0.0,8.2,127.4

03/03/2020,15:30:00,nan,0.0,0.0,0.0,8.2,127.4

03/03/2020,15:45:00,nan,0.0,0.0,0.0,8.2,127.4

03/03/2020,16:00:00,nan,0.0,0.0,0.0,8.0,127.4

03/03/2020,16:15:00,nan,0.0,0.0,0.0,7.6,127.4

03/03/2020,16:30:00,nan,0.2,0.2,0.2,7.4,127.6

03/03/2020,16:45:00,nan,0.0,0.2,0.2,7.2,127.6

03/03/2020,17:00:00,nan,0.4,0.6,0.6,nan,128.0

03/03/2020,17:15:00,nan,0.4,1.0,1.0,7.4,128.4

03/03/2020,17:30:00,nan,0.2,1.0,1.2,7.2,128.6

03/03/2020,17:45:00,nan,0.2,1.2,1.4,7.2,126.4

03/03/2020,18:00:00,nan,0.0,0.8,1.4,7.2,125.2

03/03/2020,18:15:00,nan,0.0,0.4,1.4,7.0,125.0

03/03/2020,18:30:00,nan,0.0,0.2,1.4,6.8,125.0

03/03/2020,18:45:00,nan,0.0,0.0,1.4,6.8,125.0

03/03/2020,19:00:00,nan,0.0,0.0,1.4,6.4,124.8

03/03/2020,19:15:00,nan,0.0,0.0,1.4,5.6,124.8

03/03/2020,19:30:00,nan,0.0,0.0,1.4,5.0,124.8

03/03/2020,19:45:00,nan,0.2,0.2,1.6,4.8,125.0

03/03/2020,20:00:00,nan,0.2,0.4,1.8,4.8,125.2

03/03/2020,20:15:00,nan,0.0,0.4,1.8,4.4,125.2

03/03/2020,20:30:00,nan,0.2,0.6,1.8,4.4,125.4

03/03/2020,20:45:00,nan,nan,nan,nan,nan,nan

03/03/2020,21:00:00,nan,nan,0.2,1.4,4.0,125.4

03/03/2020,21:15:00,nan,0.0,0.2,1.0,3.8,125.4

03/03/2020,21:30:00,nan,0.0,0.0,0.8,3.8,125.4

03/03/2020,21:45:00,nan,0.0,nan,0.6,3.8,125.4

03/03/2020,22:00:00,nan,0.0,0.0,0.6,3.8,125.4

03/03/2020,22:15:00,nan,0.0,0.0,0.6,3.8,125.4

03/03/2020,22:30:00,nan,0.0,0.0,0.6,3.4,125.4

03/03/2020,22:45:00,nan,0.0,0.0,0.6,3.2,125.4

03/03/2020,23:00:00,nan,0.2,0.2,0.8,3.2,125.6

03/03/2020,23:15:00,nan,0.2,0.4,1.0,3.4,125.8

03/03/2020,23:30:00,nan,0.2,0.6,1.2,3.2,126.0

03/03/2020,23:45:00,nan,0.2,0.8,1.2,3.2,126.2

04/03/2020,00:00:00,nan,0.0,0.6,1.0,3.2,126.2

04/03/2020,00:15:00,nan,0.0,0.4,1.0,3.0,126.2

04/03/2020,00:30:00,nan,0.0,0.2,0.8,3.0,126.2

04/03/2020,00:45:00,nan,0.0,0.0,nan,3.0,126.2

04/03/2020,01:00:00,nan,0.0,0.0,0.8,2.8,126.2

04/03/2020,01:15:00,nan,0.0,0.0,0.8,2.8,126.2

04/03/2020,01:30:00,nan,0.0,0.0,0.8,2.8,126.2

04/03/2020,01:45:00,nan,0.0,0.0,0.8,2.8,126.2

04/03/2020,02:00:00,nan,0.0,0.0,0.8,2.8,126.2

04/03/2020,02:15:00,nan,0.0,0.0,0.8,2.8,126.2

04/03/2020,02:30:00,nan,0.0,0.0,0.8,2.8,126.2

04/03/2020,02:45:00,nan,0.0,0.0,0.8,2.8,126.2

04/03/2020,03:00:00,nan,0.0,0.0,0.6,2.8,126.2

04/03/2020,03:15:00,nan,0.0,0.0,0.4,2.8,126.2

04/03/2020,03:30:00,nan,0.0,0.0,0.2,2.8,126.2

04/03/2020,03:45:00,nan,0.0,0.0,0.0,2.8,126.2

04/03/2020,04:00:00,nan,0.2,0.2,0.2,3.0,126.4

04/03/2020,04:15:00,nan,0.0,0.2,0.2,3.0,126.4

04/03/2020,04:30:00,nan,0.0,0.2,0.2,3.0,126.4

04/03/2020,04:45:00,nan,0.0,0.2,0.2,3.0,126.4

04/03/2020,05:00:00,nan,0.0,0.0,0.2,3.0,126.4

04/03/2020,05:15:00,nan,0.0,0.0,0.2,3.0,126.4

04/03/2020,05:30:00,nan,0.0,0.0,0.2,3.0,126.4

04/03/2020,05:45:00,nan,0.0,0.0,0.2,3.0,126.4

04/03/2020,06:00:00,nan,0.0,0.0,0.2,3.0,126.4

04/03/2020,06:15:00,nan,0.0,0.0,0.2,3.0,126.4

04/03/2020,06:30:00,nan,0.0,0.0,0.2,3.0,126.4

04/03/2020,06:45:00,nan,0.0,0.0,0.2,3.0,126.4

04/03/2020,07:00:00,nan,0.0,0.0,0.2,3.0,126.4

04/03/2020,07:15:00,nan,0.0,0.0,0.2,3.0,126.4

04/03/2020,07:30:00,nan,0.0,0.0,0.2,3.0,126.4

04/03/2020,07:45:00,nan,0.0,0.0,0.2,3.0,126.4

04/03/2020,08:00:00,nan,0.0,0.0,0.0,3.0,126.4

04/03/2020,08:15:00,nan,0.0,0.0,0.0,3.0,126.4

04/03/2020,08:30:00,nan,0.0,0.0,0.0,3.0,126.4

04/03/2020,08:45:00,nan,0.0,0.0,0.0,3.0,126.4

04/03/2020,09:00:00,nan,0.0,0.0,0.0,3.0,126.4

04/03/2020,09:15:00,nan,nan,nan,nan,nan,nan

04/03/2020,09:30:00,nan,nan,0.0,0.0,3.0,126.4

04/03/2020,09:45:00,nan,0.0,0.0,0.0,3.0,126.4

04/03/2020,10:00:00,nan,0.0,0.0,0.0,3.0,126.4

04/03/2020,10:15:00,nan,0.0,nan,0.0,3.0,126.4

04/03/2020,10:30:00,nan,0.0,0.0,0.0,3.0,126.4

04/03/2020,10:45:00,nan,0.0,0.0,0.0,3.0,126.4

04/03/2020,11:00:00,nan,0.0,0.0,0.0,3.0,126.4

04/03/2020,11:15:00,nan,0.0,0.0,0.0,3.0,126.4

04/03/2020,11:30:00,nan,0.0,0.0,0.0,3.0,nan

04/03/2020,11:45:00,nan,0.0,0.0,0.0,3.0,126.4

04/03/2020,12:00:00,nan,0.0,0.0,0.0,3.0,126.4

04/03/2020,12:15:00,nan,0.0,0.0,0.0,3.0,126.4

04/03/2020,12:30:00,nan,0.0,0.0,0.0,3.0,126.4

04/03/2020,12:45:00,nan,0.0,0.0,0.0,3.0,126.4

04/03/2020,13:00:00,nan,0.0,0.0,0.0,3.0,126.4

04/03/2020,13:15:00,nan,0.0,0.0,nan,3.0,126.4

04/03/2020,13:30:00,nan,0.0,0.0,0.0,3.0,126.4

04/03/2020,13:45:00,nan,0.0,0.0,0.0,3.0,126.4

04/03/2020,14:00:00,nan,0.0,0.0,0.0,3.0,126.4

04/03/2020,14:15:00,nan,0.0,0.0,0.0,3.0,126.4

04/03/2020,14:30:00,nan,0.0,0.0,0.0,3.0,126.4

04/03/2020,14:45:00,nan,0.0,0.0,0.0,3.0,126.4

04/03/2020,15:00:00,nan,0.0,0.0,0.0,3.0,126.4

04/03/2020,15:15:00,nan,0.0,0.0,0.0,3.0,126.4

04/03/2020,15:30:00,nan,0.0,0.0,0.0,3.0,126.4

04/03/2020,15:45:00,nan,0.0,0.0,0.0,3.0,126.4

04/03/2020,16:00:00,nan,0.0,0.0,0.0,3.0,126.4

04/03/2020,16:15:00,nan,0.0,0.0,0.0,3.0,126.4

04/03/2020,16:30:00,nan,0.0,0.0,0.0,2.8,126.4

04/03/2020,16:45:00,nan,0.0,0.0,0.0,2.8,126.4

04/03/2020,17:00:00,nan,0.0,0.0,0.0,2.4,126.4

04/03/2020,17:15:00,nan,0.0,0.0,0.0,2.0,126.4

04/03/2020,17:30:00,nan,0.0,0.0,0.0,1.8,126.4

04/03/2020,17:45:00,nan,0.0,0.0,0.0,1.6,126.4

04/03/2020,18:00:00,nan,0.0,0.0,0.0,1.6,126.4

04/03/2020,18:15:00,nan,0.0,0.0,0.0,1.6,126.4

04/03/2020,18:30:00,nan,0.0,0.0,0.0,1.6,126.4

04/03/2020,18:45:00,nan,0.0,0.0,0.0,1.6,126.4

04/03/2020,19:00:00,nan,0.0,0.0,0.0,1.6,126.4

04/03/2020,19:15:00,nan,0.0,0.0,0.0,1.6,126.4

04/03/2020,19:30:00,nan,0.0,0.0,0.0,1.6,126.4

04/03/2020,19:45:00,nan,0.0,0.0,0.0,1.4,126.4

04/03/2020,20:00:00,nan,0.0,0.0,0.0,1.2,126.2

04/03/2020,20:15:00,nan,0.0,0.0,0.0,1.2,122.0

04/03/2020,20:30:00,nan,0.8,0.8,0.8,1.8,122.2

04/03/2020,20:45:00,nan,2.2,3.0,3.0,nan,123.4

04/03/2020,21:00:00,nan,0.6,3.6,3.6,4.6,nan

04/03/2020,21:15:00,nan,0.0,3.6,3.6,4.6,123.6

04/03/2020,21:30:00,nan,0.0,2.8,3.6,4.6,123.4

04/03/2020,21:45:00,nan,0.0,0.6,3.6,4.6,123.2

04/03/2020,22:00:00,nan,0.0,0.0,3.6,4.6,122.0

04/03/2020,22:15:00,nan,0.2,0.2,3.8,4.8,119.6

04/03/2020,22:30:00,nan,0.0,0.2,3.8,4.8,118.6

04/03/2020,22:45:00,nan,0.0,0.2,3.8,4.8,118.4

04/03/2020,23:00:00,nan,0.0,0.2,3.8,4.6,118.4

04/03/2020,23:15:00,nan,0.0,0.0,3.8,4.4,116.2

04/03/2020,23:30:00,nan,0.0,0.0,3.8,4.2,105.0

04/03/2020,23:45:00,nan,0.0,0.0,3.8,4.0,101.2

05/03/2020,00:00:00,nan,0.0,0.0,3.8,4.0,97.0

05/03/2020,00:15:00,nan,0.0,0.0,3.8,4.0,93.6

05/03/2020,00:30:00,nan,0.0,0.0,3.0,4.0,91.8

05/03/2020,00:45:00,nan,0.0,0.0,0.8,4.0,90.8

05/03/2020,01:00:00,nan,0.0,0.0,0.2,4.0,88.8

05/03/2020,01:15:00,nan,0.0,0.0,0.2,4.0,87.4

05/03/2020,01:30:00,nan,0.0,0.0,0.2,4.0,86.6

05/03/2020,01:45:00,nan,0.0,0.0,0.2,4.0,83.4

05/03/2020,02:00:00,nan,0.0,0.0,0.2,4.0,75.6

05/03/2020,02:15:00,nan,0.0,0.0,0.0,4.0,66.2

05/03/2020,02:30:00,nan,0.0,0.0,0.0,4.0,57.6

05/03/2020,02:45:00,nan,0.0,0.0,0.0,4.0,51.2

05/03/2020,03:00:00,nan,0.0,0.0,0.0,4.0,50.0

05/03/2020,03:15:00,nan,0.0,0.0,0.0,4.0,49.6

05/03/2020,03:30:00,nan,0.0,0.0,0.0,4.0,47.6

05/03/2020,03:45:00,nan,0.0,0.0,0.0,4.0,46.0

05/03/2020,04:00:00,nan,0.0,0.0,0.0,3.8,44.4

05/03/2020,04:15:00,nan,0.0,0.0,0.0,3.8,43.6

05/03/2020,04:30:00,nan,0.0,0.0,0.0,3.8,42.4

05/03/2020,04:45:00,nan,0.0,0.0,0.0,3.8,41.6

05/03/2020,05:00:00,nan,0.0,0.0,0.0,3.8,41.6

05/03/2020,05:15:00,nan,0.0,0.0,0.0,3.8,41.4

05/03/2020,05:30:00,nan,0.0,0.0,0.0,3.8,41.4

05/03/2020,05:45:00,nan,0.0,0.0,0.0,3.8,41.4

05/03/2020,06:00:00,nan,0.0,0.0,0.0,3.8,41.4

05/03/2020,06:15:00,nan,0.0,0.0,0.0,3.8,41.4

05/03/2020,06:30:00,nan,0.0,0.0,0.0,3.8,41.4

05/03/2020,06:45:00,nan,0.0,0.0,0.0,3.8,40.2

05/03/2020,07:00:00,nan,0.0,0.0,0.0,3.8,38.0

05/03/2020,07:15:00,nan,0.0,0.0,0.0,3.8,37.6

05/03/2020,07:30:00,nan,0.0,0.0,0.0,3.8,36.8

05/03/2020,07:45:00,nan,0.0,0.0,0.0,3.8,36.6

05/03/2020,08:00:00,nan,0.0,0.0,0.0,3.8,36.6

05/03/2020,08:15:00,nan,0.0,0.0,0.0,3.8,35.8

05/03/2020,08:30:00,nan,0.0,0.0,0.0,3.8,35.6

05/03/2020,08:45:00,nan,0.0,0.0,0.0,3.8,35.4

05/03/2020,09:00:00,nan,0.0,0.0,0.0,3.8,35.4

05/03/2020,09:15:00,nan,0.0,0.0,0.0,nan,35.4

05/03/2020,09:30:00,nan,0.0,0.0,0.0,3.8,35.4

05/03/2020,09:45:00,nan,0.0,0.0,0.0,3.8,35.4

05/03/2020,10:00:00,nan,0.0,0.0,0.0,3.8,35.4

05/03/2020,10:15:00,nan,0.0,0.0,0.0,3.8,35.4

05/03/2020,10:30:00,nan,0.0,0.0,0.0,3.8,nan

05/03/2020,10:45:00,nan,0.0,0.0,0.0,3.8,34.4

05/03/2020,11:00:00,nan,0.0,0.0,0.0,3.8,33.4

05/03/2020,11:15:00,nan,0.0,0.0,0.0,3.8,33.0

05/03/2020,11:30:00,nan,0.0,0.0,0.0,3.8,33.0

05/03/2020,11:45:00,nan,0.0,0.0,0.0,3.8,33.0

05/03/2020,12:00:00,nan,0.0,0.0,0.0,3.8,32.8

05/03/2020,12:15:00,nan,0.0,0.0,0.0,3.8,nan

05/03/2020,12:30:00,nan,0.0,0.0,0.0,3.8,31.0

05/03/2020,12:45:00,nan,0.0,0.0,0.0,3.8,30.0

05/03/2020,13:00:00,nan,0.0,0.0,0.0,3.8,28.6

05/03/2020,13:15:00,nan,0.0,0.0,0.0,3.8,27.6

05/03/2020,13:30:00,nan,0.0,0.0,0.0,3.8,27.6

05/03/2020,13:45:00,nan,0.0,0.0,0.0,3.8,27.4

05/03/2020,14:00:00,nan,0.0,0.0,0.0,3.8,27.4

05/03/2020,14:15:00,nan,0.0,0.0,0.0,3.8,27.2

05/03/2020,14:30:00,nan,0.0,0.0,0.0,3.8,27.2

05/03/2020,14:45:00,nan,0.0,0.0,0.0,3.8,27.0

05/03/2020,15:00:00,nan,0.0,0.0,0.0,3.8,26.8

05/03/2020,15:15:00,nan,0.0,0.0,0.0,3.8,26.8

05/03/2020,15:30:00,nan,0.0,0.0,0.0,3.8,26.6

05/03/2020,15:45:00,nan,0.0,0.0,0.0,3.8,26.6

05/03/2020,16:00:00,nan,0.0,0.0,0.0,3.8,26.6

05/03/2020,16:15:00,nan,0.0,0.0,0.0,3.8,26.6

05/03/2020,16:30:00,nan,0.0,0.0,0.0,3.8,26.6

05/03/2020,16:45:00,nan,0.0,0.0,0.0,3.8,26.6

05/03/2020,17:00:00,nan,0.0,0.0,0.0,3.8,26.6

05/03/2020,17:15:00,nan,0.0,0.0,0.0,3.8,26.6

05/03/2020,17:30:00,nan,0.0,0.0,0.0,3.8,26.6

05/03/2020,17:45:00,nan,0.0,0.0,0.0,3.8,26.6

05/03/2020,18:00:00,nan,0.0,0.0,0.0,3.8,26.6

05/03/2020,18:15:00,nan,0.0,0.0,0.0,3.8,26.6

05/03/2020,18:30:00,nan,0.0,0.0,0.0,3.8,26.6

05/03/2020,18:45:00,nan,0.0,0.0,0.0,3.8,26.6

05/03/2020,19:00:00,nan,0.0,0.0,0.0,3.8,26.6

05/03/2020,19:15:00,nan,0.0,0.0,0.0,3.8,26.6

05/03/2020,19:30:00,nan,0.0,0.0,0.0,3.8,26.6

05/03/2020,19:45:00,nan,0.0,0.0,0.0,3.8,26.6

05/03/2020,20:00:00,nan,0.0,0.0,0.0,3.8,26.6

05/03/2020,20:15:00,nan,0.0,0.0,0.0,3.8,26.6

05/03/2020,20:30:00,nan,0.0,0.0,0.0,3.0,26.6

05/03/2020,20:45:00,nan,0.0,0.0,0.0,0.8,26.6

05/03/2020,21:00:00,nan,0.0,0.0,0.0,0.2,26.6

05/03/2020,21:15:00,nan,0.0,0.0,0.0,0.2,26.6

05/03/2020,21:30:00,nan,0.0,0.0,0.0,0.2,26.6

05/03/2020,21:45:00,nan,0.0,0.0,0.0,0.2,26.6

05/03/2020,22:00:00,nan,0.0,0.0,0.0,0.2,26.6

05/03/2020,22:15:00,nan,0.0,0.0,0.0,0.0,26.6

05/03/2020,22:30:00,nan,0.0,0.0,0.0,0.0,26.6

05/03/2020,22:45:00,nan,0.0,0.0,0.0,0.0,26.6

05/03/2020,23:00:00,nan,0.0,0.0,0.0,0.0,26.6

05/03/2020,23:15:00,nan,0.0,0.0,0.0,0.0,26.6

05/03/2020,23:30:00,nan,0.0,0.0,0.0,0.0,26.6

05/03/2020,23:45:00,nan,0.0,0.0,0.0,0.0,26.6

06/03/2020,00:00:00,nan,0.0,0.0,0.0,0.0,26.4

06/03/2020,00:15:00,nan,0.0,0.0,0.0,0.0,26.4

06/03/2020,00:30:00,nan,0.0,0.0,0.0,0.0,26.4

06/03/2020,00:45:00,nan,0.0,0.0,0.0,0.0,26.4

06/03/2020,01:00:00,nan,0.0,0.0,0.0,0.0,26.4

06/03/2020,01:15:00,nan,0.0,0.0,0.0,0.0,26.4

06/03/2020,01:30:00,nan,0.0,0.0,0.0,0.0,26.4

06/03/2020,01:45:00,nan,0.0,0.0,0.0,0.0,26.4

06/03/2020,02:00:00,nan,0.0,0.0,0.0,0.0,26.4

06/03/2020,02:15:00,nan,0.0,0.0,0.0,0.0,26.4

06/03/2020,02:30:00,nan,0.0,0.0,0.0,0.0,26.4

06/03/2020,02:45:00,nan,0.4,0.4,0.4,0.4,26.8

06/03/2020,03:00:00,nan,0.0,0.4,0.4,0.4,26.8

06/03/2020,03:15:00,nan,0.0,0.4,0.4,0.4,26.8

06/03/2020,03:30:00,nan,0.0,0.4,0.4,0.4,26.8

06/03/2020,03:45:00,nan,0.0,0.0,0.4,0.4,26.8

06/03/2020,04:00:00,nan,0.0,0.0,0.4,0.4,26.8

06/03/2020,04:15:00,nan,0.0,0.0,0.4,0.4,26.8

06/03/2020,04:30:00,nan,0.0,0.0,0.4,0.4,26.8

06/03/2020,04:45:00,nan,0.0,0.0,0.4,0.4,26.8

06/03/2020,05:00:00,nan,0.0,0.0,0.4,0.4,26.8

06/03/2020,05:15:00,nan,0.0,0.0,0.4,0.4,26.8

06/03/2020,05:30:00,nan,0.0,0.0,0.4,0.4,26.8

06/03/2020,05:45:00,nan,0.0,0.0,0.4,0.4,26.8

06/03/2020,06:00:00,nan,0.0,0.0,0.4,0.4,26.8

06/03/2020,06:15:00,nan,0.0,0.0,0.4,0.4,26.8

06/03/2020,06:30:00,nan,0.0,0.0,0.4,0.4,26.8

06/03/2020,06:45:00,nan,0.0,0.0,0.0,0.4,26.6

06/03/2020,07:00:00,nan,0.0,0.0,0.0,0.4,26.4

06/03/2020,07:15:00,nan,0.0,0.0,0.0,0.4,25.8

06/03/2020,07:30:00,nan,0.0,0.0,0.0,0.4,25.4

06/03/2020,07:45:00,nan,0.0,0.0,0.0,0.4,24.8

06/03/2020,08:00:00,nan,0.0,0.0,0.0,0.4,24.6

06/03/2020,08:15:00,nan,0.0,0.0,0.0,0.4,24.0

06/03/2020,08:30:00,nan,0.0,0.0,0.0,0.4,23.6

06/03/2020,08:45:00,nan,0.0,0.0,0.0,0.4,23.4

06/03/2020,09:00:00,nan,0.0,0.0,0.0,0.4,22.6

06/03/2020,09:15:00,nan,0.0,0.0,0.0,0.4,22.2

06/03/2020,09:30:00,nan,0.0,0.0,0.0,0.4,22.0

06/03/2020,09:45:00,nan,0.0,0.0,0.0,0.4,21.6

06/03/2020,10:00:00,nan,0.0,0.0,0.0,0.4,21.2

06/03/2020,10:15:00,nan,0.0,0.0,0.0,0.4,20.8

06/03/2020,10:30:00,nan,0.0,0.0,0.0,0.4,20.4

06/03/2020,10:45:00,nan,0.0,0.0,0.0,0.4,19.8

06/03/2020,11:00:00,nan,0.0,0.0,0.0,0.4,19.2

06/03/2020,11:15:00,nan,0.0,0.0,0.0,0.4,18.4

06/03/2020,11:30:00,nan,0.0,0.0,0.0,0.4,17.8

06/03/2020,11:45:00,nan,0.0,0.0,0.0,0.4,17.2

06/03/2020,12:00:00,nan,0.0,0.0,0.0,0.4,17.0

06/03/2020,12:15:00,nan,0.0,0.0,0.0,0.4,16.8

06/03/2020,12:30:00,nan,0.0,0.0,0.0,0.4,16.6

06/03/2020,12:45:00,nan,0.0,0.0,0.0,0.4,16.2

06/03/2020,13:00:00,nan,0.0,0.0,0.0,0.4,16.0

06/03/2020,13:15:00,nan,0.0,0.0,0.0,0.4,15.8

06/03/2020,13:30:00,nan,0.0,0.0,0.0,0.4,15.8

06/03/2020,13:45:00,nan,0.0,0.0,0.0,0.4,15.8

06/03/2020,14:00:00,nan,0.0,0.0,0.0,0.4,15.8

06/03/2020,14:15:00,nan,0.0,0.0,0.0,0.4,15.8

06/03/2020,14:30:00,nan,0.0,0.0,0.0,0.4,15.6

06/03/2020,14:45:00,nan,0.0,0.0,0.0,0.4,15.6

06/03/2020,15:00:00,nan,0.0,0.0,0.0,0.4,15.4

06/03/2020,15:15:00,nan,0.0,0.0,0.0,0.4,15.4

06/03/2020,15:30:00,nan,0.0,0.0,0.0,0.4,15.4

06/03/2020,15:45:00,nan,0.0,0.0,0.0,0.4,15.4

06/03/2020,16:00:00,nan,0.0,0.0,0.0,0.4,15.2

06/03/2020,16:15:00,nan,0.0,0.0,0.0,0.4,14.8

06/03/2020,16:30:00,nan,0.0,0.0,0.0,0.4,14.4

06/03/2020,16:45:00,nan,0.0,0.0,0.0,0.4,14.2

06/03/2020,17:00:00,nan,0.0,0.0,0.0,0.4,nan

06/03/2020,17:15:00,nan,0.0,0.0,0.0,0.4,13.6

06/03/2020,17:30:00,nan,0.0,0.0,0.0,0.4,13.2

06/03/2020,17:45:00,nan,0.0,0.0,0.0,0.4,13.0

06/03/2020,18:00:00,nan,0.0,0.0,0.0,0.4,13.0

06/03/2020,18:15:00,nan,0.0,0.0,0.0,0.4,12.8

06/03/2020,18:30:00,nan,0.0,0.0,0.0,0.4,12.6

06/03/2020,18:45:00,nan,0.0,0.0,0.0,0.4,12.6

06/03/2020,19:00:00,nan,0.0,0.0,0.0,0.4,12.2

06/03/2020,19:15:00,nan,0.0,0.0,0.0,0.4,11.4

06/03/2020,19:30:00,nan,0.0,0.0,0.0,0.4,10.8

06/03/2020,19:45:00,nan,0.0,0.0,0.0,0.4,10.4

06/03/2020,20:00:00,nan,0.0,0.0,0.0,0.4,10.2

06/03/2020,20:15:00,nan,0.0,0.0,0.0,0.4,9.8

06/03/2020,20:30:00,nan,0.0,0.0,0.0,0.4,9.6

06/03/2020,20:45:00,nan,0.0,0.0,0.0,0.4,nan

06/03/2020,21:00:00,nan,0.0,0.0,0.0,0.4,9.2

06/03/2020,21:15:00,nan,0.0,0.0,0.0,0.4,9.0

06/03/2020,21:30:00,nan,0.0,0.0,0.0,0.4,9.0

06/03/2020,21:45:00,nan,0.0,0.0,0.0,0.4,9.0

06/03/2020,22:00:00,nan,0.0,0.0,0.0,0.4,9.0

06/03/2020,22:15:00,nan,0.0,0.0,0.0,0.4,9.0

06/03/2020,22:30:00,nan,0.0,0.0,0.0,0.4,8.6

06/03/2020,22:45:00,nan,0.0,0.0,0.0,0.4,8.4

06/03/2020,23:00:00,nan,0.0,0.0,0.0,0.4,8.2

06/03/2020,23:15:00,nan,0.0,0.0,0.0,0.4,8.2

06/03/2020,23:30:00,nan,0.0,0.0,0.0,0.4,7.8

06/03/2020,23:45:00,nan,0.0,0.0,0.0,0.4,7.6

07/03/2020,00:00:00,nan,0.0,0.0,0.0,0.4,7.6

07/03/2020,00:15:00,nan,0.0,0.0,0.0,0.4,7.4

07/03/2020,00:30:00,nan,0.0,0.0,0.0,0.4,7.4

07/03/2020,00:45:00,nan,0.0,0.0,0.0,0.4,7.4

07/03/2020,01:00:00,nan,0.0,0.0,0.0,0.4,7.2

07/03/2020,01:15:00,nan,0.0,0.0,0.0,0.4,7.2

07/03/2020,01:30:00,nan,0.0,0.0,0.0,0.4,7.2

07/03/2020,01:45:00,nan,0.0,0.0,0.0,0.4,7.2

07/03/2020,02:00:00,nan,0.0,0.0,0.0,0.4,7.2

07/03/2020,02:15:00,nan,0.0,0.0,0.0,0.4,7.2

07/03/2020,02:30:00,nan,0.0,0.0,0.0,0.4,7.2

07/03/2020,02:45:00,nan,0.0,0.0,0.0,0.0,7.2

07/03/2020,03:00:00,nan,0.0,0.0,0.0,0.0,7.2

07/03/2020,03:15:00,nan,0.0,0.0,0.0,0.0,7.2

07/03/2020,03:30:00,nan,0.0,0.0,0.0,0.0,7.2

07/03/2020,03:45:00,nan,0.0,0.0,0.0,0.0,7.2

07/03/2020,04:00:00,nan,0.0,0.0,0.0,0.0,7.2

07/03/2020,04:15:00,nan,0.0,0.0,0.0,0.0,7.2

07/03/2020,04:30:00,nan,0.0,0.0,0.0,0.0,7.2

07/03/2020,04:45:00,nan,0.0,0.0,0.0,0.0,7.2

07/03/2020,05:00:00,nan,0.0,0.0,0.0,0.0,7.2

07/03/2020,05:15:00,nan,0.0,0.0,0.0,0.0,7.2

07/03/2020,05:30:00,nan,0.0,0.0,0.0,0.0,7.2

07/03/2020,05:45:00,nan,0.0,0.0,0.0,0.0,7.2

07/03/2020,06:00:00,nan,0.0,0.0,0.0,0.0,7.2

07/03/2020,06:15:00,nan,0.0,0.0,0.0,0.0,7.2

07/03/2020,06:30:00,nan,0.0,0.0,0.0,0.0,7.2

07/03/2020,06:45:00,nan,0.0,0.0,0.0,0.0,7.2

07/03/2020,07:00:00,nan,0.0,0.0,0.0,0.0,7.2

07/03/2020,07:15:00,nan,0.0,0.0,0.0,0.0,7.2

07/03/2020,07:30:00,nan,0.0,0.0,0.0,0.0,7.2

07/03/2020,07:45:00,nan,0.0,0.0,0.0,0.0,7.2

07/03/2020,08:00:00,nan,0.0,0.0,0.0,0.0,7.2

07/03/2020,08:15:00,nan,0.0,0.0,0.0,0.0,7.2

07/03/2020,08:30:00,nan,0.0,0.0,0.0,0.0,7.2

07/03/2020,08:45:00,nan,0.0,0.0,0.0,0.0,7.2

07/03/2020,09:00:00,nan,0.0,0.0,0.0,0.0,7.2

07/03/2020,09:15:00,nan,0.0,0.0,0.0,0.0,7.2

07/03/2020,09:30:00,nan,0.0,0.0,0.0,0.0,7.2

07/03/2020,09:45:00,nan,0.0,0.0,0.0,0.0,7.2

07/03/2020,10:00:00,nan,0.0,0.0,0.0,0.0,7.2

07/03/2020,10:15:00,nan,0.0,0.0,0.0,0.0,7.2

07/03/2020,10:30:00,nan,0.0,0.0,0.0,0.0,7.2

07/03/2020,10:45:00,nan,0.0,0.0,0.0,0.0,7.2

07/03/2020,11:00:00,nan,0.0,0.0,0.0,0.0,7.2

07/03/2020,11:15:00,nan,0.0,0.0,0.0,0.0,7.2

07/03/2020,11:30:00,nan,0.0,0.0,0.0,0.0,7.2

07/03/2020,11:45:00,nan,0.0,0.0,0.0,0.0,7.2

07/03/2020,12:00:00,nan,0.0,0.0,0.0,0.0,7.2

07/03/2020,12:15:00,nan,0.0,0.0,0.0,0.0,7.2

07/03/2020,12:30:00,nan,0.0,0.0,0.0,0.0,7.2

07/03/2020,12:45:00,nan,0.0,0.0,0.0,0.0,7.2

07/03/2020,13:00:00,nan,0.0,0.0,0.0,0.0,7.2

07/03/2020,13:15:00,nan,0.0,0.0,0.0,0.0,7.2

07/03/2020,13:30:00,nan,0.0,0.0,0.0,0.0,7.2

07/03/2020,13:45:00,nan,0.0,0.0,0.0,0.0,7.2

07/03/2020,14:00:00,nan,0.0,0.0,0.0,0.0,7.2

07/03/2020,14:15:00,nan,0.0,0.0,0.0,0.0,7.2

07/03/2020,14:30:00,nan,0.0,0.0,0.0,0.0,7.2

07/03/2020,14:45:00,nan,0.0,0.0,0.0,0.0,7.2

07/03/2020,15:00:00,nan,0.0,0.0,0.0,0.0,7.2

07/03/2020,15:15:00,nan,0.0,0.0,0.0,0.0,7.2

07/03/2020,15:30:00,nan,0.0,0.0,0.0,0.0,7.2

07/03/2020,15:45:00,nan,0.0,0.0,0.0,0.0,7.2

07/03/2020,16:00:00,nan,0.0,0.0,0.0,0.0,7.2

07/03/2020,16:15:00,nan,0.0,0.0,0.0,0.0,7.2

07/03/2020,16:30:00,nan,0.0,0.0,0.0,0.0,7.0

07/03/2020,16:45:00,nan,0.0,0.0,0.0,0.0,7.0

07/03/2020,17:00:00,nan,0.0,0.0,0.0,0.0,6.6

07/03/2020,17:15:00,nan,0.0,0.0,0.0,0.0,6.2

07/03/2020,17:30:00,nan,0.0,0.0,0.0,0.0,6.0

07/03/2020,17:45:00,nan,0.0,0.0,0.0,0.0,5.8

07/03/2020,18:00:00,nan,0.0,0.0,0.0,0.0,5.8

07/03/2020,18:15:00,nan,0.0,0.0,0.0,0.0,5.8

07/03/2020,18:30:00,nan,0.0,0.0,0.0,0.0,5.8

07/03/2020,18:45:00,nan,0.0,0.0,0.0,0.0,5.8

07/03/2020,19:00:00,nan,0.0,0.0,0.0,0.0,5.8

07/03/2020,19:15:00,nan,0.0,0.0,0.0,0.0,5.8

07/03/2020,19:30:00,nan,0.0,0.0,0.0,0.0,5.8

07/03/2020,19:45:00,nan,0.0,0.0,0.0,0.0,5.6

07/03/2020,20:00:00,nan,0.0,0.0,0.0,0.0,5.4

07/03/2020,20:15:00,nan,0.0,0.0,0.0,0.0,5.4

07/03/2020,20:30:00,nan,0.0,0.0,0.0,0.0,5.2

07/03/2020,20:45:00,nan,0.0,0.0,0.0,0.0,nan

07/03/2020,21:00:00,nan,0.0,0.0,0.0,0.0,5.2

07/03/2020,21:15:00,nan,0.0,0.0,0.0,0.0,5.2

07/03/2020,21:30:00,nan,0.0,0.0,0.0,0.0,5.2

07/03/2020,21:45:00,nan,0.0,0.0,0.0,0.0,5.2

07/03/2020,22:00:00,nan,0.0,0.0,0.0,0.0,5.2

07/03/2020,22:15:00,nan,0.0,0.0,0.0,0.0,5.2

07/03/2020,22:30:00,nan,0.0,0.0,0.0,0.0,5.2

07/03/2020,22:45:00,nan,0.0,0.0,0.0,0.0,5.2

07/03/2020,23:00:00,nan,0.0,0.0,0.0,0.0,5.0

07/03/2020,23:15:00,nan,0.0,0.0,0.0,0.0,4.8

07/03/2020,23:30:00,nan,0.0,0.0,0.0,0.0,4.6

07/03/2020,23:45:00,nan,0.4,0.4,0.4,0.4,4.8

08/03/2020,00:00:00,nan,0.0,0.4,0.4,0.4,4.8

08/03/2020,00:15:00,nan,0.0,0.4,0.4,0.4,4.8

08/03/2020,00:30:00,nan,0.0,0.4,0.4,0.4,4.8

08/03/2020,00:45:00,nan,0.0,0.0,0.4,0.4,4.8

08/03/2020,01:00:00,nan,0.0,0.0,0.4,0.4,4.8

08/03/2020,01:15:00,nan,0.0,0.0,0.4,0.4,4.8

08/03/2020,01:30:00,nan,0.0,0.0,0.4,0.4,4.8

08/03/2020,01:45:00,nan,0.0,0.0,0.4,0.4,4.8

08/03/2020,02:00:00,nan,0.0,0.0,0.4,0.4,4.8

08/03/2020,02:15:00,nan,0.0,0.0,0.4,0.4,4.8

08/03/2020,02:30:00,nan,0.0,0.0,0.4,0.4,4.8

08/03/2020,02:45:00,nan,0.0,0.0,0.4,0.4,4.8

08/03/2020,03:00:00,nan,0.0,0.0,0.4,0.4,4.8

08/03/2020,03:15:00,nan,0.0,0.0,0.4,0.4,4.8

08/03/2020,03:30:00,nan,0.0,0.0,0.4,0.4,4.8

08/03/2020,03:45:00,nan,0.0,0.0,0.0,0.4,4.8

08/03/2020,04:00:00,nan,0.0,0.0,0.0,0.4,4.6

08/03/2020,04:15:00,nan,0.0,0.0,0.0,0.4,4.6

08/03/2020,04:30:00,nan,0.0,0.0,0.0,0.4,4.6

08/03/2020,04:45:00,nan,0.0,0.0,0.0,0.4,4.6

08/03/2020,05:00:00,nan,0.0,0.0,0.0,0.4,4.6

08/03/2020,05:15:00,nan,0.0,0.0,0.0,0.4,4.6

08/03/2020,05:30:00,nan,0.0,0.0,0.0,0.4,4.6

08/03/2020,05:45:00,nan,0.0,0.0,0.0,0.4,4.6

08/03/2020,06:00:00,nan,0.0,0.0,0.0,0.4,4.6

08/03/2020,06:15:00,nan,0.0,0.0,0.0,0.4,4.6

08/03/2020,06:30:00,nan,0.0,0.0,0.0,0.4,4.6

08/03/2020,06:45:00,nan,0.0,0.0,0.0,0.4,4.6

08/03/2020,07:00:00,nan,0.0,0.0,0.0,0.4,4.6

08/03/2020,07:15:00,nan,0.0,0.0,0.0,0.4,4.6

08/03/2020,07:30:00,nan,0.0,0.0,0.0,0.4,4.6

08/03/2020,07:45:00,nan,0.0,0.0,0.0,0.4,4.6

08/03/2020,08:00:00,nan,0.0,0.0,0.0,0.4,4.6

08/03/2020,08:15:00,nan,0.0,0.0,0.0,0.4,4.6

08/03/2020,08:30:00,nan,0.0,0.0,0.0,0.4,4.6

08/03/2020,08:45:00,nan,0.0,0.0,0.0,0.4,4.6

08/03/2020,09:00:00,nan,0.0,0.0,0.0,0.4,4.6

08/03/2020,09:15:00,nan,0.0,0.0,0.0,0.4,nan

08/03/2020,09:30:00,nan,0.0,0.0,0.0,0.4,4.6

08/03/2020,09:45:00,nan,0.0,0.0,0.0,0.4,4.6

08/03/2020,10:00:00,nan,0.0,0.0,0.0,0.4,4.6

08/03/2020,10:15:00,nan,0.0,0.0,0.0,0.4,4.6

08/03/2020,10:30:00,nan,0.0,0.0,0.0,0.4,4.6

08/03/2020,10:45:00,nan,0.0,0.0,0.0,0.4,4.6

08/03/2020,11:00:00,nan,0.0,0.0,0.0,0.4,4.6

08/03/2020,11:15:00,nan,0.0,0.0,0.0,0.4,4.6

08/03/2020,11:30:00,nan,0.0,0.0,0.0,0.4,4.6

08/03/2020,11:45:00,nan,0.0,0.0,0.0,0.4,4.6

08/03/2020,12:00:00,nan,0.0,0.0,0.0,0.4,4.6

08/03/2020,12:15:00,nan,0.0,0.0,0.0,0.4,4.6

08/03/2020,12:30:00,nan,0.0,0.0,0.0,0.4,4.6

08/03/2020,12:45:00,nan,0.0,0.0,0.0,0.4,4.6

08/03/2020,13:00:00,nan,0.0,0.0,0.0,0.4,4.6

08/03/2020,13:15:00,nan,0.0,0.0,0.0,0.4,4.6

08/03/2020,13:30:00,nan,0.0,0.0,0.0,0.4,4.6

08/03/2020,13:45:00,nan,0.0,0.0,0.0,0.4,4.6

08/03/2020,14:00:00,nan,0.0,0.0,0.0,0.4,4.6

08/03/2020,14:15:00,nan,0.0,0.0,0.0,0.4,4.6

08/03/2020,14:30:00,nan,0.0,0.0,0.0,0.4,4.6

08/03/2020,14:45:00,nan,0.0,0.0,0.0,0.4,4.6

08/03/2020,15:00:00,nan,0.0,0.0,0.0,0.4,4.6

08/03/2020,15:15:00,nan,0.0,0.0,0.0,0.4,4.6

08/03/2020,15:30:00,nan,0.0,0.0,0.0,0.4,4.6

08/03/2020,15:45:00,nan,0.0,0.0,0.0,0.4,4.6

08/03/2020,16:00:00,nan,0.0,0.0,0.0,0.4,4.6

08/03/2020,16:15:00,nan,0.0,0.0,0.0,0.4,4.6

08/03/2020,16:30:00,nan,0.0,0.0,0.0,0.4,4.6

08/03/2020,16:45:00,nan,0.0,0.0,0.0,0.4,4.6

08/03/2020,17:00:00,nan,0.0,0.0,0.0,0.4,4.6

08/03/2020,17:15:00,nan,0.0,0.0,0.0,0.4,4.6

08/03/2020,17:30:00,nan,0.0,0.0,0.0,0.4,4.6

08/03/2020,17:45:00,nan,0.0,0.0,0.0,0.4,4.6

08/03/2020,18:00:00,nan,0.0,0.0,0.0,0.4,4.6

08/03/2020,18:15:00,nan,0.0,0.0,0.0,0.4,4.6

08/03/2020,18:30:00,nan,0.0,0.0,0.0,0.4,4.6

08/03/2020,18:45:00,nan,0.0,0.0,0.0,0.4,4.6

08/03/2020,19:00:00,nan,0.0,0.0,0.0,0.4,4.6

08/03/2020,19:15:00,nan,0.0,0.0,0.0,0.4,4.6

08/03/2020,19:30:00,nan,0.0,0.0,0.0,0.4,4.6

08/03/2020,19:45:00,nan,0.0,0.0,0.0,0.4,4.6

08/03/2020,20:00:00,nan,0.0,0.0,0.0,0.4,4.6

08/03/2020,20:15:00,nan,0.0,0.0,0.0,0.4,4.6

08/03/2020,20:30:00,nan,0.0,0.0,0.0,0.4,3.8

08/03/2020,20:45:00,nan,0.0,0.0,0.0,0.4,1.6

08/03/2020,21:00:00,nan,0.0,0.0,0.0,0.4,1.0

08/03/2020,21:15:00,nan,0.0,0.0,0.0,0.4,1.0

08/03/2020,21:30:00,nan,0.0,0.0,0.0,0.4,1.0

08/03/2020,21:45:00,nan,0.0,0.0,0.0,0.4,1.0

08/03/2020,22:00:00,nan,0.0,0.0,0.0,0.4,1.0

08/03/2020,22:15:00,nan,0.0,0.0,0.0,0.4,0.8

08/03/2020,22:30:00,nan,0.0,0.0,0.0,0.4,0.8

08/03/2020,22:45:00,nan,0.0,0.0,0.0,0.4,0.8

08/03/2020,23:00:00,nan,0.0,0.0,0.0,0.4,0.8

08/03/2020,23:15:00,nan,0.0,0.0,0.0,0.4,0.8

08/03/2020,23:30:00,nan,0.0,0.0,0.0,0.4,0.8

08/03/2020,23:45:00,nan,0.0,0.0,0.0,0.0,0.8

09/03/2020,00:00:00,nan,0.0,0.0,0.0,0.0,0.8

09/03/2020,00:15:00,nan,0.0,0.0,0.0,0.0,0.8

09/03/2020,00:30:00,nan,0.0,0.0,0.0,0.0,0.8

09/03/2020,00:45:00,nan,0.0,0.0,0.0,0.0,0.8

09/03/2020,01:00:00,nan,0.0,0.0,0.0,0.0,0.8

09/03/2020,01:15:00,nan,0.0,0.0,0.0,0.0,0.8

09/03/2020,01:30:00,nan,0.0,0.0,0.0,0.0,0.8

09/03/2020,01:45:00,nan,0.0,0.0,0.0,0.0,0.8

09/03/2020,02:00:00,nan,0.0,0.0,0.0,0.0,0.8

09/03/2020,02:15:00,nan,0.0,0.0,0.0,0.0,0.8

09/03/2020,02:30:00,nan,0.0,0.0,0.0,0.0,0.8

09/03/2020,02:45:00,nan,0.0,0.0,0.0,0.0,0.8

09/03/2020,03:00:00,nan,0.0,0.0,0.0,0.0,0.8

09/03/2020,03:15:00,nan,0.0,0.0,0.0,0.0,0.8

09/03/2020,03:30:00,nan,0.0,0.0,0.0,0.0,0.8

09/03/2020,03:45:00,nan,0.0,0.0,0.0,0.0,0.8

09/03/2020,04:00:00,nan,0.0,0.0,0.0,0.0,0.8

09/03/2020,04:15:00,nan,0.0,0.0,0.0,0.0,0.8

09/03/2020,04:30:00,nan,0.0,0.0,0.0,0.0,0.8

09/03/2020,04:45:00,nan,0.0,0.0,0.0,0.0,0.8

09/03/2020,05:00:00,nan,0.0,0.0,0.0,0.0,0.8

09/03/2020,05:15:00,nan,0.0,0.0,0.0,0.0,0.8

09/03/2020,05:30:00,nan,0.0,0.0,0.0,0.0,0.8

09/03/2020,05:45:00,nan,0.0,0.0,0.0,0.0,0.8

09/03/2020,06:00:00,nan,0.0,0.0,0.0,0.0,0.8

09/03/2020,06:15:00,nan,0.0,0.0,0.0,0.0,0.8

09/03/2020,06:30:00,nan,0.0,0.0,0.0,0.0,0.8

09/03/2020,06:45:00,nan,0.0,0.0,0.0,0.0,0.8

09/03/2020,07:00:00,nan,0.0,0.0,0.0,0.0,0.8

09/03/2020,07:15:00,nan,0.0,0.0,0.0,0.0,0.8

09/03/2020,07:30:00,nan,0.0,0.0,0.0,0.0,0.8

09/03/2020,07:45:00,nan,0.0,0.0,0.0,0.0,0.8

09/03/2020,08:00:00,nan,0.0,0.0,0.0,0.0,0.8

09/03/2020,08:15:00,nan,0.0,0.0,0.0,0.0,0.8

09/03/2020,08:30:00,nan,0.0,0.0,0.0,0.0,0.8

09/03/2020,08:45:00,nan,0.0,0.0,0.0,0.0,0.8

09/03/2020,09:00:00,nan,0.0,0.0,0.0,0.0,0.8

09/03/2020,09:15:00,nan,0.0,0.0,0.0,0.0,0.8

09/03/2020,09:30:00,nan,0.0,0.0,0.0,0.0,0.8

09/03/2020,09:45:00,nan,0.0,0.0,0.0,0.0,0.8

09/03/2020,10:00:00,nan,0.0,0.0,0.0,0.0,0.8

09/03/2020,10:15:00,nan,0.0,0.0,0.0,0.0,0.8

09/03/2020,10:30:00,nan,0.0,0.0,0.0,0.0,0.8

09/03/2020,10:45:00,nan,0.0,0.0,0.0,0.0,0.8

09/03/2020,11:00:00,nan,0.0,0.0,0.0,0.0,0.8

09/03/2020,11:15:00,nan,0.0,0.0,0.0,0.0,0.8

09/03/2020,11:30:00,nan,0.0,0.0,0.0,0.0,0.8

09/03/2020,11:45:00,nan,0.0,0.0,0.0,0.0,0.8

09/03/2020,12:00:00,nan,0.0,0.0,0.0,0.0,0.8

09/03/2020,12:15:00,nan,0.0,0.0,0.0,0.0,0.8

09/03/2020,12:30:00,nan,0.0,0.0,0.0,0.0,0.8

09/03/2020,12:45:00,nan,0.0,0.0,0.0,0.0,0.8

09/03/2020,13:00:00,nan,0.0,0.0,0.0,0.0,0.8

09/03/2020,13:15:00,nan,0.0,0.0,0.0,0.0,0.8

09/03/2020,13:30:00,nan,0.0,0.0,0.0,0.0,0.8

09/03/2020,13:45:00,nan,0.0,0.0,0.0,0.0,0.8

09/03/2020,14:00:00,nan,0.0,0.0,0.0,0.0,0.8

09/03/2020,14:15:00,nan,0.0,0.0,0.0,0.0,0.8

09/03/2020,14:30:00,nan,0.0,0.0,0.0,0.0,0.8

09/03/2020,14:45:00,nan,0.0,0.0,0.0,0.0,0.8

09/03/2020,15:00:00,nan,0.0,0.0,0.0,0.0,0.8

09/03/2020,15:15:00,nan,0.0,0.0,0.0,0.0,0.8

09/03/2020,15:30:00,nan,0.0,0.0,0.0,0.0,0.8

09/03/2020,15:45:00,nan,0.0,0.0,0.0,0.0,0.8

09/03/2020,16:00:00,nan,0.0,0.0,0.0,0.0,0.8

09/03/2020,16:15:00,nan,0.0,0.0,0.0,0.0,0.8

09/03/2020,16:30:00,nan,0.0,0.0,0.0,0.0,0.8

09/03/2020,16:45:00,nan,0.0,0.0,0.0,0.0,0.8

09/03/2020,17:00:00,nan,0.0,0.0,0.0,0.0,0.8

09/03/2020,17:15:00,nan,0.0,0.0,0.0,0.0,0.8

09/03/2020,17:30:00,nan,0.0,0.0,0.0,0.0,0.8

09/03/2020,17:45:00,nan,0.0,0.0,0.0,0.0,0.8

09/03/2020,18:00:00,nan,0.0,0.0,0.0,0.0,0.8

09/03/2020,18:15:00,nan,0.0,0.0,0.0,0.0,0.8

09/03/2020,18:30:00,nan,0.0,0.0,0.0,0.0,0.8

09/03/2020,18:45:00,nan,0.0,0.0,0.0,0.0,0.8

09/03/2020,19:00:00,nan,0.0,0.0,0.0,0.0,0.8

09/03/2020,19:15:00,nan,0.0,0.0,0.0,0.0,0.8

09/03/2020,19:30:00,nan,0.0,0.0,0.0,0.0,0.8

09/03/2020,19:45:00,nan,0.0,0.0,0.0,0.0,0.8

09/03/2020,20:00:00,nan,0.0,0.0,0.0,0.0,0.8

09/03/2020,20:15:00,nan,0.0,0.0,0.0,0.0,0.8

09/03/2020,20:30:00,nan,0.0,0.0,0.0,0.0,0.8

09/03/2020,20:45:00,nan,0.0,0.0,0.0,0.0,0.8

09/03/2020,21:00:00,nan,0.0,0.0,0.0,0.0,0.8

09/03/2020,21:15:00,nan,0.0,0.0,0.0,0.0,0.8

09/03/2020,21:30:00,nan,0.0,0.0,0.0,0.0,0.8

09/03/2020,21:45:00,nan,0.0,0.0,0.0,0.0,0.8

09/03/2020,22:00:00,nan,0.0,0.0,0.0,0.0,0.8

09/03/2020,22:15:00,nan,0.0,0.0,0.0,0.0,0.8

09/03/2020,22:30:00,nan,0.0,0.0,0.0,0.0,0.8

09/03/2020,22:45:00,nan,0.0,0.0,0.0,0.0,0.8

09/03/2020,23:00:00,nan,0.0,0.0,0.0,0.0,0.8

09/03/2020,23:15:00,nan,0.0,0.0,0.0,0.0,0.8

09/03/2020,23:30:00,nan,0.0,0.0,0.0,0.0,0.8

09/03/2020,23:45:00,nan,0.0,0.0,0.0,0.0,0.8

10/03/2020,00:00:00,nan,0.0,0.0,0.0,0.0,0.8

10/03/2020,00:15:00,nan,0.0,0.0,0.0,0.0,0.8

10/03/2020,00:30:00,nan,0.0,0.0,0.0,0.0,0.8

10/03/2020,00:45:00,nan,0.0,0.0,0.0,0.0,0.8

10/03/2020,01:00:00,nan,0.0,0.0,0.0,0.0,0.8

10/03/2020,01:15:00,nan,0.0,0.0,0.0,0.0,0.8

10/03/2020,01:30:00,nan,0.0,0.0,0.0,0.0,0.8

10/03/2020,01:45:00,nan,0.0,0.0,0.0,0.0,0.8

10/03/2020,02:00:00,nan,0.0,0.0,0.0,0.0,0.8

10/03/2020,02:15:00,nan,0.0,0.0,0.0,0.0,0.8

10/03/2020,02:30:00,nan,0.0,0.0,0.0,0.0,0.8

10/03/2020,02:45:00,nan,0.0,0.0,0.0,0.0,0.4

10/03/2020,03:00:00,nan,0.0,0.0,0.0,0.0,0.4

10/03/2020,03:15:00,nan,0.0,0.0,0.0,0.0,0.4

10/03/2020,03:30:00,nan,0.0,0.0,0.0,0.0,0.4

10/03/2020,03:45:00,nan,0.0,0.0,0.0,0.0,0.4

10/03/2020,04:00:00,nan,0.0,0.0,0.0,0.0,0.4

10/03/2020,04:15:00,nan,0.0,0.0,0.0,0.0,0.4

10/03/2020,04:30:00,nan,0.0,0.0,0.0,0.0,0.4

10/03/2020,04:45:00,nan,0.0,0.0,0.0,0.0,0.4

10/03/2020,05:00:00,nan,0.0,0.0,0.0,0.0,0.4

10/03/2020,05:15:00,nan,0.0,0.0,0.0,0.0,0.4

10/03/2020,05:30:00,nan,0.0,0.0,0.0,0.0,0.4

10/03/2020,05:45:00,nan,0.0,0.0,0.0,0.0,0.4

10/03/2020,06:00:00,nan,0.0,0.0,0.0,0.0,0.4

10/03/2020,06:15:00,nan,0.0,0.0,0.0,0.0,0.4

10/03/2020,06:30:00,nan,0.0,0.0,0.0,0.0,0.4

10/03/2020,06:45:00,nan,0.0,0.0,0.0,0.0,0.4

10/03/2020,07:00:00,nan,0.0,0.0,0.0,0.0,0.4

10/03/2020,07:15:00,nan,0.0,0.0,0.0,0.0,0.4

10/03/2020,07:30:00,nan,0.0,0.0,0.0,0.0,0.4

10/03/2020,07:45:00,nan,0.0,0.0,0.0,0.0,0.4

10/03/2020,08:00:00,nan,0.0,0.0,0.0,0.0,0.4

10/03/2020,08:15:00,nan,0.0,0.0,0.0,0.0,0.4

10/03/2020,08:30:00,nan,0.0,0.0,0.0,0.0,0.4

10/03/2020,08:45:00,nan,0.0,0.0,0.0,0.0,0.4

10/03/2020,09:00:00,nan,0.0,0.0,0.0,0.0,0.4

10/03/2020,09:15:00,nan,0.0,0.0,0.0,0.0,0.4

10/03/2020,09:30:00,nan,0.0,0.0,0.0,0.0,0.4

10/03/2020,09:45:00,nan,0.0,0.0,0.0,0.0,0.4

10/03/2020,10:00:00,nan,0.0,0.0,0.0,0.0,0.4

10/03/2020,10:15:00,nan,0.0,0.0,0.0,0.0,0.4

10/03/2020,10:30:00,nan,0.0,0.0,0.0,0.0,0.4

10/03/2020,10:45:00,nan,0.0,0.0,0.0,0.0,0.4

10/03/2020,11:00:00,nan,0.0,0.0,0.0,0.0,0.4

10/03/2020,11:15:00,nan,0.0,0.0,0.0,0.0,0.4

10/03/2020,11:30:00,nan,0.0,0.0,0.0,0.0,0.4

10/03/2020,11:45:00,nan,0.0,0.0,0.0,0.0,0.4

10/03/2020,12:00:00,nan,0.0,0.0,0.0,0.0,0.4

10/03/2020,12:15:00,nan,0.0,0.0,0.0,0.0,0.4

10/03/2020,12:30:00,nan,0.0,0.0,0.0,0.0,0.4

10/03/2020,12:45:00,nan,0.0,0.0,0.0,0.0,0.4

10/03/2020,13:00:00,nan,0.0,0.0,0.0,0.0,0.4

10/03/2020,13:15:00,nan,0.0,0.0,0.0,0.0,0.4

10/03/2020,13:30:00,nan,0.0,0.0,0.0,0.0,0.4

10/03/2020,13:45:00,nan,0.0,0.0,0.0,0.0,0.4

10/03/2020,14:00:00,nan,0.0,0.0,0.0,0.0,0.4

10/03/2020,14:15:00,nan,0.0,0.0,0.0,0.0,0.4

10/03/2020,14:30:00,nan,0.0,0.0,0.0,0.0,0.4

10/03/2020,14:45:00,nan,0.0,0.0,0.0,0.0,0.4

10/03/2020,15:00:00,nan,0.0,0.0,0.0,0.0,0.4

10/03/2020,15:15:00,nan,0.0,0.0,0.0,0.0,0.4

10/03/2020,15:30:00,nan,0.0,0.0,0.0,0.0,0.4

10/03/2020,15:45:00,nan,0.0,0.0,0.0,0.0,0.4

10/03/2020,16:00:00,nan,0.0,0.0,0.0,0.0,0.4

10/03/2020,16:15:00,nan,0.0,0.0,0.0,0.0,0.4

10/03/2020,16:30:00,nan,0.0,0.0,0.0,0.0,0.4

10/03/2020,16:45:00,nan,0.0,0.0,0.0,0.0,0.4

10/03/2020,17:00:00,nan,0.0,0.0,0.0,0.0,0.4

10/03/2020,17:15:00,nan,0.0,0.0,0.0,0.0,0.4

10/03/2020,17:30:00,nan,0.0,0.0,0.0,0.0,0.4

10/03/2020,17:45:00,nan,0.0,0.0,0.0,0.0,0.4

10/03/2020,18:00:00,nan,0.0,0.0,0.0,0.0,0.4

10/03/2020,18:15:00,nan,0.0,0.0,0.0,0.0,0.4

10/03/2020,18:30:00,nan,0.0,0.0,0.0,0.0,0.4

10/03/2020,18:45:00,nan,0.0,0.0,0.0,0.0,0.4

10/03/2020,19:00:00,nan,0.0,0.0,0.0,0.0,0.4

10/03/2020,19:15:00,nan,0.0,0.0,0.0,0.0,0.4

10/03/2020,19:30:00,nan,0.0,0.0,0.0,0.0,0.4

10/03/2020,19:45:00,nan,0.0,0.0,0.0,0.0,0.4

10/03/2020,20:00:00,nan,0.0,0.0,0.0,0.0,0.4

10/03/2020,20:15:00,nan,0.0,0.0,0.0,0.0,0.4

10/03/2020,20:30:00,nan,0.0,0.0,0.0,0.0,0.4

10/03/2020,20:45:00,nan,0.0,0.0,0.0,0.0,0.4

10/03/2020,21:00:00,nan,0.0,0.0,0.0,0.0,0.4

10/03/2020,21:15:00,nan,0.0,0.0,0.0,0.0,0.4

10/03/2020,21:30:00,nan,0.0,0.0,0.0,0.0,0.4

10/03/2020,21:45:00,nan,0.0,0.0,0.0,0.0,0.4

10/03/2020,22:00:00,nan,0.0,0.0,0.0,0.0,0.4

10/03/2020,22:15:00,nan,0.0,0.0,0.0,0.0,0.4

10/03/2020,22:30:00,nan,0.0,0.0,0.0,0.0,0.4

10/03/2020,22:45:00,nan,0.0,0.0,0.0,0.0,0.4

10/03/2020,23:00:00,nan,0.0,0.0,0.0,0.0,0.4

10/03/2020,23:15:00,nan,0.0,0.0,0.0,0.0,0.4

10/03/2020,23:30:00,nan,0.0,0.0,0.0,0.0,0.4

10/03/2020,23:45:00,nan,0.0,0.0,0.0,0.0,0.4

11/03/2020,00:00:00,nan,0.0,0.0,0.0,0.0,0.4

11/03/2020,00:15:00,nan,0.0,0.0,0.0,0.0,0.4

11/03/2020,00:30:00,nan,0.0,0.0,0.0,0.0,0.4

11/03/2020,00:45:00,nan,0.0,0.0,0.0,0.0,0.4

11/03/2020,01:00:00,nan,0.0,0.0,0.0,0.0,0.4

11/03/2020,01:15:00,nan,0.0,0.0,0.0,0.0,0.4

11/03/2020,01:30:00,nan,0.0,0.0,0.0,0.0,0.4

11/03/2020,01:45:00,nan,0.0,0.0,0.0,0.0,0.4

11/03/2020,02:00:00,nan,0.0,0.0,0.0,0.0,0.4

11/03/2020,02:15:00,nan,0.0,0.0,0.0,0.0,0.4

11/03/2020,02:30:00,nan,0.0,0.0,0.0,0.0,0.4

11/03/2020,02:45:00,nan,0.0,0.0,0.0,0.0,0.4

11/03/2020,03:00:00,nan,0.0,0.0,0.0,0.0,0.4

11/03/2020,03:15:00,nan,0.0,0.0,0.0,0.0,0.4

11/03/2020,03:30:00,nan,0.0,0.0,0.0,0.0,0.4

11/03/2020,03:45:00,nan,0.0,0.0,0.0,0.0,0.4

11/03/2020,04:00:00,nan,0.0,0.0,0.0,0.0,0.4

11/03/2020,04:15:00,nan,0.0,0.0,0.0,0.0,0.4

11/03/2020,04:30:00,nan,0.0,0.0,0.0,0.0,0.4

11/03/2020,04:45:00,nan,0.0,0.0,0.0,0.0,0.4

11/03/2020,05:00:00,nan,0.0,0.0,0.0,0.0,0.4

11/03/2020,05:15:00,nan,0.0,0.0,0.0,0.0,0.4

11/03/2020,05:30:00,nan,0.0,0.0,0.0,0.0,0.4

11/03/2020,05:45:00,nan,0.0,0.0,0.0,0.0,0.4

11/03/2020,06:00:00,nan,0.0,0.0,0.0,0.0,0.4

11/03/2020,06:15:00,nan,0.0,0.0,0.0,0.0,0.4

11/03/2020,06:30:00,nan,0.0,0.0,0.0,0.0,0.4

11/03/2020,06:45:00,nan,0.0,0.0,0.0,0.0,0.4

11/03/2020,07:00:00,nan,0.0,0.0,0.0,0.0,0.4

11/03/2020,07:15:00,nan,0.0,0.0,0.0,0.0,0.4

11/03/2020,07:30:00,nan,0.0,0.0,0.0,0.0,0.4

11/03/2020,07:45:00,nan,0.0,0.0,0.0,0.0,0.4

11/03/2020,08:00:00,nan,0.0,0.0,0.0,0.0,0.4

11/03/2020,08:15:00,nan,0.0,0.0,0.0,0.0,0.4

11/03/2020,08:30:00,nan,0.0,0.0,0.0,0.0,0.4

11/03/2020,08:45:00,nan,0.0,0.0,0.0,0.0,0.4

11/03/2020,09:00:00,nan,0.0,0.0,0.0,0.0,0.4

11/03/2020,09:15:00,nan,0.0,0.0,0.0,0.0,0.4

11/03/2020,09:30:00,nan,0.0,0.0,0.0,0.0,0.4

11/03/2020,09:45:00,nan,0.0,0.0,0.0,0.0,0.4

11/03/2020,10:00:00,nan,0.0,0.0,0.0,0.0,0.4

11/03/2020,10:15:00,nan,0.0,0.0,0.0,0.0,0.4

11/03/2020,10:30:00,nan,0.0,0.0,0.0,0.0,0.4

11/03/2020,10:45:00,nan,0.0,0.0,0.0,0.0,0.4

11/03/2020,11:00:00,nan,0.0,0.0,0.0,0.0,0.4

11/03/2020,11:15:00,nan,0.0,0.0,0.0,0.0,0.4

11/03/2020,11:30:00,nan,0.0,0.0,0.0,0.0,0.4

11/03/2020,11:45:00,nan,0.0,0.0,0.0,0.0,0.4

11/03/2020,12:00:00,nan,0.0,0.0,0.0,0.0,0.4

11/03/2020,12:15:00,nan,0.0,0.0,0.0,0.0,0.4

11/03/2020,12:30:00,nan,0.0,0.0,0.0,0.0,0.4

11/03/2020,12:45:00,nan,0.0,0.0,0.0,0.0,0.4

11/03/2020,13:00:00,nan,0.0,0.0,0.0,0.0,0.4

11/03/2020,13:15:00,nan,0.0,0.0,0.0,0.0,0.4

11/03/2020,13:30:00,nan,0.0,0.0,0.0,0.0,0.4

11/03/2020,13:45:00,nan,0.0,0.0,0.0,0.0,0.4

11/03/2020,14:00:00,nan,0.0,0.0,0.0,0.0,0.4

11/03/2020,14:15:00,nan,0.0,0.0,0.0,0.0,0.4

11/03/2020,14:30:00,nan,0.0,0.0,0.0,0.0,0.4

11/03/2020,14:45:00,nan,0.0,0.0,0.0,0.0,0.4

11/03/2020,15:00:00,nan,0.0,0.0,0.0,0.0,0.4

11/03/2020,15:15:00,nan,0.0,0.0,0.0,0.0,0.4

11/03/2020,15:30:00,nan,0.0,0.0,0.0,0.0,0.4

11/03/2020,15:45:00,nan,0.0,0.0,0.0,0.0,0.4

11/03/2020,16:00:00,nan,0.0,0.0,0.0,0.0,0.4

11/03/2020,16:15:00,nan,0.0,0.0,0.0,0.0,0.4

11/03/2020,16:30:00,nan,0.0,0.0,0.0,0.0,0.4

11/03/2020,16:45:00,nan,0.0,0.0,0.0,0.0,0.4

11/03/2020,17:00:00,nan,0.0,0.0,0.0,0.0,0.4

11/03/2020,17:15:00,nan,0.0,0.0,0.0,0.0,0.4

11/03/2020,17:30:00,nan,0.0,0.0,0.0,0.0,0.4

11/03/2020,17:45:00,nan,0.0,0.0,0.0,0.0,0.4

11/03/2020,18:00:00,nan,0.0,0.0,0.0,0.0,0.4

11/03/2020,18:15:00,nan,0.0,0.0,0.0,0.0,0.4

11/03/2020,18:30:00,nan,0.0,0.0,0.0,0.0,0.4

11/03/2020,18:45:00,nan,0.0,0.0,0.0,0.0,0.4

11/03/2020,19:00:00,nan,0.0,0.0,0.0,0.0,0.4

11/03/2020,19:15:00,nan,0.0,0.0,0.0,0.0,0.4

11/03/2020,19:30:00,nan,0.0,0.0,0.0,0.0,0.4

11/03/2020,19:45:00,nan,0.0,0.0,0.0,0.0,0.4

11/03/2020,20:00:00,nan,0.0,0.0,0.0,0.0,0.4

11/03/2020,20:15:00,nan,0.0,0.0,0.0,0.0,0.4

11/03/2020,20:30:00,nan,0.0,0.0,0.0,0.0,0.4

11/03/2020,20:45:00,nan,0.0,0.0,0.0,0.0,0.4

11/03/2020,21:00:00,nan,0.0,0.0,0.0,0.0,0.4

11/03/2020,21:15:00,nan,0.0,0.0,0.0,0.0,0.4

11/03/2020,21:30:00,nan,0.0,0.0,0.0,0.0,0.4

11/03/2020,21:45:00,nan,0.0,0.0,0.0,0.0,0.4

11/03/2020,22:00:00,nan,0.0,0.0,0.0,0.0,0.4

11/03/2020,22:15:00,nan,0.0,0.0,0.0,0.0,0.4

11/03/2020,22:30:00,nan,0.0,0.0,0.0,0.0,0.4

11/03/2020,22:45:00,nan,0.0,0.0,0.0,0.0,0.4

11/03/2020,23:00:00,nan,0.0,0.0,0.0,0.0,0.4

11/03/2020,23:15:00,nan,0.0,0.0,0.0,0.0,0.4

11/03/2020,23:30:00,nan,0.0,0.0,0.0,0.0,0.4

11/03/2020,23:45:00,nan,0.0,0.0,0.0,0.0,0.0

12/03/2020,00:00:00,nan,0.0,0.0,0.0,0.0,0.0

12/03/2020,00:15:00,nan,0.0,0.0,0.0,0.0,0.0

12/03/2020,00:30:00,nan,0.0,0.0,0.0,0.0,0.0

12/03/2020,00:45:00,nan,0.0,0.0,0.0,0.0,0.0

12/03/2020,01:00:00,nan,0.0,0.0,0.0,0.0,0.0

12/03/2020,01:15:00,nan,0.0,0.0,0.0,0.0,0.0

12/03/2020,01:30:00,nan,0.0,0.0,0.0,0.0,0.0

12/03/2020,01:45:00,nan,0.0,0.0,0.0,0.0,0.0

12/03/2020,02:00:00,nan,0.0,0.0,0.0,0.0,0.0

12/03/2020,02:15:00,nan,0.0,0.0,0.0,0.0,0.0

12/03/2020,02:30:00,nan,0.0,0.0,0.0,0.0,0.0

12/03/2020,02:45:00,nan,0.0,0.0,0.0,0.0,0.0

12/03/2020,03:00:00,nan,0.0,0.0,0.0,0.0,0.0

12/03/2020,03:15:00,nan,0.0,0.0,0.0,0.0,0.0

12/03/2020,03:30:00,nan,0.0,0.0,0.0,0.0,0.0

12/03/2020,03:45:00,nan,0.0,0.0,0.0,0.0,0.0

12/03/2020,04:00:00,nan,0.0,0.0,0.0,0.0,0.0

12/03/2020,04:15:00,nan,0.0,0.0,0.0,0.0,0.0

12/03/2020,04:30:00,nan,0.0,0.0,0.0,0.0,0.0

12/03/2020,04:45:00,nan,0.0,0.0,0.0,0.0,0.0

12/03/2020,05:00:00,nan,0.0,0.0,0.0,0.0,0.0

12/03/2020,05:15:00,nan,0.0,0.0,0.0,0.0,0.0

12/03/2020,05:30:00,nan,0.0,0.0,0.0,0.0,0.0

12/03/2020,05:45:00,nan,0.0,0.0,0.0,0.0,0.0

12/03/2020,06:00:00,nan,0.0,0.0,0.0,0.0,0.0

12/03/2020,06:15:00,nan,0.0,0.0,0.0,0.0,0.0

12/03/2020,06:30:00,nan,0.0,0.0,0.0,0.0,0.0

12/03/2020,06:45:00,nan,0.0,0.0,0.0,0.0,0.0

12/03/2020,07:00:00,nan,0.0,0.0,0.0,0.0,0.0

12/03/2020,07:15:00,nan,0.0,0.0,0.0,0.0,0.0

12/03/2020,07:30:00,nan,0.0,0.0,0.0,0.0,0.0

12/03/2020,07:45:00,nan,0.0,0.0,0.0,0.0,0.0

12/03/2020,08:00:00,nan,0.0,0.0,0.0,0.0,0.0

12/03/2020,08:15:00,nan,0.0,0.0,0.0,0.0,0.0

12/03/2020,08:30:00,nan,0.0,0.0,0.0,0.0,0.0

12/03/2020,08:45:00,nan,0.0,0.0,0.0,0.0,0.0

12/03/2020,09:00:00,nan,0.0,0.0,0.0,0.0,0.0

12/03/2020,09:15:00,nan,0.0,0.0,0.0,0.0,0.0

12/03/2020,09:30:00,nan,0.0,0.0,0.0,0.0,0.0

12/03/2020,09:45:00,nan,0.0,0.0,0.0,0.0,0.0

12/03/2020,10:00:00,nan,0.0,0.0,0.0,0.0,0.0

12/03/2020,10:15:00,nan,0.0,0.0,0.0,0.0,0.0

12/03/2020,10:30:00,nan,0.0,0.0,0.0,0.0,0.0

12/03/2020,10:45:00,nan,0.0,0.0,0.0,0.0,0.0

12/03/2020,11:00:00,nan,0.0,0.0,0.0,0.0,0.0

12/03/2020,11:15:00,nan,0.0,0.0,0.0,0.0,0.0

12/03/2020,11:30:00,nan,0.0,0.0,0.0,0.0,0.0

12/03/2020,11:45:00,nan,0.0,0.0,0.0,0.0,0.0

12/03/2020,12:00:00,nan,0.0,0.0,0.0,0.0,0.0

12/03/2020,12:15:00,nan,0.0,0.0,0.0,0.0,0.0

12/03/2020,12:30:00,nan,0.0,0.0,0.0,0.0,0.0

12/03/2020,12:45:00,nan,0.0,0.0,0.0,0.0,0.0

12/03/2020,13:00:00,nan,0.0,0.0,0.0,0.0,0.0

12/03/2020,13:15:00,nan,0.0,0.0,0.0,0.0,0.0

12/03/2020,13:30:00,nan,0.0,0.0,0.0,0.0,0.0

12/03/2020,13:45:00,nan,0.0,0.0,0.0,0.0,0.0

12/03/2020,14:00:00,nan,0.0,0.0,0.0,0.0,0.0

12/03/2020,14:15:00,nan,0.0,0.0,0.0,0.0,0.0

12/03/2020,14:30:00,nan,0.0,0.0,0.0,0.0,0.0

12/03/2020,14:45:00,nan,0.0,0.0,0.0,0.0,0.0

12/03/2020,15:00:00,nan,0.0,0.0,0.0,0.0,0.0

12/03/2020,15:15:00,nan,0.0,0.0,0.0,0.0,0.0

12/03/2020,15:30:00,nan,0.0,0.0,0.0,0.0,0.0

12/03/2020,15:45:00,nan,0.0,0.0,0.0,0.0,0.0

12/03/2020,16:00:00,nan,0.0,0.0,0.0,0.0,0.0

12/03/2020,16:15:00,nan,0.0,0.0,0.0,0.0,0.0

12/03/2020,16:30:00,nan,0.0,0.0,0.0,0.0,0.0

12/03/2020,16:45:00,nan,0.0,0.0,0.0,0.0,0.0

12/03/2020,17:00:00,nan,0.0,0.0,0.0,0.0,0.0

12/03/2020,17:15:00,nan,0.0,0.0,0.0,0.0,0.0

12/03/2020,17:30:00,nan,0.0,0.0,0.0,0.0,0.0

12/03/2020,17:45:00,nan,0.0,0.0,0.0,0.0,0.0

12/03/2020,18:00:00,nan,0.0,0.0,0.0,0.0,0.0

12/03/2020,18:15:00,nan,0.0,0.0,0.0,0.0,0.0

12/03/2020,18:30:00,nan,0.0,0.0,0.0,0.0,0.0

12/03/2020,18:45:00,nan,0.0,0.0,0.0,0.0,0.0

12/03/2020,19:00:00,nan,0.0,0.0,0.0,0.0,0.0

12/03/2020,19:15:00,nan,0.0,0.0,0.0,0.0,0.0

12/03/2020,19:30:00,nan,0.0,0.0,0.0,0.0,0.0

12/03/2020,19:45:00,nan,0.0,0.0,0.0,0.0,0.0

12/03/2020,20:00:00,nan,0.0,0.0,0.0,0.0,0.0

12/03/2020,20:15:00,nan,0.0,0.0,0.0,0.0,0.0

12/03/2020,20:30:00,nan,0.0,0.0,0.0,0.0,0.0

12/03/2020,20:45:00,nan,0.0,0.0,0.0,0.0,0.0

12/03/2020,21:00:00,nan,0.0,0.0,0.0,0.0,0.0

12/03/2020,21:15:00,nan,0.0,0.0,0.0,0.0,0.0

12/03/2020,21:30:00,nan,0.0,0.0,0.0,0.0,0.0

12/03/2020,21:45:00,nan,0.0,0.0,0.0,0.0,0.0

12/03/2020,22:00:00,nan,0.0,0.0,0.0,0.0,0.0

12/03/2020,22:15:00,nan,0.0,0.0,0.0,0.0,0.0

12/03/2020,22:30:00,nan,0.0,0.0,0.0,0.0,0.0

12/03/2020,22:45:00,nan,0.0,0.0,0.0,0.0,0.0

12/03/2020,23:00:00,nan,0.0,0.0,0.0,0.0,0.0

12/03/2020,23:15:00,nan,0.0,0.0,0.0,0.0,0.0

12/03/2020,23:30:00,nan,0.0,0.0,0.0,0.0,0.0

12/03/2020,23:45:00,nan,0.0,0.0,0.0,0.0,0.0

13/03/2020,00:00:00,nan,0.0,0.0,0.0,0.0,0.0

13/03/2020,00:15:00,nan,0.0,0.0,0.0,0.0,0.0

13/03/2020,00:30:00,nan,0.0,0.0,0.0,0.0,0.0

13/03/2020,00:45:00,nan,0.0,0.0,0.0,0.0,0.0

13/03/2020,01:00:00,nan,0.0,0.0,0.0,0.0,0.0

13/03/2020,01:15:00,nan,0.0,0.0,0.0,0.0,0.0

13/03/2020,01:30:00,nan,0.0,0.0,0.0,0.0,0.0

13/03/2020,01:45:00,nan,0.0,0.0,0.0,0.0,0.0

13/03/2020,02:00:00,nan,0.0,0.0,0.0,0.0,0.0

13/03/2020,02:15:00,nan,0.0,0.0,0.0,0.0,0.0

13/03/2020,02:30:00,nan,0.0,0.0,0.0,0.0,0.0

13/03/2020,02:45:00,nan,0.0,0.0,0.0,0.0,0.0

13/03/2020,03:00:00,nan,0.0,0.0,0.0,0.0,0.0

13/03/2020,03:15:00,nan,0.0,0.0,0.0,0.0,0.0

13/03/2020,03:30:00,nan,0.0,0.0,0.0,0.0,0.0

13/03/2020,03:45:00,nan,0.0,0.0,0.0,0.0,0.0

13/03/2020,04:00:00,nan,0.0,0.0,0.0,0.0,0.0

13/03/2020,04:15:00,nan,0.0,0.0,0.0,0.0,0.0

13/03/2020,04:30:00,nan,0.0,0.0,0.0,0.0,0.0

13/03/2020,04:45:00,nan,0.0,0.0,0.0,0.0,0.0

13/03/2020,05:00:00,nan,0.0,0.0,0.0,0.0,0.0

13/03/2020,05:15:00,nan,0.0,0.0,0.0,0.0,0.0

13/03/2020,05:30:00,nan,0.0,0.0,0.0,0.0,0.0

13/03/2020,05:45:00,nan,0.0,0.0,0.0,0.0,0.0

13/03/2020,06:00:00,nan,0.0,0.0,0.0,0.0,0.0

13/03/2020,06:15:00,nan,0.0,0.0,0.0,0.0,0.0

13/03/2020,06:30:00,nan,0.0,0.0,0.0,0.0,0.0

13/03/2020,06:45:00,nan,0.0,0.0,0.0,0.0,0.0

13/03/2020,07:00:00,nan,0.0,0.0,0.0,0.0,0.0

13/03/2020,07:15:00,nan,0.0,0.0,0.0,0.0,0.0

13/03/2020,07:30:00,nan,0.0,0.0,0.0,0.0,0.0

13/03/2020,07:45:00,nan,0.0,0.0,0.0,0.0,0.0

13/03/2020,08:00:00,nan,0.0,0.0,0.0,0.0,0.0

13/03/2020,08:15:00,nan,0.0,0.0,0.0,0.0,0.0

13/03/2020,08:30:00,nan,0.0,0.0,0.0,0.0,0.0

13/03/2020,08:45:00,nan,0.0,0.0,0.0,0.0,0.0

13/03/2020,09:00:00,nan,0.0,0.0,0.0,0.0,0.0

13/03/2020,09:15:00,nan,0.0,0.0,0.0,0.0,0.0

13/03/2020,09:30:00,nan,0.0,0.0,0.0,0.0,0.0

13/03/2020,09:45:00,nan,0.0,0.0,0.0,0.0,0.0

13/03/2020,10:00:00,nan,0.0,0.0,0.0,0.0,0.0

13/03/2020,10:15:00,nan,0.0,0.0,0.0,0.0,0.0

13/03/2020,10:30:00,nan,0.0,0.0,0.0,0.0,0.0

13/03/2020,10:45:00,nan,0.0,0.0,0.0,0.0,0.0

13/03/2020,11:00:00,nan,0.0,0.0,0.0,0.0,0.0

13/03/2020,11:15:00,nan,0.0,0.0,0.0,0.0,0.0

13/03/2020,11:30:00,nan,0.0,0.0,0.0,0.0,0.0

13/03/2020,11:45:00,nan,0.0,0.0,0.0,0.0,0.0

13/03/2020,12:00:00,nan,0.0,0.0,0.0,0.0,0.0

13/03/2020,12:15:00,nan,0.0,0.0,0.0,0.0,0.0

13/03/2020,12:30:00,nan,0.0,0.0,0.0,0.0,0.0

13/03/2020,12:45:00,nan,0.0,0.0,0.0,0.0,0.0

13/03/2020,13:00:00,nan,0.0,0.0,0.0,0.0,0.0

13/03/2020,13:15:00,nan,0.0,0.0,0.0,0.0,0.0

13/03/2020,13:30:00,nan,0.0,0.0,0.0,0.0,0.0

13/03/2020,13:45:00,nan,0.0,0.0,0.0,0.0,0.0

13/03/2020,14:00:00,nan,0.0,0.0,0.0,0.0,0.0

13/03/2020,14:15:00,nan,0.0,0.0,0.0,0.0,0.0

13/03/2020,14:30:00,nan,0.0,0.0,0.0,0.0,0.0

13/03/2020,14:45:00,nan,0.0,0.0,0.0,0.0,0.0

13/03/2020,15:00:00,nan,0.0,0.0,0.0,0.0,0.0

13/03/2020,15:15:00,nan,0.0,0.0,0.0,0.0,0.0

13/03/2020,15:30:00,nan,0.0,0.0,0.0,0.0,0.0

13/03/2020,15:45:00,nan,0.0,0.0,0.0,0.0,0.0

13/03/2020,16:00:00,nan,0.0,0.0,0.0,0.0,0.0

13/03/2020,16:15:00,nan,0.0,0.0,0.0,0.0,0.0

13/03/2020,16:30:00,nan,0.0,0.0,0.0,0.0,0.0

13/03/2020,16:45:00,nan,0.0,0.0,0.0,0.0,0.0

13/03/2020,17:00:00,nan,0.0,0.0,0.0,0.0,0.0

13/03/2020,17:15:00,nan,0.0,0.0,0.0,0.0,0.0

13/03/2020,17:30:00,nan,0.0,0.0,0.0,0.0,0.0

13/03/2020,17:45:00,nan,0.0,0.0,0.0,0.0,0.0

13/03/2020,18:00:00,nan,0.0,0.0,0.0,0.0,0.0

13/03/2020,18:15:00,nan,0.0,0.0,0.0,0.0,0.0

13/03/2020,18:30:00,nan,0.0,0.0,0.0,0.0,0.0

13/03/2020,18:45:00,nan,0.0,0.0,0.0,0.0,0.0

13/03/2020,19:00:00,nan,0.0,0.0,0.0,0.0,0.0

13/03/2020,19:15:00,nan,0.0,0.0,0.0,0.0,0.0

13/03/2020,19:30:00,nan,0.0,0.0,0.0,0.0,0.0

13/03/2020,19:45:00,nan,0.0,0.0,0.0,0.0,0.0

13/03/2020,20:00:00,nan,0.0,0.0,0.0,0.0,0.0

13/03/2020,20:15:00,nan,0.0,0.0,0.0,0.0,0.0

13/03/2020,20:30:00,nan,0.0,0.0,0.0,0.0,0.0

13/03/2020,20:45:00,nan,0.0,0.0,0.0,0.0,0.0

13/03/2020,21:00:00,nan,0.0,0.0,0.0,0.0,0.0

13/03/2020,21:15:00,nan,0.0,0.0,0.0,0.0,0.0

13/03/2020,21:30:00,nan,0.0,0.0,0.0,0.0,0.0

13/03/2020,21:45:00,nan,0.0,0.0,0.0,0.0,0.0

13/03/2020,22:00:00,nan,0.0,0.0,0.0,0.0,0.0

13/03/2020,22:15:00,nan,0.0,0.0,0.0,0.0,0.0

13/03/2020,22:30:00,nan,0.0,0.0,0.0,0.0,0.0

13/03/2020,22:45:00,nan,0.0,0.0,0.0,0.0,0.0

13/03/2020,23:00:00,nan,0.0,0.0,0.0,0.0,0.0

13/03/2020,23:15:00,nan,0.0,0.0,0.0,0.0,0.0

13/03/2020,23:30:00,nan,0.0,0.0,0.0,0.0,0.0

13/03/2020,23:45:00,nan,0.0,0.0,0.0,0.0,0.0

14/03/2020,00:00:00,nan,0.0,0.0,0.0,0.0,0.0

14/03/2020,00:15:00,nan,0.0,0.0,0.0,0.0,0.0

14/03/2020,00:30:00,nan,0.0,0.0,0.0,0.0,0.0

14/03/2020,00:45:00,nan,0.0,0.0,0.0,0.0,0.0

14/03/2020,01:00:00,nan,0.0,0.0,0.0,0.0,0.0

14/03/2020,01:15:00,nan,0.0,0.0,0.0,0.0,0.0

14/03/2020,01:30:00,nan,0.0,0.0,0.0,0.0,0.0

14/03/2020,01:45:00,nan,0.0,0.0,0.0,0.0,0.0

14/03/2020,02:00:00,nan,0.0,0.0,0.0,0.0,0.0

14/03/2020,02:15:00,nan,0.0,0.0,0.0,0.0,0.0

14/03/2020,02:30:00,nan,0.0,0.0,0.0,0.0,0.0

14/03/2020,02:45:00,nan,0.0,0.0,0.0,0.0,0.0

14/03/2020,03:00:00,nan,0.0,0.0,0.0,0.0,0.0

14/03/2020,03:15:00,nan,0.0,0.0,0.0,0.0,0.0

14/03/2020,03:30:00,nan,0.0,0.0,0.0,0.0,0.0

14/03/2020,03:45:00,nan,0.0,0.0,0.0,0.0,0.0

14/03/2020,04:00:00,nan,0.0,0.0,0.0,0.0,0.0

14/03/2020,04:15:00,nan,0.0,0.0,0.0,0.0,0.0

14/03/2020,04:30:00,nan,0.0,0.0,0.0,0.0,0.0

14/03/2020,04:45:00,nan,0.0,0.0,0.0,0.0,0.0

14/03/2020,05:00:00,nan,0.0,0.0,0.0,0.0,0.0

14/03/2020,05:15:00,nan,0.0,0.0,0.0,0.0,0.0

14/03/2020,05:30:00,nan,0.0,0.0,0.0,0.0,0.0

14/03/2020,05:45:00,nan,0.0,0.0,0.0,0.0,0.0

14/03/2020,06:00:00,nan,0.0,0.0,0.0,0.0,0.0

14/03/2020,06:15:00,nan,0.0,0.0,0.0,0.0,0.0

14/03/2020,06:30:00,nan,0.0,0.0,0.0,0.0,0.0

14/03/2020,06:45:00,nan,0.0,0.0,0.0,0.0,0.0

14/03/2020,07:00:00,nan,0.0,0.0,0.0,0.0,0.0

14/03/2020,07:15:00,nan,0.0,0.0,0.0,0.0,0.0

14/03/2020,07:30:00,nan,0.0,0.0,0.0,0.0,0.0

14/03/2020,07:45:00,nan,0.0,0.0,0.0,0.0,0.0

14/03/2020,08:00:00,nan,0.0,0.0,0.0,0.0,0.0

14/03/2020,08:15:00,nan,0.0,0.0,0.0,0.0,0.0

14/03/2020,08:30:00,nan,0.0,0.0,0.0,0.0,0.0

14/03/2020,08:45:00,nan,0.0,0.0,0.0,0.0,0.0

14/03/2020,09:00:00,nan,0.0,0.0,0.0,0.0,0.0

14/03/2020,09:15:00,nan,0.0,0.0,0.0,0.0,0.0

14/03/2020,09:30:00,nan,0.0,0.0,0.0,0.0,0.0

14/03/2020,09:45:00,nan,0.0,0.0,0.0,0.0,0.0

14/03/2020,10:00:00,nan,0.0,0.0,0.0,0.0,0.0

14/03/2020,10:15:00,nan,0.0,0.0,0.0,0.0,0.0

14/03/2020,10:30:00,nan,0.0,0.0,0.0,0.0,0.0

14/03/2020,10:45:00,nan,0.0,0.0,0.0,0.0,0.0

14/03/2020,11:00:00,nan,0.0,0.0,0.0,0.0,0.0

14/03/2020,11:15:00,nan,0.0,0.0,0.0,0.0,0.0

14/03/2020,11:30:00,nan,0.0,0.0,0.0,0.0,0.0

14/03/2020,11:45:00,nan,0.0,0.0,0.0,0.0,0.0

14/03/2020,12:00:00,nan,0.0,0.0,0.0,0.0,0.0

14/03/2020,12:15:00,nan,0.0,0.0,0.0,0.0,0.0

14/03/2020,12:30:00,nan,0.0,0.0,0.0,0.0,0.0

14/03/2020,12:45:00,nan,0.0,0.0,0.0,0.0,0.0

14/03/2020,13:00:00,nan,0.0,0.0,0.0,0.0,0.0

14/03/2020,13:15:00,nan,0.0,0.0,0.0,0.0,0.0

14/03/2020,13:30:00,nan,0.0,0.0,0.0,0.0,0.0

14/03/2020,13:45:00,nan,0.0,0.0,0.0,0.0,0.0

14/03/2020,14:00:00,nan,0.0,0.0,0.0,0.0,0.0

14/03/2020,14:15:00,nan,0.0,0.0,0.0,0.0,0.0

14/03/2020,14:30:00,nan,0.0,0.0,0.0,0.0,0.0

14/03/2020,14:45:00,nan,0.0,0.0,0.0,0.0,0.0

14/03/2020,15:00:00,nan,0.0,0.0,0.0,0.0,0.0

14/03/2020,15:15:00,nan,0.0,0.0,0.0,0.0,0.0

14/03/2020,15:30:00,nan,0.0,0.0,0.0,0.0,0.0

14/03/2020,15:45:00,nan,0.0,0.0,0.0,0.0,0.0

14/03/2020,16:00:00,nan,0.0,0.0,0.0,0.0,0.0

14/03/2020,16:15:00,nan,0.0,0.0,0.0,0.0,0.0

14/03/2020,16:30:00,nan,0.0,0.0,0.0,0.0,0.0

14/03/2020,16:45:00,nan,0.0,0.0,0.0,0.0,0.0

14/03/2020,17:00:00,nan,0.0,0.0,0.0,0.0,0.0

14/03/2020,17:15:00,nan,0.0,0.0,0.0,0.0,0.0

14/03/2020,17:30:00,nan,0.0,0.0,0.0,0.0,0.0

14/03/2020,17:45:00,nan,0.0,0.0,0.0,0.0,0.0

14/03/2020,18:00:00,nan,0.0,0.0,0.0,0.0,0.0

14/03/2020,18:15:00,nan,0.0,0.0,0.0,0.0,0.0

14/03/2020,18:30:00,nan,0.0,0.0,0.0,0.0,0.0

14/03/2020,18:45:00,nan,0.0,0.0,0.0,0.0,0.0

14/03/2020,19:00:00,nan,0.0,0.0,0.0,0.0,0.0

14/03/2020,19:15:00,nan,0.0,0.0,0.0,0.0,0.0

14/03/2020,19:30:00,nan,0.0,0.0,0.0,0.0,0.0

14/03/2020,19:45:00,nan,0.0,0.0,0.0,0.0,0.0

14/03/2020,20:00:00,nan,0.0,0.0,0.0,0.0,0.0

14/03/2020,20:15:00,nan,0.0,0.0,0.0,0.0,0.0

14/03/2020,20:30:00,nan,0.0,0.0,0.0,0.0,0.0

14/03/2020,20:45:00,nan,0.0,0.0,0.0,0.0,0.0

14/03/2020,21:00:00,nan,0.0,0.0,0.0,0.0,0.0

14/03/2020,21:15:00,nan,0.0,0.0,0.0,0.0,0.0

14/03/2020,21:30:00,nan,0.0,0.0,0.0,0.0,0.0

14/03/2020,21:45:00,nan,0.0,0.0,0.0,0.0,0.0

14/03/2020,22:00:00,nan,0.0,0.0,0.0,0.0,0.0

14/03/2020,22:15:00,nan,0.0,0.0,0.0,0.0,0.0

14/03/2020,22:30:00,nan,0.0,0.0,0.0,0.0,0.0

14/03/2020,22:45:00,nan,0.0,0.0,0.0,0.0,0.0

14/03/2020,23:00:00,nan,0.0,0.0,0.0,0.0,0.0

14/03/2020,23:15:00,nan,0.0,0.0,0.0,0.0,0.0

14/03/2020,23:30:00,nan,0.0,0.0,0.0,0.0,0.0

14/03/2020,23:45:00,nan,0.0,0.0,0.0,0.0,0.0

15/03/2020,00:00:00,nan,0.0,0.0,0.0,0.0,0.0

15/03/2020,00:15:00,nan,0.0,0.0,0.0,0.0,0.0

15/03/2020,00:30:00,nan,0.0,0.0,0.0,0.0,0.0

15/03/2020,00:45:00,nan,0.0,0.0,0.0,0.0,0.0

15/03/2020,01:00:00,nan,0.0,0.0,0.0,0.0,0.0

15/03/2020,01:15:00,nan,0.0,0.0,0.0,0.0,0.0

15/03/2020,01:30:00,nan,0.0,0.0,0.0,0.0,0.0

15/03/2020,01:45:00,nan,0.0,0.0,0.0,0.0,0.0

15/03/2020,02:00:00,nan,0.0,0.0,0.0,0.0,0.0

15/03/2020,02:15:00,nan,0.0,0.0,0.0,0.0,0.0

15/03/2020,02:30:00,nan,0.0,0.0,0.0,0.0,0.0

15/03/2020,02:45:00,nan,0.0,0.0,0.0,0.0,0.0

15/03/2020,03:00:00,nan,0.0,0.0,0.0,0.0,0.0

15/03/2020,03:15:00,nan,0.0,0.0,0.0,0.0,0.0

15/03/2020,03:30:00,nan,0.0,0.0,0.0,0.0,0.0

15/03/2020,03:45:00,nan,0.0,0.0,0.0,0.0,0.0

15/03/2020,04:00:00,nan,0.0,0.0,0.0,0.0,0.0

15/03/2020,04:15:00,nan,0.0,0.0,0.0,0.0,0.0

15/03/2020,04:30:00,nan,0.0,0.0,0.0,0.0,0.0

15/03/2020,04:45:00,nan,0.0,0.0,0.0,0.0,0.0

15/03/2020,05:00:00,nan,0.0,0.0,0.0,0.0,0.0

15/03/2020,05:15:00,nan,0.0,0.0,0.0,0.0,0.0

15/03/2020,05:30:00,nan,0.0,0.0,0.0,0.0,0.0

15/03/2020,05:45:00,nan,0.0,0.0,0.0,0.0,0.0

15/03/2020,06:00:00,nan,0.0,0.0,0.0,0.0,0.0

15/03/2020,06:15:00,nan,0.0,0.0,0.0,0.0,0.0

15/03/2020,06:30:00,nan,0.0,0.0,0.0,0.0,0.0

15/03/2020,06:45:00,nan,0.0,0.0,0.0,0.0,0.0

15/03/2020,07:00:00,nan,0.0,0.0,0.0,0.0,0.0

15/03/2020,07:15:00,nan,0.0,0.0,0.0,0.0,0.0

15/03/2020,07:30:00,nan,0.0,0.0,0.0,0.0,0.0

15/03/2020,07:45:00,nan,0.0,0.0,0.0,0.0,0.0

15/03/2020,08:00:00,nan,0.0,0.0,0.0,0.0,0.0

15/03/2020,08:15:00,nan,0.0,0.0,0.0,0.0,0.0

15/03/2020,08:30:00,nan,0.0,0.0,0.0,0.0,0.0

15/03/2020,08:45:00,nan,0.0,0.0,0.0,0.0,0.0

15/03/2020,09:00:00,nan,0.0,0.0,0.0,0.0,0.0

15/03/2020,09:15:00,nan,0.0,0.0,0.0,0.0,0.0

15/03/2020,09:30:00,nan,0.0,0.0,0.0,0.0,0.0

15/03/2020,09:45:00,nan,0.0,0.0,0.0,0.0,0.0

15/03/2020,10:00:00,nan,0.0,0.0,0.0,0.0,0.0

15/03/2020,10:15:00,nan,0.0,0.0,0.0,0.0,0.0

15/03/2020,10:30:00,nan,0.0,0.0,0.0,0.0,0.0

15/03/2020,10:45:00,nan,0.0,0.0,0.0,0.0,0.0

15/03/2020,11:00:00,nan,0.0,0.0,0.0,0.0,0.0

15/03/2020,11:15:00,nan,0.0,0.0,0.0,0.0,0.0

15/03/2020,11:30:00,nan,0.0,0.0,0.0,0.0,0.0

15/03/2020,11:45:00,nan,0.0,0.0,0.0,0.0,0.0

15/03/2020,12:00:00,nan,0.0,0.0,0.0,0.0,0.0

15/03/2020,12:15:00,nan,0.0,0.0,0.0,0.0,0.0

15/03/2020,12:30:00,nan,0.0,0.0,0.0,0.0,0.0

15/03/2020,12:45:00,nan,0.0,0.0,0.0,0.0,0.0

15/03/2020,13:00:00,nan,0.0,0.0,0.0,0.0,0.0

15/03/2020,13:15:00,nan,0.0,0.0,0.0,0.0,0.0

15/03/2020,13:30:00,nan,0.0,0.0,0.0,0.0,0.0

15/03/2020,13:45:00,nan,0.0,0.0,0.0,0.0,0.0

15/03/2020,14:00:00,nan,0.0,0.0,0.0,0.0,0.0

15/03/2020,14:15:00,nan,0.0,0.0,0.0,0.0,0.0

15/03/2020,14:30:00,nan,0.0,0.0,0.0,0.0,0.0

15/03/2020,14:45:00,nan,0.0,0.0,0.0,0.0,0.0

15/03/2020,15:00:00,nan,0.0,0.0,0.0,0.0,0.0

15/03/2020,15:15:00,nan,0.0,0.0,0.0,0.0,0.0

15/03/2020,15:30:00,nan,0.0,0.0,0.0,0.0,0.0

15/03/2020,15:45:00,nan,0.0,0.0,0.0,0.0,0.0

15/03/2020,16:00:00,nan,0.0,0.0,0.0,0.0,0.0

15/03/2020,16:15:00,nan,0.0,0.0,0.0,0.0,0.0

15/03/2020,16:30:00,nan,0.0,0.0,0.0,0.0,0.0

15/03/2020,16:45:00,nan,0.0,0.0,0.0,0.0,0.0

15/03/2020,17:00:00,nan,0.0,0.0,0.0,0.0,0.0

15/03/2020,17:15:00,nan,0.0,0.0,0.0,0.0,0.0

15/03/2020,17:30:00,nan,0.0,0.0,0.0,0.0,0.0

15/03/2020,17:45:00,nan,0.0,0.0,0.0,0.0,0.0

15/03/2020,18:00:00,nan,0.0,0.0,0.0,0.0,0.0

15/03/2020,18:15:00,nan,0.0,0.0,0.0,0.0,0.0

15/03/2020,18:30:00,nan,0.0,0.0,0.0,0.0,0.0

15/03/2020,18:45:00,nan,0.0,0.0,0.0,0.0,0.0

15/03/2020,19:00:00,nan,0.0,0.0,0.0,0.0,0.0

15/03/2020,19:15:00,nan,0.0,0.0,0.0,0.0,0.0

15/03/2020,19:30:00,nan,0.0,0.0,0.0,0.0,0.0

15/03/2020,19:45:00,nan,0.0,0.0,0.0,0.0,0.0

15/03/2020,20:00:00,nan,0.0,0.0,0.0,0.0,0.0

15/03/2020,20:15:00,nan,0.0,0.0,0.0,0.0,0.0

15/03/2020,20:30:00,nan,0.0,0.0,0.0,0.0,0.0

15/03/2020,20:45:00,nan,0.0,0.0,0.0,0.0,0.0

15/03/2020,21:00:00,nan,0.0,0.0,0.0,0.0,0.0

15/03/2020,21:15:00,nan,0.0,0.0,0.0,0.0,0.0

15/03/2020,21:30:00,nan,0.0,0.0,0.0,0.0,0.0

15/03/2020,21:45:00,nan,0.0,0.0,0.0,0.0,0.0

15/03/2020,22:00:00,nan,0.0,0.0,0.0,0.0,0.0

15/03/2020,22:15:00,nan,0.0,0.0,0.0,0.0,0.0

15/03/2020,22:30:00,nan,0.0,0.0,0.0,0.0,0.0

15/03/2020,22:45:00,nan,0.0,0.0,0.0,0.0,0.0

15/03/2020,23:00:00,nan,0.0,0.0,0.0,0.0,0.0

15/03/2020,23:15:00,nan,0.0,0.0,0.0,0.0,0.0

15/03/2020,23:30:00,nan,0.0,0.0,0.0,0.0,0.0

15/03/2020,23:45:00,nan,0.0,0.0,0.0,0.0,0.0

16/03/2020,00:00:00,nan,0.0,0.0,0.0,0.0,0.0

16/03/2020,00:15:00,nan,0.0,0.0,0.0,0.0,0.0

16/03/2020,00:30:00,nan,0.0,0.0,0.0,0.0,0.0

16/03/2020,00:45:00,nan,0.0,0.0,0.0,0.0,0.0

16/03/2020,01:00:00,nan,0.0,0.0,0.0,0.0,0.0

16/03/2020,01:15:00,nan,0.0,0.0,0.0,0.0,0.0

16/03/2020,01:30:00,nan,0.0,0.0,0.0,0.0,0.0

16/03/2020,01:45:00,nan,0.0,0.0,0.0,0.0,0.0

16/03/2020,02:00:00,nan,0.0,0.0,0.0,0.0,0.0

16/03/2020,02:15:00,nan,0.0,0.0,0.0,0.0,0.0

16/03/2020,02:30:00,nan,0.0,0.0,0.0,0.0,0.0

16/03/2020,02:45:00,nan,0.0,0.0,0.0,0.0,0.0

16/03/2020,03:00:00,nan,0.0,0.0,0.0,0.0,0.0

16/03/2020,03:15:00,nan,0.0,0.0,0.0,0.0,0.0

16/03/2020,03:30:00,nan,0.0,0.0,0.0,0.0,0.0

16/03/2020,03:45:00,nan,0.0,0.0,0.0,0.0,0.0

16/03/2020,04:00:00,nan,0.0,0.0,0.0,0.0,0.0

16/03/2020,04:15:00,nan,0.0,0.0,0.0,0.0,0.0

16/03/2020,04:30:00,nan,0.0,0.0,0.0,0.0,0.0

16/03/2020,04:45:00,nan,0.0,0.0,0.0,0.0,0.0

16/03/2020,05:00:00,nan,0.0,0.0,0.0,0.0,0.0

16/03/2020,05:15:00,nan,0.0,0.0,0.0,0.0,0.0

16/03/2020,05:30:00,nan,0.0,0.0,0.0,0.0,0.0

16/03/2020,05:45:00,nan,0.0,0.0,0.0,0.0,0.0

16/03/2020,06:00:00,nan,0.0,0.0,0.0,0.0,0.0

16/03/2020,06:15:00,nan,0.0,0.0,0.0,0.0,0.0

16/03/2020,06:30:00,nan,0.0,0.0,0.0,0.0,0.0

16/03/2020,06:45:00,nan,0.0,0.0,0.0,0.0,0.0

16/03/2020,07:00:00,nan,0.0,0.0,0.0,0.0,0.0

16/03/2020,07:15:00,nan,0.0,0.0,0.0,0.0,0.0

16/03/2020,07:30:00,nan,0.0,0.0,0.0,0.0,0.0

16/03/2020,07:45:00,nan,0.0,0.0,0.0,0.0,0.0

16/03/2020,08:00:00,nan,0.0,0.0,0.0,0.0,0.0

16/03/2020,08:15:00,nan,0.0,0.0,0.0,0.0,0.0

16/03/2020,08:30:00,nan,0.0,0.0,0.0,0.0,0.0

16/03/2020,08:45:00,nan,0.0,0.0,0.0,0.0,0.0

16/03/2020,09:00:00,nan,0.0,0.0,0.0,0.0,0.0

16/03/2020,09:15:00,nan,0.0,0.0,0.0,0.0,0.0

16/03/2020,09:30:00,nan,0.0,0.0,0.0,0.0,0.0

16/03/2020,09:45:00,nan,0.0,0.0,0.0,0.0,0.0

16/03/2020,10:00:00,nan,0.0,0.0,0.0,0.0,0.0

16/03/2020,10:15:00,nan,0.0,0.0,0.0,0.0,0.0

16/03/2020,10:30:00,nan,0.0,0.0,0.0,0.0,0.0

16/03/2020,10:45:00,nan,0.0,0.0,0.0,0.0,0.0

16/03/2020,11:00:00,nan,0.0,0.0,0.0,0.0,0.0

16/03/2020,11:15:00,nan,0.0,0.0,0.0,0.0,0.0

16/03/2020,11:30:00,nan,0.0,0.0,0.0,0.0,0.0

16/03/2020,11:45:00,nan,0.0,0.0,0.0,0.0,0.0

16/03/2020,12:00:00,nan,0.0,0.0,0.0,0.0,0.0

16/03/2020,12:15:00,nan,0.0,0.0,0.0,0.0,0.0

16/03/2020,12:30:00,nan,0.0,0.0,0.0,0.0,0.0

16/03/2020,12:45:00,nan,0.0,0.0,0.0,0.0,0.0

16/03/2020,13:00:00,nan,0.0,0.0,0.0,0.0,0.0

16/03/2020,13:15:00,nan,0.0,0.0,0.0,0.0,0.0

16/03/2020,13:30:00,nan,0.0,0.0,0.0,0.0,0.0

16/03/2020,13:45:00,nan,0.0,0.0,0.0,0.0,0.0

16/03/2020,14:00:00,nan,0.0,0.0,0.0,0.0,0.0

16/03/2020,14:15:00,nan,0.0,0.0,0.0,0.0,0.0

16/03/2020,14:30:00,nan,0.0,0.0,0.0,0.0,0.0

16/03/2020,14:45:00,nan,0.0,0.0,0.0,0.0,0.0

16/03/2020,15:00:00,nan,0.0,0.0,0.0,0.0,0.0

16/03/2020,15:15:00,nan,0.0,0.0,0.0,0.0,0.0

16/03/2020,15:30:00,nan,0.0,0.0,0.0,0.0,0.0

16/03/2020,15:45:00,nan,0.0,0.0,0.0,0.0,0.0

16/03/2020,16:00:00,nan,0.0,0.0,0.0,0.0,0.0

16/03/2020,16:15:00,nan,0.0,0.0,0.0,0.0,0.0

16/03/2020,16:30:00,nan,0.0,0.0,0.0,0.0,0.0

16/03/2020,16:45:00,nan,0.0,0.0,0.0,0.0,0.0

16/03/2020,17:00:00,nan,0.0,0.0,0.0,0.0,0.0

16/03/2020,17:15:00,nan,0.0,0.0,0.0,0.0,0.0

16/03/2020,17:30:00,nan,0.0,0.0,0.0,0.0,0.0

16/03/2020,17:45:00,nan,0.0,0.0,0.0,0.0,0.0

16/03/2020,18:00:00,nan,0.0,0.0,0.0,0.0,0.0

16/03/2020,18:15:00,nan,0.0,0.0,0.0,0.0,0.0

16/03/2020,18:30:00,nan,0.0,0.0,0.0,0.0,0.0

16/03/2020,18:45:00,nan,0.0,0.0,0.0,0.0,0.0

16/03/2020,19:00:00,nan,0.0,0.0,0.0,0.0,0.0

16/03/2020,19:15:00,nan,0.0,0.0,0.0,0.0,0.0

16/03/2020,19:30:00,nan,0.0,0.0,0.0,0.0,0.0

16/03/2020,19:45:00,nan,0.0,0.0,0.0,0.0,0.0

16/03/2020,20:00:00,nan,0.0,0.0,0.0,0.0,0.0

16/03/2020,20:15:00,nan,0.0,0.0,0.0,0.0,0.0

16/03/2020,20:30:00,nan,0.0,0.0,0.0,0.0,0.0

16/03/2020,20:45:00,nan,0.0,0.0,0.0,0.0,0.0

16/03/2020,21:00:00,nan,0.0,0.0,0.0,0.0,0.0

16/03/2020,21:15:00,nan,0.0,0.0,0.0,0.0,0.0

16/03/2020,21:30:00,nan,0.0,0.0,0.0,0.0,0.0

16/03/2020,21:45:00,nan,0.0,0.0,0.0,0.0,0.0

16/03/2020,22:00:00,nan,0.0,0.0,0.0,0.0,0.0

16/03/2020,22:15:00,nan,0.0,0.0,0.0,0.0,0.0

16/03/2020,22:30:00,nan,0.0,0.0,0.0,0.0,0.0

16/03/2020,22:45:00,nan,0.0,0.0,0.0,0.0,0.0

16/03/2020,23:00:00,nan,0.0,0.0,0.0,0.0,0.0

16/03/2020,23:15:00,nan,0.0,0.0,0.0,0.0,0.0

16/03/2020,23:30:00,nan,0.0,0.0,0.0,0.0,0.0

16/03/2020,23:45:00,nan,0.0,0.0,0.0,0.0,0.0

17/03/2020,00:00:00,nan,0.0,0.0,0.0,0.0,0.0

17/03/2020,00:15:00,nan,0.0,0.0,0.0,0.0,0.0

17/03/2020,00:30:00,nan,0.0,0.0,0.0,0.0,0.0

17/03/2020,00:45:00,nan,0.0,0.0,0.0,0.0,0.0

17/03/2020,01:00:00,nan,0.0,0.0,0.0,0.0,0.0

17/03/2020,01:15:00,nan,0.0,0.0,0.0,0.0,0.0

17/03/2020,01:30:00,nan,0.0,0.0,0.0,0.0,0.0

17/03/2020,01:45:00,nan,0.0,0.0,0.0,0.0,0.0

17/03/2020,02:00:00,nan,0.0,0.0,0.0,0.0,0.0

17/03/2020,02:15:00,nan,0.0,0.0,0.0,0.0,0.0

17/03/2020,02:30:00,nan,0.0,0.0,0.0,0.0,0.0

17/03/2020,02:45:00,nan,0.0,0.0,0.0,0.0,0.0

17/03/2020,03:00:00,nan,0.0,0.0,0.0,0.0,0.0

17/03/2020,03:15:00,nan,0.0,0.0,0.0,0.0,0.0

17/03/2020,03:30:00,nan,0.0,0.0,0.0,0.0,0.0

17/03/2020,03:45:00,nan,0.0,0.0,0.0,0.0,0.0

17/03/2020,04:00:00,nan,0.0,0.0,0.0,0.0,0.0

17/03/2020,04:15:00,nan,0.0,0.0,0.0,0.0,0.0

17/03/2020,04:30:00,nan,0.0,0.0,0.0,0.0,0.0

17/03/2020,04:45:00,nan,0.0,0.0,0.0,0.0,0.0

17/03/2020,05:00:00,nan,0.0,0.0,0.0,0.0,0.0

17/03/2020,05:15:00,nan,0.0,0.0,0.0,0.0,0.0

17/03/2020,05:30:00,nan,0.0,0.0,0.0,0.0,0.0

17/03/2020,05:45:00,nan,0.0,0.0,0.0,0.0,0.0

17/03/2020,06:00:00,nan,0.0,0.0,0.0,0.0,0.0

17/03/2020,06:15:00,nan,0.0,0.0,0.0,0.0,0.0

17/03/2020,06:30:00,nan,0.0,0.0,0.0,0.0,0.0

17/03/2020,06:45:00,nan,0.0,0.0,0.0,0.0,0.0

17/03/2020,07:00:00,nan,0.0,0.0,0.0,0.0,0.0

17/03/2020,07:15:00,nan,0.0,0.0,0.0,0.0,0.0

17/03/2020,07:30:00,nan,0.0,0.0,0.0,0.0,0.0

17/03/2020,07:45:00,nan,0.0,0.0,0.0,0.0,0.0

17/03/2020,08:00:00,nan,0.0,0.0,0.0,0.0,0.0

17/03/2020,08:15:00,nan,0.0,0.0,0.0,0.0,0.0

17/03/2020,08:30:00,nan,0.0,0.0,0.0,0.0,0.0

17/03/2020,08:45:00,nan,0.0,0.0,0.0,0.0,0.0

17/03/2020,09:00:00,nan,0.0,0.0,0.0,0.0,0.0

17/03/2020,09:15:00,nan,0.0,0.0,0.0,0.0,0.0

17/03/2020,09:30:00,nan,0.0,0.0,0.0,0.0,0.0

17/03/2020,09:45:00,nan,0.0,0.0,0.0,0.0,0.0

17/03/2020,10:00:00,nan,0.0,0.0,0.0,0.0,0.0

17/03/2020,10:15:00,nan,0.0,0.0,0.0,0.0,0.0

17/03/2020,10:30:00,nan,0.0,0.0,0.0,0.0,0.0

17/03/2020,10:45:00,nan,0.0,0.0,0.0,0.0,0.0

17/03/2020,11:00:00,nan,0.0,0.0,0.0,0.0,0.0

17/03/2020,11:15:00,nan,0.0,0.0,0.0,0.0,0.0

17/03/2020,11:30:00,nan,0.0,0.0,0.0,0.0,0.0

17/03/2020,11:45:00,nan,0.0,0.0,0.0,0.0,0.0

17/03/2020,12:00:00,nan,0.0,0.0,0.0,0.0,0.0

17/03/2020,12:15:00,nan,0.0,0.0,0.0,0.0,0.0

17/03/2020,12:30:00,nan,0.0,0.0,0.0,0.0,0.0

17/03/2020,12:45:00,nan,0.0,0.0,0.0,0.0,0.0

17/03/2020,13:00:00,nan,0.0,0.0,0.0,0.0,0.0

17/03/2020,13:15:00,nan,0.0,0.0,0.0,0.0,0.0

17/03/2020,13:30:00,nan,0.0,0.0,0.0,0.0,0.0

17/03/2020,13:45:00,nan,0.0,0.0,0.0,0.0,0.0

17/03/2020,14:00:00,nan,0.0,0.0,0.0,0.0,0.0

17/03/2020,14:15:00,nan,0.0,0.0,0.0,0.0,0.0

17/03/2020,14:30:00,nan,0.0,0.0,0.0,0.0,0.0

17/03/2020,14:45:00,nan,0.0,0.0,0.0,0.0,0.0

17/03/2020,15:00:00,nan,0.0,0.0,0.0,0.0,0.0

17/03/2020,15:15:00,nan,0.0,0.0,0.0,0.0,0.0

17/03/2020,15:30:00,nan,0.0,0.0,0.0,0.0,0.0

17/03/2020,15:45:00,nan,0.0,0.0,0.0,0.0,0.0

17/03/2020,16:00:00,nan,0.0,0.0,0.0,0.0,0.0

17/03/2020,16:15:00,nan,0.0,0.0,0.0,0.0,0.0

17/03/2020,16:30:00,nan,0.0,0.0,0.0,0.0,0.0

17/03/2020,16:45:00,nan,0.0,0.0,0.0,0.0,0.0

17/03/2020,17:00:00,nan,0.0,0.0,0.0,0.0,0.0

17/03/2020,17:15:00,nan,0.0,0.0,0.0,0.0,0.0

17/03/2020,17:30:00,nan,0.0,0.0,0.0,0.0,0.0

17/03/2020,17:45:00,nan,0.0,0.0,0.0,0.0,0.0

17/03/2020,18:00:00,nan,0.0,0.0,0.0,0.0,0.0

17/03/2020,18:15:00,nan,0.0,0.0,0.0,0.0,0.0

17/03/2020,18:30:00,nan,0.0,0.0,0.0,0.0,0.0

17/03/2020,18:45:00,nan,0.0,0.0,0.0,0.0,0.0

17/03/2020,19:00:00,nan,0.0,0.0,0.0,0.0,0.0

17/03/2020,19:15:00,nan,0.0,0.0,0.0,0.0,0.0

17/03/2020,19:30:00,nan,0.0,0.0,0.0,0.0,0.0

17/03/2020,19:45:00,nan,7.0,7.0,7.0,7.0,7.0

17/03/2020,20:00:00,nan,6.4,13.4,13.4,13.4,13.4

17/03/2020,20:15:00,nan,0.0,13.4,13.4,13.4,13.4

17/03/2020,20:30:00,nan,0.2,13.6,13.6,13.6,13.6

17/03/2020,20:45:00,nan,0.0,6.6,13.6,13.6,13.6

17/03/2020,21:00:00,nan,0.0,0.2,13.6,13.6,13.6

17/03/2020,21:15:00,nan,0.0,0.2,13.6,13.6,13.6

17/03/2020,21:30:00,nan,0.0,0.0,13.6,13.6,13.6

17/03/2020,21:45:00,nan,0.0,0.0,13.6,13.6,13.6

17/03/2020,22:00:00,nan,0.0,0.0,13.6,13.6,13.6

17/03/2020,22:15:00,nan,0.0,0.0,13.6,13.6,13.6

17/03/2020,22:30:00,nan,0.0,0.0,13.6,13.6,13.6

17/03/2020,22:45:00,nan,0.0,0.0,13.6,13.6,13.6

17/03/2020,23:00:00,nan,0.0,0.0,13.6,13.6,13.6

17/03/2020,23:15:00,nan,0.0,0.0,13.6,13.6,13.6

17/03/2020,23:30:00,nan,0.0,0.0,13.6,13.6,13.6

17/03/2020,23:45:00,nan,0.0,0.0,6.6,13.6,13.6

18/03/2020,00:00:00,nan,0.0,0.0,0.2,13.6,13.6

18/03/2020,00:15:00,nan,0.0,0.0,0.2,13.6,13.6

18/03/2020,00:30:00,nan,0.0,0.0,0.0,13.6,13.6

18/03/2020,00:45:00,nan,0.0,0.0,0.0,13.6,13.6

18/03/2020,01:00:00,nan,0.0,0.0,0.0,13.6,13.6

18/03/2020,01:15:00,nan,0.0,0.0,0.0,13.6,13.6

18/03/2020,01:30:00,nan,0.0,0.0,0.0,13.6,13.6

18/03/2020,01:45:00,nan,0.0,0.0,0.0,13.6,13.6

18/03/2020,02:00:00,nan,0.0,0.0,0.0,13.6,13.6

18/03/2020,02:15:00,nan,0.0,0.0,0.0,13.6,13.6

18/03/2020,02:30:00,nan,0.0,0.0,0.0,13.6,13.6

18/03/2020,02:45:00,nan,0.0,0.0,0.0,13.6,13.6

18/03/2020,03:00:00,nan,0.0,0.0,0.0,13.6,13.6

18/03/2020,03:15:00,nan,0.0,0.0,0.0,13.6,13.6

18/03/2020,03:30:00,nan,0.0,0.0,0.0,13.6,13.6

18/03/2020,03:45:00,nan,0.0,0.0,0.0,13.6,13.6

18/03/2020,04:00:00,nan,0.2,0.2,0.2,13.8,13.8

18/03/2020,04:15:00,nan,0.0,0.2,0.2,13.8,13.8

18/03/2020,04:30:00,nan,0.0,0.2,0.2,13.8,13.8

18/03/2020,04:45:00,nan,0.0,0.2,0.2,13.8,13.8

18/03/2020,05:00:00,nan,0.0,0.0,0.2,13.8,13.8

18/03/2020,05:15:00,nan,0.0,0.0,0.2,13.8,13.8

18/03/2020,05:30:00,nan,0.0,0.0,0.2,13.8,13.8

18/03/2020,05:45:00,nan,0.0,0.0,0.2,13.8,13.8

18/03/2020,06:00:00,nan,0.0,0.0,0.2,13.8,13.8

18/03/2020,06:15:00,nan,0.0,0.0,0.2,13.8,13.8

18/03/2020,06:30:00,nan,0.0,0.0,0.2,13.8,13.8

18/03/2020,06:45:00,nan,0.0,0.0,0.2,13.8,13.8

18/03/2020,07:00:00,nan,0.0,0.0,0.2,13.8,13.8

18/03/2020,07:15:00,nan,0.0,0.0,0.2,13.8,13.8

18/03/2020,07:30:00,nan,0.0,0.0,0.2,13.8,13.8

18/03/2020,07:45:00,nan,0.0,0.0,0.2,13.8,13.8

18/03/2020,08:00:00,nan,0.0,0.0,0.0,13.8,13.8

18/03/2020,08:15:00,nan,0.0,0.0,0.0,13.8,13.8

18/03/2020,08:30:00,nan,0.0,0.0,0.0,13.8,13.8

18/03/2020,08:45:00,nan,0.0,0.0,0.0,13.8,13.8

18/03/2020,09:00:00,nan,0.0,0.0,0.0,13.8,13.8

18/03/2020,09:15:00,nan,0.0,0.0,0.0,13.8,13.8

18/03/2020,09:30:00,nan,0.0,0.0,0.0,13.8,13.8

18/03/2020,09:45:00,nan,0.0,0.0,0.0,13.8,13.8

18/03/2020,10:00:00,nan,0.0,0.0,0.0,13.8,13.8

18/03/2020,10:15:00,nan,0.0,0.0,0.0,13.8,13.8

18/03/2020,10:30:00,nan,0.0,0.0,0.0,13.8,13.8

18/03/2020,10:45:00,nan,0.0,0.0,0.0,13.8,13.8

18/03/2020,11:00:00,nan,0.0,0.0,0.0,13.8,13.8

18/03/2020,11:15:00,nan,0.0,0.0,0.0,13.8,13.8

18/03/2020,11:30:00,nan,0.0,0.0,0.0,13.8,13.8

18/03/2020,11:45:00,nan,0.0,0.0,0.0,13.8,13.8

18/03/2020,12:00:00,nan,0.0,0.0,0.0,13.8,13.8

18/03/2020,12:15:00,nan,0.0,0.0,0.0,13.8,13.8

18/03/2020,12:30:00,nan,0.0,0.0,0.0,13.8,13.8

18/03/2020,12:45:00,nan,0.0,0.0,0.0,13.8,13.8

18/03/2020,13:00:00,nan,0.0,0.0,0.0,13.8,13.8

18/03/2020,13:15:00,nan,0.0,0.0,0.0,13.8,13.8

18/03/2020,13:30:00,nan,0.0,0.0,0.0,13.8,13.8

18/03/2020,13:45:00,nan,0.0,0.0,0.0,13.8,13.8

18/03/2020,14:00:00,nan,0.0,0.0,0.0,13.8,13.8

18/03/2020,14:15:00,nan,0.0,0.0,0.0,13.8,13.8

18/03/2020,14:30:00,nan,0.0,0.0,0.0,13.8,13.8

18/03/2020,14:45:00,nan,0.0,0.0,0.0,13.8,13.8

18/03/2020,15:00:00,nan,0.0,0.0,0.0,13.8,13.8

18/03/2020,15:15:00,nan,0.0,0.0,0.0,13.8,13.8

18/03/2020,15:30:00,nan,0.0,0.0,0.0,13.8,13.8

18/03/2020,15:45:00,nan,0.0,0.0,0.0,13.8,13.8

18/03/2020,16:00:00,nan,0.0,0.0,0.0,13.8,13.8

18/03/2020,16:15:00,nan,0.0,0.0,0.0,13.8,13.8

18/03/2020,16:30:00,nan,0.0,0.0,0.0,13.8,13.8

18/03/2020,16:45:00,nan,0.0,0.0,0.0,13.8,13.8

18/03/2020,17:00:00,nan,0.0,0.0,0.0,13.8,13.8

18/03/2020,17:15:00,nan,0.0,0.0,0.0,13.8,13.8

18/03/2020,17:30:00,nan,0.0,0.0,0.0,13.8,13.8

18/03/2020,17:45:00,nan,0.0,0.0,0.0,13.8,13.8

18/03/2020,18:00:00,nan,0.0,0.0,0.0,13.8,13.8

18/03/2020,18:15:00,nan,0.0,0.0,0.0,13.8,13.8

18/03/2020,18:30:00,nan,0.0,0.0,0.0,13.8,13.8

18/03/2020,18:45:00,nan,0.0,0.0,0.0,13.8,13.8

18/03/2020,19:00:00,nan,0.0,0.0,0.0,13.8,13.8

18/03/2020,19:15:00,nan,0.0,0.0,0.0,13.8,13.8

18/03/2020,19:30:00,nan,0.0,0.0,0.0,13.8,13.8

18/03/2020,19:45:00,nan,0.0,0.0,0.0,6.8,13.8

18/03/2020,20:00:00,nan,0.0,0.0,0.0,0.4,13.8

18/03/2020,20:15:00,nan,0.0,0.0,0.0,0.4,13.8

18/03/2020,20:30:00,nan,0.0,0.0,0.0,0.2,13.8

18/03/2020,20:45:00,nan,0.0,0.0,0.0,0.2,13.8

18/03/2020,21:00:00,nan,0.0,0.0,0.0,0.2,13.8

18/03/2020,21:15:00,nan,0.0,0.0,0.0,0.2,13.8

18/03/2020,21:30:00,nan,0.0,0.0,0.0,0.2,13.8

18/03/2020,21:45:00,nan,0.0,0.0,0.0,0.2,13.8

18/03/2020,22:00:00,nan,0.0,0.0,0.0,0.2,13.8

18/03/2020,22:15:00,nan,0.0,0.0,0.0,0.2,13.8

18/03/2020,22:30:00,nan,0.0,0.0,0.0,0.2,13.8

18/03/2020,22:45:00,nan,0.0,0.0,0.0,0.2,13.8

18/03/2020,23:00:00,nan,0.0,0.0,0.0,0.2,13.8

18/03/2020,23:15:00,nan,0.0,0.0,0.0,0.2,13.8

18/03/2020,23:30:00,nan,0.0,0.0,0.0,0.2,13.8

18/03/2020,23:45:00,nan,0.0,0.0,0.0,0.2,13.8

19/03/2020,00:00:00,nan,0.0,0.0,0.0,0.2,13.8

19/03/2020,00:15:00,nan,0.0,0.0,0.0,0.2,13.8

19/03/2020,00:30:00,nan,0.0,0.0,0.0,0.2,13.8

19/03/2020,00:45:00,nan,0.0,0.0,0.0,0.2,13.8

19/03/2020,01:00:00,nan,0.0,0.0,0.0,0.2,13.8

19/03/2020,01:15:00,nan,0.0,0.0,0.0,0.2,13.8

19/03/2020,01:30:00,nan,0.0,0.0,0.0,0.2,13.8

19/03/2020,01:45:00,nan,0.0,0.0,0.0,0.2,13.8

19/03/2020,02:00:00,nan,0.0,0.0,0.0,0.2,13.8

19/03/2020,02:15:00,nan,0.0,0.0,0.0,0.2,13.8

19/03/2020,02:30:00,nan,0.0,0.0,0.0,0.2,13.8

19/03/2020,02:45:00,nan,0.0,0.0,0.0,0.2,13.8

19/03/2020,03:00:00,nan,0.0,0.0,0.0,0.2,13.8

19/03/2020,03:15:00,nan,0.0,0.0,0.0,0.2,13.8

19/03/2020,03:30:00,nan,0.0,0.0,0.0,0.2,13.8

19/03/2020,03:45:00,nan,0.0,0.0,0.0,0.2,13.8

19/03/2020,04:00:00,nan,0.0,0.0,0.0,0.0,13.8

19/03/2020,04:15:00,nan,0.0,0.0,0.0,0.0,13.8

19/03/2020,04:30:00,nan,0.0,0.0,0.0,0.0,13.8

19/03/2020,04:45:00,nan,0.0,0.0,0.0,0.0,13.8

19/03/2020,05:00:00,nan,0.0,0.0,0.0,0.0,13.8

19/03/2020,05:15:00,nan,0.0,0.0,0.0,0.0,13.8

19/03/2020,05:30:00,nan,0.0,0.0,0.0,0.0,13.8

19/03/2020,05:45:00,nan,0.0,0.0,0.0,0.0,13.8

19/03/2020,06:00:00,nan,0.0,0.0,0.0,0.0,13.8

19/03/2020,06:15:00,nan,0.0,0.0,0.0,0.0,13.8

19/03/2020,06:30:00,nan,0.0,0.0,0.0,0.0,13.8

19/03/2020,06:45:00,nan,0.0,0.0,0.0,0.0,13.8

19/03/2020,07:00:00,nan,0.0,0.0,0.0,0.0,13.8

19/03/2020,07:15:00,nan,0.0,0.0,0.0,0.0,13.8

19/03/2020,07:30:00,nan,0.0,0.0,0.0,0.0,13.8

19/03/2020,07:45:00,nan,0.0,0.0,0.0,0.0,13.8

19/03/2020,08:00:00,nan,0.0,0.0,0.0,0.0,13.8

19/03/2020,08:15:00,nan,0.0,0.0,0.0,0.0,13.8

19/03/2020,08:30:00,nan,0.0,0.0,0.0,0.0,13.8

19/03/2020,08:45:00,nan,0.0,0.0,0.0,0.0,13.8

19/03/2020,09:00:00,nan,0.0,0.0,0.0,0.0,13.8

19/03/2020,09:15:00,nan,0.0,0.0,0.0,0.0,13.8

19/03/2020,09:30:00,nan,0.0,0.0,0.0,0.0,13.8

19/03/2020,09:45:00,nan,0.0,0.0,0.0,0.0,13.8

19/03/2020,10:00:00,nan,0.0,0.0,0.0,0.0,13.8

19/03/2020,10:15:00,nan,0.0,0.0,0.0,0.0,13.8

19/03/2020,10:30:00,nan,0.0,0.0,0.0,0.0,13.8

19/03/2020,10:45:00,nan,0.0,0.0,0.0,0.0,13.8

19/03/2020,11:00:00,nan,0.0,0.0,0.0,0.0,13.8

19/03/2020,11:15:00,nan,0.0,0.0,0.0,0.0,13.8

19/03/2020,11:30:00,nan,0.0,0.0,0.0,0.0,13.8

19/03/2020,11:45:00,nan,0.0,0.0,0.0,0.0,13.8

19/03/2020,12:00:00,nan,0.0,0.0,0.0,0.0,13.8

19/03/2020,12:15:00,nan,0.0,0.0,0.0,0.0,13.8

19/03/2020,12:30:00,nan,0.0,0.0,0.0,0.0,13.8

19/03/2020,12:45:00,nan,0.0,0.0,0.0,0.0,13.8

19/03/2020,13:00:00,nan,0.0,0.0,0.0,0.0,13.8

19/03/2020,13:15:00,nan,0.0,0.0,0.0,0.0,13.8

19/03/2020,13:30:00,nan,0.0,0.0,0.0,0.0,13.8

19/03/2020,13:45:00,nan,0.0,0.0,0.0,0.0,13.8

19/03/2020,14:00:00,nan,0.0,0.0,0.0,0.0,13.8

19/03/2020,14:15:00,nan,0.0,0.0,0.0,0.0,13.8

19/03/2020,14:30:00,nan,0.0,0.0,0.0,0.0,13.8

19/03/2020,14:45:00,nan,0.0,0.0,0.0,0.0,13.8

19/03/2020,15:00:00,nan,0.0,0.0,0.0,0.0,13.8

19/03/2020,15:15:00,nan,0.0,0.0,0.0,0.0,13.8

19/03/2020,15:30:00,nan,0.0,0.0,0.0,0.0,13.8

19/03/2020,15:45:00,nan,0.0,0.0,0.0,0.0,13.8

19/03/2020,16:00:00,nan,0.0,0.0,0.0,0.0,13.8

19/03/2020,16:15:00,nan,0.0,0.0,0.0,0.0,13.8

19/03/2020,16:30:00,nan,0.0,0.0,0.0,0.0,13.8

19/03/2020,16:45:00,nan,0.0,0.0,0.0,0.0,13.8

19/03/2020,17:00:00,nan,0.0,0.0,0.0,0.0,13.8

19/03/2020,17:15:00,nan,0.0,0.0,0.0,0.0,13.8

19/03/2020,17:30:00,nan,0.0,0.0,0.0,0.0,13.8

19/03/2020,17:45:00,nan,0.0,0.0,0.0,0.0,13.8

19/03/2020,18:00:00,nan,0.0,0.0,0.0,0.0,13.8

19/03/2020,18:15:00,nan,0.0,0.0,0.0,0.0,13.8

19/03/2020,18:30:00,nan,0.0,0.0,0.0,0.0,13.8

19/03/2020,18:45:00,nan,0.0,0.0,0.0,0.0,13.8

19/03/2020,19:00:00,nan,0.0,0.0,0.0,0.0,13.8

19/03/2020,19:15:00,nan,0.0,0.0,0.0,0.0,13.8

19/03/2020,19:30:00,nan,0.0,0.0,0.0,0.0,13.8

19/03/2020,19:45:00,nan,0.0,0.0,0.0,0.0,13.8

19/03/2020,20:00:00,nan,0.0,0.0,0.0,0.0,13.8

19/03/2020,20:15:00,nan,0.0,0.0,0.0,0.0,13.8

19/03/2020,20:30:00,nan,0.0,0.0,0.0,0.0,13.8

19/03/2020,20:45:00,nan,0.0,0.0,0.0,0.0,13.8

19/03/2020,21:00:00,nan,0.0,0.0,0.0,0.0,13.8

19/03/2020,21:15:00,nan,0.0,0.0,0.0,0.0,13.8

19/03/2020,21:30:00,nan,0.0,0.0,0.0,0.0,13.8

19/03/2020,21:45:00,nan,0.0,0.0,0.0,0.0,13.8

19/03/2020,22:00:00,nan,0.0,0.0,0.0,0.0,13.8

19/03/2020,22:15:00,nan,0.0,0.0,0.0,0.0,13.8

19/03/2020,22:30:00,nan,0.0,0.0,0.0,0.0,13.8

19/03/2020,22:45:00,nan,0.0,0.0,0.0,0.0,13.8

19/03/2020,23:00:00,nan,0.0,0.0,0.0,0.0,13.8

19/03/2020,23:15:00,nan,0.0,0.0,0.0,0.0,13.8

19/03/2020,23:30:00,nan,0.0,0.0,0.0,0.0,13.8

19/03/2020,23:45:00,nan,0.0,0.0,0.0,0.0,13.8

20/03/2020,00:00:00,nan,0.0,0.0,0.0,0.0,13.8

20/03/2020,00:15:00,nan,0.0,0.0,0.0,0.0,13.8

20/03/2020,00:30:00,nan,0.0,0.0,0.0,0.0,13.8

20/03/2020,00:45:00,nan,0.0,0.0,0.0,0.0,13.8

20/03/2020,01:00:00,nan,0.0,0.0,0.0,0.0,13.8

20/03/2020,01:15:00,nan,0.0,0.0,0.0,0.0,13.8

20/03/2020,01:30:00,nan,0.0,0.0,0.0,0.0,13.8

20/03/2020,01:45:00,nan,0.0,0.0,0.0,0.0,13.8

20/03/2020,02:00:00,nan,0.0,0.0,0.0,0.0,13.8

20/03/2020,02:15:00,nan,0.0,0.0,0.0,0.0,13.8

20/03/2020,02:30:00,nan,0.0,0.0,0.0,0.0,13.8

20/03/2020,02:45:00,nan,0.0,0.0,0.0,0.0,13.8

20/03/2020,03:00:00,nan,0.0,0.0,0.0,0.0,13.8

20/03/2020,03:15:00,nan,0.0,0.0,0.0,0.0,13.8

20/03/2020,03:30:00,nan,0.0,0.0,0.0,0.0,13.8

20/03/2020,03:45:00,nan,0.0,0.0,0.0,0.0,13.8

20/03/2020,04:00:00,nan,0.0,0.0,0.0,0.0,13.8

20/03/2020,04:15:00,nan,0.0,0.0,0.0,0.0,13.8

20/03/2020,04:30:00,nan,0.0,0.0,0.0,0.0,13.8

20/03/2020,04:45:00,nan,0.0,0.0,0.0,0.0,13.8

20/03/2020,05:00:00,nan,0.0,0.0,0.0,0.0,13.8

20/03/2020,05:15:00,nan,0.0,0.0,0.0,0.0,13.8

20/03/2020,05:30:00,nan,0.0,0.0,0.0,0.0,13.8

20/03/2020,05:45:00,nan,0.0,0.0,0.0,0.0,13.8

20/03/2020,06:00:00,nan,0.0,0.0,0.0,0.0,13.8

20/03/2020,06:15:00,nan,0.0,0.0,0.0,0.0,13.8

20/03/2020,06:30:00,nan,0.0,0.0,0.0,0.0,13.8

20/03/2020,06:45:00,nan,0.0,0.0,0.0,0.0,13.8

20/03/2020,07:00:00,nan,0.0,0.0,0.0,0.0,13.8

20/03/2020,07:15:00,nan,0.0,0.0,0.0,0.0,13.8

20/03/2020,07:30:00,nan,0.0,0.0,0.0,0.0,13.8

20/03/2020,07:45:00,nan,0.0,0.0,0.0,0.0,13.8

20/03/2020,08:00:00,nan,0.0,0.0,0.0,0.0,13.8

20/03/2020,08:15:00,nan,0.0,0.0,0.0,0.0,13.8

20/03/2020,08:30:00,nan,0.0,0.0,0.0,0.0,13.8

20/03/2020,08:45:00,nan,0.0,0.0,0.0,0.0,13.8

20/03/2020,09:00:00,nan,0.0,0.0,0.0,0.0,13.8

20/03/2020,09:15:00,nan,0.0,0.0,0.0,0.0,13.8

20/03/2020,09:30:00,nan,0.0,0.0,0.0,0.0,13.8

20/03/2020,09:45:00,nan,0.0,0.0,0.0,0.0,13.8

20/03/2020,10:00:00,nan,0.0,0.0,0.0,0.0,13.8

20/03/2020,10:15:00,nan,0.0,0.0,0.0,0.0,13.8

20/03/2020,10:30:00,nan,0.0,0.0,0.0,0.0,13.8

20/03/2020,10:45:00,nan,0.0,0.0,0.0,0.0,13.8

20/03/2020,11:00:00,nan,0.0,0.0,0.0,0.0,13.8

20/03/2020,11:15:00,nan,0.0,0.0,0.0,0.0,13.8

20/03/2020,11:30:00,nan,0.0,0.0,0.0,0.0,13.8

20/03/2020,11:45:00,nan,0.0,0.0,0.0,0.0,13.8

20/03/2020,12:00:00,nan,0.0,0.0,0.0,0.0,13.8

20/03/2020,12:15:00,nan,0.0,0.0,0.0,0.0,13.8

20/03/2020,12:30:00,nan,0.0,0.0,0.0,0.0,13.8

20/03/2020,12:45:00,nan,0.0,0.0,0.0,0.0,13.8

20/03/2020,13:00:00,nan,0.0,0.0,0.0,0.0,13.8

20/03/2020,13:15:00,nan,0.0,0.0,0.0,0.0,13.8

20/03/2020,13:30:00,nan,0.0,0.0,0.0,0.0,13.8

20/03/2020,13:45:00,nan,0.0,0.0,0.0,0.0,13.8

20/03/2020,14:00:00,nan,0.0,0.0,0.0,0.0,13.8

20/03/2020,14:15:00,nan,0.0,0.0,0.0,0.0,13.8

20/03/2020,14:30:00,nan,0.0,0.0,0.0,0.0,13.8

20/03/2020,14:45:00,nan,0.0,0.0,0.0,0.0,13.8

20/03/2020,15:00:00,nan,0.0,0.0,0.0,0.0,13.8

20/03/2020,15:15:00,nan,0.0,0.0,0.0,0.0,13.8

20/03/2020,15:30:00,nan,0.0,0.0,0.0,0.0,13.8

20/03/2020,15:45:00,nan,0.0,0.0,0.0,0.0,13.8

20/03/2020,16:00:00,nan,0.0,0.0,0.0,0.0,13.8

20/03/2020,16:15:00,nan,0.0,0.0,0.0,0.0,13.8

20/03/2020,16:30:00,nan,0.0,0.0,0.0,0.0,13.8

20/03/2020,16:45:00,nan,0.0,0.0,0.0,0.0,13.8

20/03/2020,17:00:00,nan,0.0,0.0,0.0,0.0,13.8

20/03/2020,17:15:00,nan,0.0,0.0,0.0,0.0,13.8

20/03/2020,17:30:00,nan,0.0,0.0,0.0,0.0,13.8

20/03/2020,17:45:00,nan,0.0,0.0,0.0,0.0,13.8

20/03/2020,18:00:00,nan,0.0,0.0,0.0,0.0,13.8

20/03/2020,18:15:00,nan,0.0,0.0,0.0,0.0,13.8

20/03/2020,18:30:00,nan,0.0,0.0,0.0,0.0,13.8

20/03/2020,18:45:00,nan,0.0,0.0,0.0,0.0,13.8

20/03/2020,19:00:00,nan,0.0,0.0,0.0,0.0,13.8

20/03/2020,19:15:00,nan,0.0,0.0,0.0,0.0,13.8

20/03/2020,19:30:00,nan,0.0,0.0,0.0,0.0,13.8

20/03/2020,19:45:00,nan,0.6,0.6,0.6,0.6,14.4

20/03/2020,20:00:00,nan,0.2,0.8,0.8,0.8,14.6

20/03/2020,20:15:00,nan,0.2,1.0,1.0,1.0,14.8

20/03/2020,20:30:00,nan,1.0,2.0,2.0,2.0,15.8

20/03/2020,20:45:00,nan,4.0,5.4,6.0,6.0,19.8

20/03/2020,21:00:00,nan,2.8,8.0,8.8,8.8,22.6

20/03/2020,21:15:00,nan,1.4,9.2,10.2,10.2,24.0

20/03/2020,21:30:00,nan,0.2,8.4,10.4,10.4,24.2

20/03/2020,21:45:00,nan,0.2,4.6,10.6,10.6,24.4

20/03/2020,22:00:00,nan,3.2,5.0,13.8,13.8,27.6

20/03/2020,22:15:00,nan,1.8,5.4,15.6,15.6,29.4

20/03/2020,22:30:00,nan,1.8,7.0,17.4,17.4,31.2

20/03/2020,22:45:00,nan,1.4,8.2,18.8,18.8,32.6

20/03/2020,23:00:00,nan,1.4,6.4,20.2,20.2,34.0

20/03/2020,23:15:00,nan,0.4,5.0,20.6,20.6,34.4

20/03/2020,23:30:00,nan,0.0,3.2,20.6,20.6,34.4

20/03/2020,23:45:00,nan,0.2,2.0,20.2,20.8,34.6

21/03/2020,00:00:00,nan,0.0,0.6,20.0,20.8,34.6

21/03/2020,00:15:00,nan,0.0,0.2,19.8,20.8,34.6

21/03/2020,00:30:00,nan,0.0,0.2,18.8,20.8,34.6

21/03/2020,00:45:00,nan,0.0,0.0,14.8,20.8,34.6

21/03/2020,01:00:00,nan,0.0,0.0,12.0,20.8,34.6

21/03/2020,01:15:00,nan,1.2,1.2,11.8,22.0,35.8

21/03/2020,01:30:00,nan,2.6,3.8,14.2,24.6,38.4

21/03/2020,01:45:00,nan,0.4,4.2,14.4,25.0,38.8

21/03/2020,02:00:00,nan,0.6,4.8,11.8,25.6,39.4

21/03/2020,02:15:00,nan,0.0,3.6,10.0,25.6,39.4

21/03/2020,02:30:00,nan,0.0,1.0,8.2,25.6,39.4

21/03/2020,02:45:00,nan,0.0,0.6,6.8,25.6,39.4

21/03/2020,03:00:00,nan,0.0,0.0,5.4,25.6,39.4

21/03/2020,03:15:00,nan,0.2,0.2,5.2,25.8,39.6

21/03/2020,03:30:00,nan,0.0,0.2,5.2,25.8,39.6

21/03/2020,03:45:00,nan,0.0,0.2,5.0,25.8,39.6

21/03/2020,04:00:00,nan,0.0,0.2,5.0,25.8,39.6

21/03/2020,04:15:00,nan,0.4,0.4,5.4,26.2,40.0

21/03/2020,04:30:00,nan,0.2,0.6,5.6,26.4,40.2

21/03/2020,04:45:00,nan,0.6,1.2,6.2,27.0,40.8

21/03/2020,05:00:00,nan,0.2,1.4,6.4,27.2,41.0

21/03/2020,05:15:00,nan,0.0,1.0,5.2,27.2,41.0

21/03/2020,05:30:00,nan,0.8,1.6,3.4,28.0,41.8

21/03/2020,05:45:00,nan,0.6,1.6,3.6,28.6,42.4

21/03/2020,06:00:00,nan,0.2,1.6,3.2,28.8,42.6

21/03/2020,06:15:00,nan,0.0,1.6,3.2,28.8,42.6

21/03/2020,06:30:00,nan,0.0,0.8,3.2,28.8,42.6

21/03/2020,06:45:00,nan,0.6,0.8,3.8,29.4,43.2

21/03/2020,07:00:00,nan,0.2,0.8,4.0,29.6,43.4

21/03/2020,07:15:00,nan,0.0,0.8,3.8,29.6,43.4

21/03/2020,07:30:00,nan,0.0,0.8,3.8,29.6,43.4

21/03/2020,07:45:00,nan,0.0,0.2,3.8,29.6,43.4

21/03/2020,08:00:00,nan,0.0,0.0,3.8,29.6,43.4

21/03/2020,08:15:00,nan,0.4,0.4,3.8,30.0,43.8

21/03/2020,08:30:00,nan,1.0,1.4,4.6,31.0,44.8

21/03/2020,08:45:00,nan,0.6,2.0,4.6,31.6,45.4

21/03/2020,09:00:00,nan,0.0,2.0,4.4,31.6,45.4

21/03/2020,09:15:00,nan,0.2,1.8,4.6,31.8,45.6

21/03/2020,09:30:00,nan,0.0,0.8,3.8,31.8,45.6

21/03/2020,09:45:00,nan,1.2,1.4,4.4,33.0,46.8

21/03/2020,10:00:00,nan,0.0,1.4,4.2,33.0,46.8

21/03/2020,10:15:00,nan,2.2,3.4,6.4,35.2,49.0

21/03/2020,10:30:00,nan,0.2,3.6,6.6,35.4,49.2

21/03/2020,10:45:00,nan,0.0,2.4,6.0,35.4,49.2

21/03/2020,11:00:00,nan,0.0,2.4,5.8,35.4,49.2

21/03/2020,11:15:00,nan,0.0,0.2,5.8,35.4,49.2

21/03/2020,11:30:00,nan,0.0,0.0,5.8,35.4,49.2

21/03/2020,11:45:00,nan,0.0,0.0,5.8,35.4,49.2

21/03/2020,12:00:00,nan,0.0,0.0,5.8,35.4,49.2

21/03/2020,12:15:00,nan,0.0,0.0,5.4,35.4,49.2

21/03/2020,12:30:00,nan,0.0,0.0,4.4,35.4,49.2

21/03/2020,12:45:00,nan,0.0,0.0,3.8,35.4,49.2

21/03/2020,13:00:00,nan,0.0,0.0,3.8,35.4,49.2

21/03/2020,13:15:00,nan,0.0,0.0,3.6,35.4,49.2

21/03/2020,13:30:00,nan,0.0,0.0,3.6,35.4,49.2

21/03/2020,13:45:00,nan,0.0,0.0,2.4,35.4,49.2

21/03/2020,14:00:00,nan,0.0,0.0,2.4,35.4,49.2

21/03/2020,14:15:00,nan,0.0,0.0,0.2,35.4,49.2

21/03/2020,14:30:00,nan,0.0,0.0,0.0,35.4,49.2

21/03/2020,14:45:00,nan,0.4,0.4,0.4,35.8,49.6

21/03/2020,15:00:00,nan,1.0,1.4,1.4,36.8,50.6

21/03/2020,15:15:00,nan,0.4,1.8,1.8,37.2,51.0

21/03/2020,15:30:00,nan,1.0,2.8,2.8,38.2,52.0

21/03/2020,15:45:00,nan,0.6,3.0,3.4,38.8,52.6

21/03/2020,16:00:00,nan,0.2,2.2,3.6,39.0,52.8

21/03/2020,16:15:00,nan,0.4,2.2,4.0,39.4,53.2

21/03/2020,16:30:00,nan,0.0,1.2,4.0,39.4,53.2

21/03/2020,16:45:00,nan,0.2,0.8,4.2,39.6,53.4

21/03/2020,17:00:00,nan,0.0,0.6,4.2,39.6,53.4

21/03/2020,17:15:00,nan,0.0,0.2,4.2,39.6,53.4

21/03/2020,17:30:00,nan,0.0,0.2,4.2,39.6,53.4

21/03/2020,17:45:00,nan,0.0,0.0,4.2,39.6,53.4

21/03/2020,18:00:00,nan,0.0,0.0,4.2,39.6,53.4

21/03/2020,18:15:00,nan,0.0,0.0,4.2,39.6,53.4

21/03/2020,18:30:00,nan,0.0,0.0,4.2,39.6,53.4

21/03/2020,18:45:00,nan,0.6,0.6,4.4,40.2,54.0

21/03/2020,19:00:00,nan,0.6,1.2,4.0,40.8,54.6

21/03/2020,19:15:00,nan,0.2,1.4,3.8,41.0,54.8

21/03/2020,19:30:00,nan,0.0,1.4,2.8,41.0,54.8

21/03/2020,19:45:00,nan,0.0,0.8,2.2,40.4,47.8

21/03/2020,20:00:00,nan,0.0,0.2,2.0,40.2,41.4

21/03/2020,20:15:00,nan,0.0,0.0,1.6,40.0,41.4

21/03/2020,20:30:00,nan,0.0,0.0,1.6,39.0,41.2

21/03/2020,20:45:00,nan,0.0,0.0,1.4,35.0,41.2

21/03/2020,21:00:00,nan,0.0,0.0,1.4,32.2,41.2

21/03/2020,21:15:00,nan,0.0,0.0,1.4,30.8,41.2

21/03/2020,21:30:00,nan,0.0,0.0,1.4,30.6,41.2

21/03/2020,21:45:00,nan,0.0,0.0,1.4,30.4,41.2

21/03/2020,22:00:00,nan,0.0,0.0,1.4,27.2,41.2

21/03/2020,22:15:00,nan,0.0,0.0,1.4,25.4,41.2

21/03/2020,22:30:00,nan,0.0,0.0,1.4,23.6,41.2

21/03/2020,22:45:00,nan,0.0,0.0,0.8,22.2,41.2

21/03/2020,23:00:00,nan,0.0,0.0,0.2,20.8,41.2

21/03/2020,23:15:00,nan,0.0,0.0,0.0,20.4,41.2

21/03/2020,23:30:00,nan,0.0,0.0,0.0,20.4,41.2

21/03/2020,23:45:00,nan,0.0,0.0,0.0,20.2,41.2

22/03/2020,00:00:00,nan,0.2,0.2,0.2,20.4,41.4

22/03/2020,00:15:00,nan,0.0,0.2,0.2,20.4,41.4

22/03/2020,00:30:00,nan,0.0,0.2,0.2,20.4,41.4

22/03/2020,00:45:00,nan,0.0,0.2,0.2,20.4,41.4

22/03/2020,01:00:00,nan,0.0,0.0,0.2,20.4,41.4

22/03/2020,01:15:00,nan,0.0,0.0,0.2,19.2,41.4

22/03/2020,01:30:00,nan,0.0,0.0,0.2,16.6,41.4

22/03/2020,01:45:00,nan,0.0,0.0,0.2,16.2,41.4

22/03/2020,02:00:00,nan,0.0,0.0,0.2,15.6,41.4

22/03/2020,02:15:00,nan,0.0,0.0,0.2,15.6,41.4

22/03/2020,02:30:00,nan,0.0,0.0,0.2,15.6,41.4

22/03/2020,02:45:00,nan,0.0,0.0,0.2,15.6,41.4

22/03/2020,03:00:00,nan,0.0,0.0,0.2,15.6,41.4

22/03/2020,03:15:00,nan,0.0,0.0,0.2,15.4,41.4

22/03/2020,03:30:00,nan,nan,nan,nan,nan,nan

22/03/2020,03:45:00,nan,nan,0.0,0.2,15.4,41.4

22/03/2020,04:00:00,nan,0.0,0.0,0.0,15.4,41.2

22/03/2020,04:15:00,nan,0.0,0.0,0.0,15.0,41.2

22/03/2020,04:30:00,nan,0.0,nan,0.0,14.8,41.2

22/03/2020,04:45:00,nan,0.0,0.0,0.0,14.2,41.2

22/03/2020,05:00:00,nan,0.0,0.0,0.0,14.0,41.2

22/03/2020,05:15:00,nan,0.0,0.0,0.0,14.0,41.2

22/03/2020,05:30:00,nan,0.0,0.0,0.0,13.2,41.2

22/03/2020,05:45:00,nan,0.0,0.0,0.0,12.6,41.2

22/03/2020,06:00:00,nan,0.0,0.0,0.0,12.4,41.2

22/03/2020,06:15:00,nan,0.0,0.0,0.0,12.4,41.2

22/03/2020,06:30:00,nan,0.0,0.0,0.0,12.4,41.2

22/03/2020,06:45:00,nan,0.0,0.0,0.0,11.8,41.2

22/03/2020,07:00:00,nan,0.2,0.2,0.2,11.8,41.4

22/03/2020,07:15:00,nan,0.0,0.2,0.2,11.8,41.4

22/03/2020,07:30:00,nan,0.0,0.2,nan,11.8,41.4

22/03/2020,07:45:00,nan,0.0,0.2,0.2,11.8,41.4

22/03/2020,08:00:00,nan,0.0,0.0,0.2,11.8,41.4

22/03/2020,08:15:00,nan,0.0,0.0,0.2,11.4,41.4

22/03/2020,08:30:00,nan,0.0,0.0,0.2,10.4,41.4

22/03/2020,08:45:00,nan,0.0,0.0,0.2,9.8,41.4

22/03/2020,09:00:00,nan,0.0,0.0,0.2,9.8,41.4

22/03/2020,09:15:00,nan,0.0,0.0,0.2,9.6,41.4

22/03/2020,09:30:00,nan,0.0,0.0,0.2,9.6,41.4

22/03/2020,09:45:00,nan,0.0,0.0,0.2,8.4,41.4

22/03/2020,10:00:00,nan,0.0,0.0,0.2,8.4,41.4

22/03/2020,10:15:00,nan,0.0,0.0,0.2,6.2,41.4

22/03/2020,10:30:00,nan,0.0,0.0,0.2,6.0,41.4

22/03/2020,10:45:00,nan,0.0,0.0,0.2,6.0,41.4

22/03/2020,11:00:00,nan,0.2,0.2,0.2,6.2,41.6

22/03/2020,11:15:00,nan,0.0,0.2,0.2,6.2,41.6

22/03/2020,11:30:00,nan,0.0,0.2,0.2,6.2,41.6

22/03/2020,11:45:00,nan,0.0,0.2,0.2,6.2,41.6

22/03/2020,12:00:00,nan,0.0,0.0,0.2,6.2,41.6

22/03/2020,12:15:00,nan,0.0,0.0,0.2,6.2,41.6

22/03/2020,12:30:00,nan,0.0,0.0,0.2,6.2,41.6

22/03/2020,12:45:00,nan,0.0,0.0,0.2,6.2,41.6

22/03/2020,13:00:00,nan,0.0,0.0,0.2,6.2,41.6

22/03/2020,13:15:00,nan,0.0,0.0,0.2,6.2,41.6

22/03/2020,13:30:00,nan,0.0,0.0,0.2,6.2,41.6

22/03/2020,13:45:00,nan,0.0,0.0,0.2,6.2,41.6

22/03/2020,14:00:00,nan,0.0,0.0,0.2,6.2,41.6

22/03/2020,14:15:00,nan,0.0,0.0,0.2,6.2,41.6

22/03/2020,14:30:00,nan,0.0,0.0,0.2,6.2,41.6

22/03/2020,14:45:00,nan,0.0,0.0,0.2,5.8,41.6

22/03/2020,15:00:00,nan,0.0,0.0,0.0,4.8,41.6

22/03/2020,15:15:00,nan,0.0,0.0,0.0,4.4,41.6

22/03/2020,15:30:00,nan,0.0,0.0,0.0,3.4,41.6

22/03/2020,15:45:00,nan,0.0,0.0,0.0,2.8,41.6

22/03/2020,16:00:00,nan,0.0,0.0,0.0,2.6,41.6

22/03/2020,16:15:00,nan,0.0,0.0,0.0,2.2,41.6

22/03/2020,16:30:00,nan,0.0,0.0,0.0,2.2,41.6

22/03/2020,16:45:00,nan,0.0,0.0,0.0,2.0,41.6

22/03/2020,17:00:00,nan,0.0,0.0,0.0,2.0,41.6

22/03/2020,17:15:00,nan,0.0,0.0,0.0,2.0,41.6

22/03/2020,17:30:00,nan,0.0,0.0,0.0,2.0,41.6

22/03/2020,17:45:00,nan,0.0,0.0,0.0,2.0,41.6

22/03/2020,18:00:00,nan,0.0,0.0,0.0,2.0,41.6

22/03/2020,18:15:00,nan,0.0,0.0,0.0,2.0,41.6

22/03/2020,18:30:00,nan,0.0,0.0,0.0,2.0,41.6

22/03/2020,18:45:00,nan,0.0,0.0,0.0,1.4,41.6

22/03/2020,19:00:00,nan,0.0,0.0,0.0,0.8,41.6

22/03/2020,19:15:00,nan,0.0,0.0,0.0,0.6,41.6

22/03/2020,19:30:00,nan,0.0,0.0,0.0,0.6,41.6

22/03/2020,19:45:00,nan,0.0,0.0,0.0,0.6,41.6

22/03/2020,20:00:00,nan,0.0,0.0,0.0,0.6,41.6

22/03/2020,20:15:00,nan,0.0,0.0,0.0,0.6,41.6

22/03/2020,20:30:00,nan,0.0,0.0,0.0,0.6,41.6

22/03/2020,20:45:00,nan,0.0,0.0,0.0,0.6,41.6

22/03/2020,21:00:00,nan,0.0,0.0,0.0,0.6,41.6

22/03/2020,21:15:00,nan,0.0,0.0,0.0,0.6,41.6

22/03/2020,21:30:00,nan,0.0,0.0,0.0,0.6,41.6

22/03/2020,21:45:00,nan,0.0,0.0,0.0,0.6,41.6

22/03/2020,22:00:00,nan,0.0,0.0,0.0,0.6,41.6

22/03/2020,22:15:00,nan,0.0,0.0,0.0,0.6,41.6

22/03/2020,22:30:00,nan,0.2,0.2,0.2,0.8,41.8

22/03/2020,22:45:00,nan,0.0,0.2,0.2,0.8,41.8

22/03/2020,23:00:00,nan,0.0,0.2,0.2,0.8,41.8

22/03/2020,23:15:00,nan,0.0,0.2,0.2,0.8,41.8

22/03/2020,23:30:00,nan,0.0,0.0,0.2,0.8,41.8

22/03/2020,23:45:00,nan,0.0,0.0,0.2,0.8,41.8

23/03/2020,00:00:00,nan,0.0,0.0,0.2,0.6,41.8

23/03/2020,00:15:00,nan,0.0,0.0,0.2,0.6,41.8

23/03/2020,00:30:00,nan,0.0,0.0,0.2,0.6,41.8

23/03/2020,00:45:00,nan,0.0,0.0,0.2,0.6,41.8

23/03/2020,01:00:00,nan,0.0,0.0,0.2,0.6,41.8

23/03/2020,01:15:00,nan,0.0,0.0,0.2,0.6,41.8

23/03/2020,01:30:00,nan,0.0,0.0,0.2,0.6,41.8

23/03/2020,01:45:00,nan,0.0,0.0,0.2,0.6,41.8

23/03/2020,02:00:00,nan,0.0,0.0,0.2,0.6,41.8

23/03/2020,02:15:00,nan,0.0,0.0,0.2,0.6,41.8

23/03/2020,02:30:00,nan,0.0,0.0,0.0,0.6,41.8

23/03/2020,02:45:00,nan,0.0,0.0,0.0,0.6,41.8

23/03/2020,03:00:00,nan,0.0,0.0,0.0,0.6,41.8

23/03/2020,03:15:00,nan,0.0,0.0,0.0,0.6,41.8

23/03/2020,03:30:00,nan,0.0,0.0,0.0,nan,41.8

23/03/2020,03:45:00,nan,0.0,0.0,0.0,0.6,41.8

23/03/2020,04:00:00,nan,0.0,0.0,0.0,0.6,41.8

23/03/2020,04:15:00,nan,0.0,0.0,0.0,0.6,41.8

23/03/2020,04:30:00,nan,0.0,0.0,0.0,0.6,41.8

23/03/2020,04:45:00,nan,0.0,0.0,0.0,0.6,41.8

23/03/2020,05:00:00,nan,0.0,0.0,0.0,0.6,41.8

23/03/2020,05:15:00,nan,0.0,0.0,0.0,0.6,41.8

23/03/2020,05:30:00,nan,0.0,0.0,0.0,0.6,41.8

23/03/2020,05:45:00,nan,0.0,0.0,0.0,0.6,41.8

23/03/2020,06:00:00,nan,0.0,0.0,0.0,0.6,41.8

23/03/2020,06:15:00,nan,0.0,0.0,0.0,0.6,41.8

23/03/2020,06:30:00,nan,0.0,0.0,0.0,0.6,41.8

23/03/2020,06:45:00,nan,0.0,0.0,0.0,0.6,41.8

23/03/2020,07:00:00,nan,0.0,0.0,0.0,0.4,41.8

23/03/2020,07:15:00,nan,0.0,0.0,0.0,0.4,41.8

23/03/2020,07:30:00,nan,0.0,0.0,0.0,0.4,41.8

23/03/2020,07:45:00,nan,0.0,0.0,0.0,0.4,41.8

23/03/2020,08:00:00,nan,0.0,0.0,0.0,0.4,41.8

23/03/2020,08:15:00,nan,0.0,0.0,0.0,0.4,41.8

23/03/2020,08:30:00,nan,0.0,0.0,0.0,0.4,41.8

23/03/2020,08:45:00,nan,0.0,0.0,0.0,0.4,41.8

23/03/2020,09:00:00,nan,0.0,0.0,0.0,0.4,41.8

23/03/2020,09:15:00,nan,0.0,0.0,0.0,0.4,41.8

23/03/2020,09:30:00,nan,0.0,0.0,0.0,0.4,41.8

23/03/2020,09:45:00,nan,0.0,0.0,0.0,0.4,41.8

23/03/2020,10:00:00,nan,0.0,0.0,0.0,0.4,41.8

23/03/2020,10:15:00,nan,0.0,0.0,0.0,0.4,41.8

23/03/2020,10:30:00,nan,0.0,0.0,0.0,0.4,41.8

23/03/2020,10:45:00,nan,0.0,0.0,0.0,0.4,41.8

23/03/2020,11:00:00,nan,0.0,0.0,0.0,0.2,41.8

23/03/2020,11:15:00,nan,0.0,0.0,0.0,0.2,41.8

23/03/2020,11:30:00,nan,0.0,0.0,0.0,0.2,41.8

23/03/2020,11:45:00,nan,0.0,0.0,0.0,0.2,41.8

23/03/2020,12:00:00,nan,0.0,0.0,0.0,0.2,41.8

23/03/2020,12:15:00,nan,0.0,0.0,0.0,0.2,41.8

23/03/2020,12:30:00,nan,0.0,0.0,0.0,0.2,41.8

23/03/2020,12:45:00,nan,0.0,0.0,0.0,0.2,41.8

23/03/2020,13:00:00,nan,0.0,0.0,0.0,0.2,41.8

23/03/2020,13:15:00,nan,0.0,0.0,0.0,0.2,41.8

23/03/2020,13:30:00,nan,0.0,0.0,0.0,0.2,41.8

23/03/2020,13:45:00,nan,0.0,0.0,0.0,0.2,41.8

23/03/2020,14:00:00,nan,0.0,0.0,0.0,0.2,41.8

23/03/2020,14:15:00,nan,0.0,0.0,0.0,0.2,41.8

23/03/2020,14:30:00,nan,0.0,0.0,0.0,0.2,41.8

23/03/2020,14:45:00,nan,0.0,0.0,0.0,0.2,41.8

23/03/2020,15:00:00,nan,0.0,0.0,0.0,0.2,41.8

23/03/2020,15:15:00,nan,0.0,0.0,0.0,0.2,41.8

23/03/2020,15:30:00,nan,0.0,0.0,0.0,0.2,41.8

23/03/2020,15:45:00,nan,0.0,0.0,0.0,0.2,41.8

23/03/2020,16:00:00,nan,0.0,0.0,0.0,0.2,41.8

23/03/2020,16:15:00,nan,0.0,0.0,0.0,0.2,41.8

23/03/2020,16:30:00,nan,0.0,0.0,0.0,0.2,41.8

23/03/2020,16:45:00,nan,0.0,0.0,0.0,0.2,41.8

23/03/2020,17:00:00,nan,0.0,0.0,0.0,0.2,41.8

23/03/2020,17:15:00,nan,0.0,0.0,0.0,0.2,41.8

23/03/2020,17:30:00,nan,0.0,0.0,0.0,0.2,41.8

23/03/2020,17:45:00,nan,0.0,0.0,0.0,0.2,41.8

23/03/2020,18:00:00,nan,0.0,0.0,0.0,0.2,41.8

23/03/2020,18:15:00,nan,0.0,0.0,0.0,0.2,41.8

23/03/2020,18:30:00,nan,0.0,0.0,0.0,0.2,41.8

23/03/2020,18:45:00,nan,0.0,0.0,0.0,0.2,41.8

23/03/2020,19:00:00,nan,0.0,0.0,0.0,0.2,41.8

23/03/2020,19:15:00,nan,0.0,0.0,0.0,0.2,41.8

23/03/2020,19:30:00,nan,0.0,0.0,0.0,0.2,41.8

23/03/2020,19:45:00,nan,0.0,0.0,0.0,0.2,41.8

23/03/2020,20:00:00,nan,0.0,0.0,0.0,0.2,41.8

23/03/2020,20:15:00,nan,0.0,0.0,0.0,0.2,41.8

23/03/2020,20:30:00,nan,0.0,0.0,0.0,0.2,41.8

23/03/2020,20:45:00,nan,0.0,0.0,0.0,0.2,41.8

23/03/2020,21:00:00,nan,0.0,0.0,0.0,0.2,41.8

23/03/2020,21:15:00,nan,0.0,0.0,0.0,0.2,41.8

23/03/2020,21:30:00,nan,0.0,0.0,0.0,0.2,41.8

23/03/2020,21:45:00,nan,0.0,0.0,0.0,0.2,41.8

23/03/2020,22:00:00,nan,0.0,0.0,0.0,0.2,41.8

23/03/2020,22:15:00,nan,0.0,0.0,0.0,0.2,41.8

23/03/2020,22:30:00,nan,0.0,0.0,0.0,0.0,41.8

23/03/2020,22:45:00,nan,1.8,1.8,1.8,1.8,43.6

23/03/2020,23:00:00,nan,0.2,2.0,2.0,2.0,43.8

23/03/2020,23:15:00,nan,0.0,2.0,2.0,2.0,43.8

23/03/2020,23:30:00,nan,0.2,2.2,2.2,2.2,44.0

23/03/2020,23:45:00,nan,0.0,0.4,2.2,2.2,44.0

24/03/2020,00:00:00,nan,0.0,0.2,2.2,2.2,44.0

24/03/2020,00:15:00,nan,0.0,0.2,2.2,2.2,44.0

24/03/2020,00:30:00,nan,0.0,0.0,2.2,2.2,44.0

24/03/2020,00:45:00,nan,0.0,0.0,2.2,2.2,44.0

24/03/2020,01:00:00,nan,0.0,0.0,2.2,2.2,44.0

24/03/2020,01:15:00,nan,0.0,0.0,2.2,2.2,44.0

24/03/2020,01:30:00,nan,0.0,0.0,2.2,2.2,44.0

24/03/2020,01:45:00,nan,0.0,0.0,2.2,2.2,44.0

24/03/2020,02:00:00,nan,0.0,0.0,2.2,2.2,44.0

24/03/2020,02:15:00,nan,0.0,0.0,2.2,2.2,44.0

24/03/2020,02:30:00,nan,0.0,0.0,2.2,2.2,44.0

24/03/2020,02:45:00,nan,0.0,0.0,0.4,2.2,44.0

24/03/2020,03:00:00,nan,0.0,0.0,0.2,2.2,44.0

24/03/2020,03:15:00,nan,0.0,0.0,0.2,2.2,44.0

24/03/2020,03:30:00,nan,0.0,0.0,0.0,2.2,44.0

24/03/2020,03:45:00,nan,0.0,0.0,0.0,2.2,44.0

24/03/2020,04:00:00,nan,0.0,0.0,0.0,2.2,44.0

24/03/2020,04:15:00,nan,0.0,0.0,0.0,2.2,44.0

24/03/2020,04:30:00,nan,0.0,0.0,0.0,2.2,44.0

24/03/2020,04:45:00,nan,0.0,0.0,0.0,2.2,44.0

24/03/2020,05:00:00,nan,0.0,0.0,0.0,2.2,44.0

24/03/2020,05:15:00,nan,0.0,0.0,0.0,2.2,44.0

24/03/2020,05:30:00,nan,0.0,0.0,0.0,2.2,44.0

24/03/2020,05:45:00,nan,0.0,0.0,0.0,2.2,44.0

24/03/2020,06:00:00,nan,0.0,0.0,0.0,2.2,44.0

24/03/2020,06:15:00,nan,0.0,0.0,0.0,2.2,44.0

24/03/2020,06:30:00,nan,0.0,0.0,0.0,2.2,44.0

24/03/2020,06:45:00,nan,0.0,0.0,0.0,2.2,44.0

24/03/2020,07:00:00,nan,0.0,0.0,0.0,2.2,44.0

24/03/2020,07:15:00,nan,0.0,0.0,0.0,2.2,44.0

24/03/2020,07:30:00,nan,0.0,0.0,0.0,2.2,44.0

24/03/2020,07:45:00,nan,0.0,0.0,0.0,2.2,44.0

24/03/2020,08:00:00,nan,0.0,0.0,0.0,2.2,44.0

24/03/2020,08:15:00,nan,0.0,0.0,0.0,2.2,44.0

24/03/2020,08:30:00,nan,0.0,0.0,0.0,2.2,44.0

24/03/2020,08:45:00,nan,0.0,0.0,0.0,2.2,44.0

24/03/2020,09:00:00,nan,0.0,0.0,0.0,2.2,44.0

24/03/2020,09:15:00,nan,0.0,0.0,0.0,2.2,44.0

24/03/2020,09:30:00,nan,0.0,0.0,0.0,2.2,44.0

24/03/2020,09:45:00,nan,0.0,0.0,0.0,2.2,44.0

24/03/2020,10:00:00,nan,0.0,0.0,0.0,2.2,44.0

24/03/2020,10:15:00,nan,0.0,0.0,0.0,2.2,44.0

24/03/2020,10:30:00,nan,0.0,0.0,0.0,2.2,44.0

24/03/2020,10:45:00,nan,0.0,0.0,0.0,2.2,44.0

24/03/2020,11:00:00,nan,0.0,0.0,0.0,2.2,44.0

24/03/2020,11:15:00,nan,0.0,0.0,0.0,2.2,44.0

24/03/2020,11:30:00,nan,0.0,0.0,0.0,2.2,44.0

24/03/2020,11:45:00,nan,0.0,0.0,0.0,2.2,44.0

24/03/2020,12:00:00,nan,0.0,0.0,0.0,2.2,44.0

24/03/2020,12:15:00,nan,0.0,0.0,0.0,2.2,44.0

24/03/2020,12:30:00,nan,0.0,0.0,0.0,2.2,44.0

24/03/2020,12:45:00,nan,0.0,0.0,0.0,2.2,44.0

24/03/2020,13:00:00,nan,0.0,0.0,0.0,2.2,44.0

24/03/2020,13:15:00,nan,0.0,0.0,0.0,2.2,44.0

24/03/2020,13:30:00,nan,0.0,0.0,0.0,2.2,44.0

24/03/2020,13:45:00,nan,0.0,0.0,0.0,2.2,44.0

24/03/2020,14:00:00,nan,0.0,0.0,0.0,2.2,44.0

24/03/2020,14:15:00,nan,0.0,0.0,0.0,2.2,44.0

24/03/2020,14:30:00,nan,0.0,0.0,0.0,2.2,44.0

24/03/2020,14:45:00,nan,0.0,0.0,0.0,2.2,44.0

24/03/2020,15:00:00,nan,0.0,0.0,0.0,2.2,44.0

24/03/2020,15:15:00,nan,0.0,0.0,0.0,2.2,44.0

24/03/2020,15:30:00,nan,0.0,0.0,0.0,2.2,44.0

24/03/2020,15:45:00,nan,0.0,0.0,0.0,2.2,44.0

24/03/2020,16:00:00,nan,0.0,0.0,0.0,2.2,44.0

24/03/2020,16:15:00,nan,0.0,0.0,0.0,2.2,44.0

24/03/2020,16:30:00,nan,0.0,0.0,0.0,2.2,44.0

24/03/2020,16:45:00,nan,0.0,0.0,0.0,2.2,44.0

24/03/2020,17:00:00,nan,0.0,0.0,0.0,2.2,44.0

24/03/2020,17:15:00,nan,0.0,0.0,0.0,2.2,44.0

24/03/2020,17:30:00,nan,0.0,0.0,0.0,2.2,44.0

24/03/2020,17:45:00,nan,0.0,0.0,0.0,2.2,44.0

24/03/2020,18:00:00,nan,0.0,0.0,0.0,2.2,44.0

24/03/2020,18:15:00,nan,0.0,0.0,0.0,2.2,44.0

24/03/2020,18:30:00,nan,0.0,0.0,0.0,2.2,44.0

24/03/2020,18:45:00,nan,0.0,0.0,0.0,2.2,44.0

24/03/2020,19:00:00,nan,0.0,0.0,0.0,2.2,44.0

24/03/2020,19:15:00,nan,0.0,0.0,0.0,2.2,44.0

24/03/2020,19:30:00,nan,0.0,0.0,0.0,2.2,44.0

24/03/2020,19:45:00,nan,0.0,0.0,0.0,2.2,43.4

24/03/2020,20:00:00,nan,0.0,0.0,0.0,2.2,43.2

24/03/2020,20:15:00,nan,0.0,0.0,0.0,2.2,43.0

24/03/2020,20:30:00,nan,0.0,0.0,0.0,2.2,42.0

24/03/2020,20:45:00,nan,0.0,0.0,0.0,2.2,38.0

24/03/2020,21:00:00,nan,0.0,0.0,0.0,2.2,35.2

24/03/2020,21:15:00,nan,0.0,0.0,0.0,2.2,33.8

24/03/2020,21:30:00,nan,0.0,0.0,0.0,2.2,33.6

24/03/2020,21:45:00,nan,0.0,0.0,0.0,2.2,33.4

24/03/2020,22:00:00,nan,0.0,0.0,0.0,2.2,30.2

24/03/2020,22:15:00,nan,0.0,0.0,0.0,2.2,28.4

24/03/2020,22:30:00,nan,0.0,0.0,0.0,2.2,26.6

24/03/2020,22:45:00,nan,0.0,0.0,0.0,0.4,25.2

24/03/2020,23:00:00,nan,0.0,0.0,0.0,0.2,23.8

24/03/2020,23:15:00,nan,0.0,0.0,0.0,0.2,23.4

24/03/2020,23:30:00,nan,0.0,0.0,0.0,0.0,23.4

24/03/2020,23:45:00,nan,0.0,0.0,0.0,0.0,23.2

25/03/2020,00:00:00,nan,0.0,0.0,0.0,0.0,23.2

25/03/2020,00:15:00,nan,0.0,0.0,0.0,0.0,23.2

25/03/2020,00:30:00,nan,0.0,0.0,0.0,0.0,23.2

25/03/2020,00:45:00,nan,0.0,0.0,0.0,0.0,23.2

25/03/2020,01:00:00,nan,0.0,0.0,0.0,0.0,23.2

25/03/2020,01:15:00,nan,0.0,0.0,0.0,0.0,22.0

25/03/2020,01:30:00,nan,0.0,0.0,0.0,0.0,19.4

25/03/2020,01:45:00,nan,0.0,0.0,0.0,0.0,19.0

25/03/2020,02:00:00,nan,0.0,0.0,0.0,0.0,18.4

25/03/2020,02:15:00,nan,0.0,0.0,0.0,0.0,18.4

25/03/2020,02:30:00,nan,0.0,0.0,0.0,0.0,18.4

25/03/2020,02:45:00,nan,0.0,0.0,0.0,0.0,18.4

25/03/2020,03:00:00,nan,0.0,0.0,0.0,0.0,18.4

25/03/2020,03:15:00,nan,0.0,0.0,0.0,0.0,18.2

25/03/2020,03:30:00,nan,0.0,0.0,0.0,0.0,18.2

25/03/2020,03:45:00,nan,0.0,0.0,0.0,0.0,18.2

25/03/2020,04:00:00,nan,0.0,0.0,0.0,0.0,18.2

25/03/2020,04:15:00,nan,0.0,0.0,0.0,0.0,17.8

25/03/2020,04:30:00,nan,0.0,0.0,0.0,0.0,17.6

25/03/2020,04:45:00,nan,0.0,0.0,0.0,0.0,17.0

25/03/2020,05:00:00,nan,0.0,0.0,0.0,0.0,16.8

25/03/2020,05:15:00,nan,0.0,0.0,0.0,0.0,16.8

25/03/2020,05:30:00,nan,0.0,0.0,0.0,0.0,16.0

25/03/2020,05:45:00,nan,0.0,0.0,0.0,0.0,15.4

25/03/2020,06:00:00,nan,0.0,0.0,0.0,0.0,15.2

25/03/2020,06:15:00,nan,0.0,0.0,0.0,0.0,15.2

25/03/2020,06:30:00,nan,0.0,0.0,0.0,0.0,15.2

25/03/2020,06:45:00,nan,0.0,0.0,0.0,0.0,14.6

25/03/2020,07:00:00,nan,0.0,0.0,0.0,0.0,14.4

25/03/2020,07:15:00,nan,0.0,0.0,0.0,0.0,14.4

25/03/2020,07:30:00,nan,0.0,0.0,0.0,0.0,14.4

25/03/2020,07:45:00,nan,0.0,0.0,0.0,0.0,14.4

25/03/2020,08:00:00,nan,0.0,0.0,0.0,0.0,14.4

25/03/2020,08:15:00,nan,0.0,0.0,0.0,0.0,14.0

25/03/2020,08:30:00,nan,0.0,0.0,0.0,0.0,13.0

25/03/2020,08:45:00,nan,0.0,0.0,0.0,0.0,12.4

25/03/2020,09:00:00,nan,0.0,0.0,0.0,0.0,12.4

25/03/2020,09:15:00,nan,0.0,0.0,0.0,0.0,12.2

25/03/2020,09:30:00,nan,0.0,0.0,0.0,0.0,12.2

25/03/2020,09:45:00,nan,0.0,0.0,0.0,0.0,11.0

25/03/2020,10:00:00,nan,0.0,0.0,0.0,0.0,11.0

25/03/2020,10:15:00,nan,0.0,0.0,0.0,0.0,8.8

25/03/2020,10:30:00,nan,0.0,0.0,0.0,0.0,8.6

25/03/2020,10:45:00,nan,0.0,0.0,0.0,0.0,8.6

25/03/2020,11:00:00,nan,0.0,0.0,0.0,0.0,8.6

25/03/2020,11:15:00,nan,0.0,0.0,0.0,0.0,8.6

25/03/2020,11:30:00,nan,0.0,0.0,0.0,0.0,8.6

25/03/2020,11:45:00,nan,0.0,0.0,0.0,0.0,8.6

25/03/2020,12:00:00,nan,0.0,0.0,0.0,0.0,8.6

25/03/2020,12:15:00,nan,0.0,0.0,0.0,0.0,8.6

25/03/2020,12:30:00,nan,0.0,0.0,0.0,0.0,8.6

25/03/2020,12:45:00,nan,0.0,0.0,0.0,0.0,8.6

25/03/2020,13:00:00,nan,0.0,0.0,0.0,0.0,8.6

25/03/2020,13:15:00,nan,0.0,0.0,0.0,0.0,8.6

25/03/2020,13:30:00,nan,0.0,0.0,0.0,0.0,8.6

25/03/2020,13:45:00,nan,0.0,0.0,0.0,0.0,8.6

25/03/2020,14:00:00,nan,0.0,0.0,0.0,0.0,8.6

25/03/2020,14:15:00,nan,0.0,0.0,0.0,0.0,8.6

25/03/2020,14:30:00,nan,0.0,0.0,0.0,0.0,8.6

25/03/2020,14:45:00,nan,0.0,0.0,0.0,0.0,8.2

25/03/2020,15:00:00,nan,0.0,0.0,0.0,0.0,7.2

25/03/2020,15:15:00,nan,0.0,0.0,0.0,0.0,6.8

25/03/2020,15:30:00,nan,0.0,0.0,0.0,0.0,5.8

25/03/2020,15:45:00,nan,0.0,0.0,0.0,0.0,5.2

25/03/2020,16:00:00,nan,0.0,0.0,0.0,0.0,5.0

25/03/2020,16:15:00,nan,0.0,0.0,0.0,0.0,4.6

25/03/2020,16:30:00,nan,0.0,0.0,0.0,0.0,4.6

25/03/2020,16:45:00,nan,0.0,0.0,0.0,0.0,4.4

25/03/2020,17:00:00,nan,0.0,0.0,0.0,0.0,4.4

25/03/2020,17:15:00,nan,0.0,0.0,0.0,0.0,4.4

25/03/2020,17:30:00,nan,0.0,0.0,0.0,0.0,4.4

25/03/2020,17:45:00,nan,0.0,0.0,0.0,0.0,4.4

25/03/2020,18:00:00,nan,0.0,0.0,0.0,0.0,4.4

25/03/2020,18:15:00,nan,0.0,0.0,0.0,0.0,4.4

25/03/2020,18:30:00,nan,0.0,0.0,0.0,0.0,4.4

25/03/2020,18:45:00,nan,0.0,0.0,0.0,0.0,3.8

25/03/2020,19:00:00,nan,0.0,0.0,0.0,0.0,3.2

25/03/2020,19:15:00,nan,0.0,0.0,0.0,0.0,3.0

25/03/2020,19:30:00,nan,0.0,0.0,0.0,0.0,3.0

25/03/2020,19:45:00,nan,0.0,0.0,0.0,0.0,3.0

25/03/2020,20:00:00,nan,0.0,0.0,0.0,0.0,3.0

25/03/2020,20:15:00,nan,0.0,0.0,0.0,0.0,3.0

25/03/2020,20:30:00,nan,0.0,0.0,0.0,0.0,3.0

25/03/2020,20:45:00,nan,0.0,0.0,0.0,0.0,3.0

25/03/2020,21:00:00,nan,0.0,0.0,0.0,0.0,3.0

25/03/2020,21:15:00,nan,0.0,0.0,0.0,0.0,3.0

25/03/2020,21:30:00,nan,0.0,0.0,0.0,0.0,3.0

25/03/2020,21:45:00,nan,0.0,0.0,0.0,0.0,3.0

25/03/2020,22:00:00,nan,0.0,0.0,0.0,0.0,3.0

25/03/2020,22:15:00,nan,0.0,0.0,0.0,0.0,3.0

25/03/2020,22:30:00,nan,0.0,0.0,0.0,0.0,3.0

25/03/2020,22:45:00,nan,0.0,0.0,0.0,0.0,3.0

25/03/2020,23:00:00,nan,0.0,0.0,0.0,0.0,3.0

25/03/2020,23:15:00,nan,0.0,0.0,0.0,0.0,3.0

25/03/2020,23:30:00,nan,0.0,0.0,0.0,0.0,3.0

25/03/2020,23:45:00,nan,0.0,0.0,0.0,0.0,3.0

26/03/2020,00:00:00,nan,0.0,0.0,0.0,0.0,2.8

26/03/2020,00:15:00,nan,0.0,0.0,0.0,0.0,2.8

26/03/2020,00:30:00,nan,0.0,0.0,0.0,0.0,2.8

26/03/2020,00:45:00,nan,0.0,0.0,0.0,0.0,2.8

26/03/2020,01:00:00,nan,0.0,0.0,0.0,0.0,2.8

26/03/2020,01:15:00,nan,0.0,0.0,0.0,0.0,2.8

26/03/2020,01:30:00,nan,0.0,0.0,0.0,0.0,2.8

26/03/2020,01:45:00,nan,0.0,0.0,0.0,0.0,2.8

26/03/2020,02:00:00,nan,0.0,0.0,0.0,0.0,2.8

26/03/2020,02:15:00,nan,0.0,0.0,0.0,0.0,2.8

26/03/2020,02:30:00,nan,0.0,0.0,0.0,0.0,2.8

26/03/2020,02:45:00,nan,0.0,0.0,0.0,0.0,2.8

26/03/2020,03:00:00,nan,0.0,0.0,0.0,0.0,2.8

26/03/2020,03:15:00,nan,0.0,0.0,0.0,0.0,2.8

26/03/2020,03:30:00,nan,0.0,0.0,0.0,0.0,nan

26/03/2020,03:45:00,nan,0.0,0.0,0.0,0.0,2.8

26/03/2020,04:00:00,nan,0.0,0.0,0.0,0.0,2.8

26/03/2020,04:15:00,nan,0.0,0.0,0.0,0.0,2.8

26/03/2020,04:30:00,nan,0.0,0.0,0.0,0.0,2.8

26/03/2020,04:45:00,nan,0.0,0.0,0.0,0.0,2.8

26/03/2020,05:00:00,nan,0.0,0.0,0.0,0.0,2.8

26/03/2020,05:15:00,nan,0.0,0.0,0.0,0.0,2.8

26/03/2020,05:30:00,nan,0.0,0.0,0.0,0.0,2.8

26/03/2020,05:45:00,nan,0.0,0.0,0.0,0.0,2.8

26/03/2020,06:00:00,nan,0.0,0.0,0.0,0.0,2.8

26/03/2020,06:15:00,nan,0.0,0.0,0.0,0.0,2.8

26/03/2020,06:30:00,nan,0.0,0.0,0.0,0.0,2.8

26/03/2020,06:45:00,nan,0.0,0.0,0.0,0.0,2.8

26/03/2020,07:00:00,nan,0.0,0.0,0.0,0.0,2.6

26/03/2020,07:15:00,nan,0.0,0.0,0.0,0.0,2.6

26/03/2020,07:30:00,nan,0.0,0.0,0.0,0.0,2.6

26/03/2020,07:45:00,nan,0.0,0.0,0.0,0.0,2.6

26/03/2020,08:00:00,nan,0.0,0.0,0.0,0.0,2.6

26/03/2020,08:15:00,nan,0.0,0.0,0.0,0.0,2.6

26/03/2020,08:30:00,nan,0.0,0.0,0.0,0.0,2.6

26/03/2020,08:45:00,nan,0.0,0.0,0.0,0.0,2.6

26/03/2020,09:00:00,nan,0.0,0.0,0.0,0.0,2.6

26/03/2020,09:15:00,nan,0.0,0.0,0.0,0.0,2.6

26/03/2020,09:30:00,nan,0.0,0.0,0.0,0.0,2.6

26/03/2020,09:45:00,nan,0.0,0.0,0.0,0.0,2.6

26/03/2020,10:00:00,nan,0.0,0.0,0.0,0.0,2.6

26/03/2020,10:15:00,nan,0.0,0.0,0.0,0.0,2.6

26/03/2020,10:30:00,nan,0.0,0.0,0.0,0.0,2.6

26/03/2020,10:45:00,nan,0.0,0.0,0.0,0.0,2.6

26/03/2020,11:00:00,nan,0.0,0.0,0.0,0.0,2.4

26/03/2020,11:15:00,nan,0.0,0.0,0.0,0.0,2.4

26/03/2020,11:30:00,nan,0.0,0.0,0.0,0.0,2.4

26/03/2020,11:45:00,nan,0.0,0.0,0.0,0.0,2.4

26/03/2020,12:00:00,nan,0.0,0.0,0.0,0.0,2.4

26/03/2020,12:15:00,nan,0.0,0.0,0.0,0.0,2.4

26/03/2020,12:30:00,nan,0.0,0.0,0.0,0.0,2.4

26/03/2020,12:45:00,nan,0.0,0.0,0.0,0.0,2.4

26/03/2020,13:00:00,nan,0.0,0.0,0.0,0.0,2.4

26/03/2020,13:15:00,nan,0.0,0.0,0.0,0.0,2.4

26/03/2020,13:30:00,nan,0.0,0.0,0.0,0.0,2.4

26/03/2020,13:45:00,nan,0.0,0.0,0.0,0.0,2.4

26/03/2020,14:00:00,nan,0.0,0.0,0.0,0.0,2.4

26/03/2020,14:15:00,nan,0.0,0.0,0.0,0.0,2.4

26/03/2020,14:30:00,nan,0.0,0.0,0.0,0.0,2.4

26/03/2020,14:45:00,nan,0.0,0.0,0.0,0.0,2.4

26/03/2020,15:00:00,nan,0.0,0.0,0.0,0.0,2.4

26/03/2020,15:15:00,nan,0.0,0.0,0.0,0.0,2.4

26/03/2020,15:30:00,nan,0.0,0.0,0.0,0.0,2.4

26/03/2020,15:45:00,nan,0.0,0.0,0.0,0.0,2.4

26/03/2020,16:00:00,nan,0.0,0.0,0.0,0.0,2.4

26/03/2020,16:15:00,nan,0.0,0.0,0.0,0.0,2.4

26/03/2020,16:30:00,nan,0.0,0.0,0.0,0.0,2.4

26/03/2020,16:45:00,nan,0.0,0.0,0.0,0.0,2.4

26/03/2020,17:00:00,nan,0.0,0.0,0.0,0.0,2.4

26/03/2020,17:15:00,nan,0.0,0.0,0.0,0.0,2.4

26/03/2020,17:30:00,nan,0.0,0.0,0.0,0.0,2.4

26/03/2020,17:45:00,nan,0.0,0.0,0.0,0.0,2.4

26/03/2020,18:00:00,nan,0.0,0.0,0.0,0.0,2.4

26/03/2020,18:15:00,nan,0.0,0.0,0.0,0.0,2.4

26/03/2020,18:30:00,nan,0.0,0.0,0.0,0.0,2.4

26/03/2020,18:45:00,nan,0.0,0.0,0.0,0.0,2.4

26/03/2020,19:00:00,nan,0.0,0.0,0.0,0.0,2.4

26/03/2020,19:15:00,nan,0.0,0.0,0.0,0.0,2.4

26/03/2020,19:30:00,nan,0.0,0.0,0.0,0.0,2.4

26/03/2020,19:45:00,nan,0.0,0.0,0.0,0.0,2.4

26/03/2020,20:00:00,nan,0.0,0.0,0.0,0.0,2.4

26/03/2020,20:15:00,nan,0.0,0.0,0.0,0.0,2.4

26/03/2020,20:30:00,nan,0.0,0.0,0.0,0.0,2.4

26/03/2020,20:45:00,nan,0.0,0.0,0.0,0.0,2.4

26/03/2020,21:00:00,nan,0.0,0.0,0.0,0.0,2.4

26/03/2020,21:15:00,nan,0.0,0.0,0.0,0.0,2.4

26/03/2020,21:30:00,nan,0.0,0.0,0.0,0.0,2.4

26/03/2020,21:45:00,nan,0.0,0.0,0.0,0.0,2.4

26/03/2020,22:00:00,nan,0.0,0.0,0.0,0.0,2.4

26/03/2020,22:15:00,nan,0.0,0.0,0.0,0.0,2.4

26/03/2020,22:30:00,nan,0.0,0.0,0.0,0.0,2.2

26/03/2020,22:45:00,nan,0.0,0.0,0.0,0.0,2.2

26/03/2020,23:00:00,nan,0.0,0.0,0.0,0.0,2.2

26/03/2020,23:15:00,nan,0.0,0.0,0.0,0.0,2.2

26/03/2020,23:30:00,nan,0.0,0.0,0.0,0.0,2.2

26/03/2020,23:45:00,nan,0.0,0.0,0.0,0.0,2.2

27/03/2020,00:00:00,nan,0.0,0.0,0.0,0.0,2.2

27/03/2020,00:15:00,nan,0.0,0.0,0.0,0.0,2.2

27/03/2020,00:30:00,nan,0.0,0.0,0.0,0.0,2.2

27/03/2020,00:45:00,nan,0.0,0.0,0.0,0.0,2.2

27/03/2020,01:00:00,nan,0.0,0.0,0.0,0.0,2.2

27/03/2020,01:15:00,nan,0.0,0.0,0.0,0.0,2.2

27/03/2020,01:30:00,nan,0.0,0.0,0.0,0.0,2.2

27/03/2020,01:45:00,nan,0.0,0.0,0.0,0.0,2.2

27/03/2020,02:00:00,nan,0.0,0.0,0.0,0.0,2.2

27/03/2020,02:15:00,nan,0.0,0.0,0.0,0.0,2.2

27/03/2020,02:30:00,nan,0.0,0.0,0.0,0.0,2.2

27/03/2020,02:45:00,nan,0.0,0.0,0.0,0.0,2.2

27/03/2020,03:00:00,nan,0.0,0.0,0.0,0.0,2.2

27/03/2020,03:15:00,nan,0.0,0.0,0.0,0.0,2.2

27/03/2020,03:30:00,nan,0.0,0.0,0.0,0.0,2.2

27/03/2020,03:45:00,nan,0.0,0.0,0.0,0.0,2.2

27/03/2020,04:00:00,nan,0.0,0.0,0.0,0.0,2.2

27/03/2020,04:15:00,nan,0.0,0.0,0.0,0.0,2.2

27/03/2020,04:30:00,nan,0.0,0.0,0.0,0.0,2.2

27/03/2020,04:45:00,nan,0.0,0.0,0.0,0.0,2.2

27/03/2020,05:00:00,nan,0.0,0.0,0.0,0.0,2.2

27/03/2020,05:15:00,nan,0.0,0.0,0.0,0.0,2.2

27/03/2020,05:30:00,nan,0.0,0.0,0.0,0.0,2.2

27/03/2020,05:45:00,nan,0.0,0.0,0.0,0.0,2.2

27/03/2020,06:00:00,nan,0.0,0.0,0.0,0.0,2.2

27/03/2020,06:15:00,nan,0.0,0.0,0.0,0.0,2.2

27/03/2020,06:30:00,nan,0.0,0.0,0.0,0.0,2.2

27/03/2020,06:45:00,nan,0.0,0.0,0.0,0.0,2.2

27/03/2020,07:00:00,nan,0.0,0.0,0.0,0.0,2.2

27/03/2020,07:15:00,nan,0.0,0.0,0.0,0.0,2.2

27/03/2020,07:30:00,nan,0.0,0.0,0.0,0.0,2.2

27/03/2020,07:45:00,nan,0.0,0.0,0.0,0.0,2.2

27/03/2020,08:00:00,nan,0.0,0.0,0.0,0.0,2.2

27/03/2020,08:15:00,nan,0.0,0.0,0.0,0.0,2.2

27/03/2020,08:30:00,nan,0.0,0.0,0.0,0.0,2.2

27/03/2020,08:45:00,nan,0.0,0.0,0.0,0.0,2.2

27/03/2020,09:00:00,nan,0.0,0.0,0.0,0.0,2.2

27/03/2020,09:15:00,nan,0.0,0.0,0.0,0.0,2.2

27/03/2020,09:30:00,nan,0.0,0.0,0.0,0.0,2.2

27/03/2020,09:45:00,nan,0.0,0.0,0.0,0.0,2.2

27/03/2020,10:00:00,nan,0.0,0.0,0.0,0.0,2.2

27/03/2020,10:15:00,nan,0.0,0.0,0.0,0.0,2.2

27/03/2020,10:30:00,nan,0.0,0.0,0.0,0.0,2.2

27/03/2020,10:45:00,nan,0.0,0.0,0.0,0.0,2.2

27/03/2020,11:00:00,nan,0.0,0.0,0.0,0.0,2.2

27/03/2020,11:15:00,nan,0.0,0.0,0.0,0.0,2.2

27/03/2020,11:30:00,nan,0.0,0.0,0.0,0.0,2.2

27/03/2020,11:45:00,nan,0.0,0.0,0.0,0.0,2.2

27/03/2020,12:00:00,nan,0.0,0.0,0.0,0.0,2.2

27/03/2020,12:15:00,nan,0.0,0.0,0.0,0.0,2.2

27/03/2020,12:30:00,nan,0.0,0.0,0.0,0.0,2.2

27/03/2020,12:45:00,nan,0.0,0.0,0.0,0.0,2.2

27/03/2020,13:00:00,nan,0.0,0.0,0.0,0.0,2.2

27/03/2020,13:15:00,nan,0.0,0.0,0.0,0.0,2.2

27/03/2020,13:30:00,nan,0.0,0.0,0.0,0.0,2.2

27/03/2020,13:45:00,nan,0.0,0.0,0.0,0.0,2.2

27/03/2020,14:00:00,nan,0.0,0.0,0.0,0.0,2.2

27/03/2020,14:15:00,nan,0.0,0.0,0.0,0.0,2.2

27/03/2020,14:30:00,nan,0.0,0.0,0.0,0.0,2.2

27/03/2020,14:45:00,nan,0.0,0.0,0.0,0.0,2.2

27/03/2020,15:00:00,nan,0.0,0.0,0.0,0.0,2.2

27/03/2020,15:15:00,nan,0.0,0.0,0.0,0.0,2.2

27/03/2020,15:30:00,nan,0.0,0.0,0.0,0.0,2.2

27/03/2020,15:45:00,nan,0.0,0.0,0.0,0.0,2.2

27/03/2020,16:00:00,nan,0.0,0.0,0.0,0.0,2.2

27/03/2020,16:15:00,nan,0.0,0.0,0.0,0.0,2.2

27/03/2020,16:30:00,nan,0.0,0.0,0.0,0.0,2.2

27/03/2020,16:45:00,nan,0.0,0.0,0.0,0.0,2.2

27/03/2020,17:00:00,nan,0.0,0.0,0.0,0.0,2.2

27/03/2020,17:15:00,nan,0.0,0.0,0.0,0.0,2.2

27/03/2020,17:30:00,nan,0.0,0.0,0.0,0.0,2.2

27/03/2020,17:45:00,nan,0.0,0.0,0.0,0.0,2.2

27/03/2020,18:00:00,nan,0.0,0.0,0.0,0.0,2.2

27/03/2020,18:15:00,nan,0.0,0.0,0.0,0.0,2.2

27/03/2020,18:30:00,nan,0.0,0.0,0.0,0.0,2.2

27/03/2020,18:45:00,nan,0.0,0.0,0.0,0.0,2.2

27/03/2020,19:00:00,nan,0.0,0.0,0.0,0.0,2.2

27/03/2020,19:15:00,nan,0.0,0.0,0.0,0.0,2.2

27/03/2020,19:30:00,nan,0.0,0.0,0.0,0.0,2.2

27/03/2020,19:45:00,nan,0.0,0.0,0.0,0.0,2.2

27/03/2020,20:00:00,nan,0.0,0.0,0.0,0.0,2.2

27/03/2020,20:15:00,nan,0.0,0.0,0.0,0.0,2.2

27/03/2020,20:30:00,nan,0.0,0.0,0.0,0.0,2.2

27/03/2020,20:45:00,nan,0.0,0.0,0.0,0.0,2.2

27/03/2020,21:00:00,nan,0.0,0.0,0.0,0.0,2.2

27/03/2020,21:15:00,nan,0.0,0.0,0.0,0.0,2.2

27/03/2020,21:30:00,nan,0.0,0.0,0.0,0.0,2.2

27/03/2020,21:45:00,nan,0.0,0.0,0.0,0.0,2.2

27/03/2020,22:00:00,nan,0.0,0.0,0.0,0.0,2.2

27/03/2020,22:15:00,nan,0.0,0.0,0.0,0.0,2.2

27/03/2020,22:30:00,nan,0.0,0.0,0.0,0.0,2.2

27/03/2020,22:45:00,nan,0.0,0.0,0.0,0.0,0.4

27/03/2020,23:00:00,nan,0.0,0.0,0.0,0.0,0.2

27/03/2020,23:15:00,nan,0.0,0.0,0.0,0.0,0.2

27/03/2020,23:30:00,nan,0.0,0.0,0.0,0.0,0.0

27/03/2020,23:45:00,nan,0.0,0.0,0.0,0.0,0.0

28/03/2020,00:00:00,nan,0.0,0.0,0.0,0.0,0.0

28/03/2020,00:15:00,nan,0.0,0.0,0.0,0.0,0.0

28/03/2020,00:30:00,nan,0.0,0.0,0.0,0.0,0.0

28/03/2020,00:45:00,nan,0.0,0.0,0.0,0.0,0.0

28/03/2020,01:00:00,nan,0.0,0.0,0.0,0.0,0.0

28/03/2020,01:15:00,nan,0.0,0.0,0.0,0.0,0.0

28/03/2020,01:30:00,nan,0.0,0.0,0.0,0.0,0.0

28/03/2020,01:45:00,nan,0.0,0.0,0.0,0.0,0.0

28/03/2020,02:00:00,nan,0.0,0.0,0.0,0.0,0.0

28/03/2020,02:15:00,nan,0.0,0.0,0.0,0.0,0.0

28/03/2020,02:30:00,nan,0.0,0.0,0.0,0.0,0.0

28/03/2020,02:45:00,nan,0.0,0.0,0.0,0.0,0.0

28/03/2020,03:00:00,nan,0.0,0.0,0.0,0.0,0.0

28/03/2020,03:15:00,nan,0.0,0.0,0.0,0.0,0.0

28/03/2020,03:30:00,nan,0.0,0.0,0.0,0.0,0.0

28/03/2020,03:45:00,nan,0.0,0.0,0.0,0.0,0.0

28/03/2020,04:00:00,nan,0.0,0.0,0.0,0.0,0.0

28/03/2020,04:15:00,nan,0.0,0.0,0.0,0.0,0.0

28/03/2020,04:30:00,nan,0.0,0.0,0.0,0.0,0.0

28/03/2020,04:45:00,nan,0.0,0.0,0.0,0.0,0.0

28/03/2020,05:00:00,nan,0.0,0.0,0.0,0.0,0.0

28/03/2020,05:15:00,nan,0.0,0.0,0.0,0.0,0.0

28/03/2020,05:30:00,nan,0.0,0.0,0.0,0.0,0.0

28/03/2020,05:45:00,nan,0.0,0.0,0.0,0.0,0.0

28/03/2020,06:00:00,nan,0.0,0.0,0.0,0.0,0.0

28/03/2020,06:15:00,nan,0.0,0.0,0.0,0.0,0.0

28/03/2020,06:30:00,nan,0.0,0.0,0.0,0.0,0.0

28/03/2020,06:45:00,nan,0.0,0.0,0.0,0.0,0.0

28/03/2020,07:00:00,nan,0.0,0.0,0.0,0.0,0.0

28/03/2020,07:15:00,nan,0.0,0.0,0.0,0.0,0.0

28/03/2020,07:30:00,nan,0.0,0.0,0.0,0.0,0.0

28/03/2020,07:45:00,nan,0.0,0.0,0.0,0.0,0.0

28/03/2020,08:00:00,nan,0.0,0.0,0.0,0.0,0.0

28/03/2020,08:15:00,nan,0.0,0.0,0.0,0.0,0.0

28/03/2020,08:30:00,nan,0.0,0.0,0.0,0.0,0.0

28/03/2020,08:45:00,nan,0.0,0.0,0.0,0.0,0.0

28/03/2020,09:00:00,nan,0.0,0.0,0.0,0.0,0.0

28/03/2020,09:15:00,nan,0.0,0.0,0.0,0.0,0.0

28/03/2020,09:30:00,nan,0.0,0.0,0.0,0.0,0.0

28/03/2020,09:45:00,nan,0.0,0.0,0.0,0.0,0.0

28/03/2020,10:00:00,nan,0.0,0.0,0.0,0.0,0.0

28/03/2020,10:15:00,nan,0.0,0.0,0.0,0.0,0.0

28/03/2020,10:30:00,nan,0.0,0.0,0.0,0.0,0.0

28/03/2020,10:45:00,nan,0.0,0.0,0.0,0.0,0.0

28/03/2020,11:00:00,nan,0.0,0.0,0.0,0.0,0.0

28/03/2020,11:15:00,nan,0.0,0.0,0.0,0.0,0.0

28/03/2020,11:30:00,nan,0.0,0.0,0.0,0.0,0.0

28/03/2020,11:45:00,nan,0.0,0.0,0.0,0.0,0.0

28/03/2020,12:00:00,nan,0.0,0.0,0.0,0.0,0.0

28/03/2020,12:15:00,nan,0.0,0.0,0.0,0.0,0.0

28/03/2020,12:30:00,nan,0.0,0.0,0.0,0.0,0.0

28/03/2020,12:45:00,nan,0.0,0.0,0.0,0.0,0.0

28/03/2020,13:00:00,nan,0.0,0.0,0.0,0.0,0.0

28/03/2020,13:15:00,nan,0.0,0.0,0.0,0.0,0.0

28/03/2020,13:30:00,nan,0.0,0.0,0.0,0.0,0.0

28/03/2020,13:45:00,nan,0.0,0.0,0.0,0.0,0.0

28/03/2020,14:00:00,nan,0.0,0.0,0.0,0.0,0.0

28/03/2020,14:15:00,nan,0.0,0.0,0.0,0.0,0.0

28/03/2020,14:30:00,nan,0.0,0.0,0.0,0.0,0.0

28/03/2020,14:45:00,nan,0.0,0.0,0.0,0.0,0.0

28/03/2020,15:00:00,nan,0.0,0.0,0.0,0.0,0.0

28/03/2020,15:15:00,nan,0.0,0.0,0.0,0.0,0.0

28/03/2020,15:30:00,nan,0.0,0.0,0.0,0.0,0.0

28/03/2020,15:45:00,nan,0.0,0.0,0.0,0.0,0.0

28/03/2020,16:00:00,nan,0.0,0.0,0.0,0.0,0.0

28/03/2020,16:15:00,nan,0.0,0.0,0.0,0.0,0.0

28/03/2020,16:30:00,nan,0.0,0.0,0.0,0.0,0.0

28/03/2020,16:45:00,nan,0.0,0.0,0.0,0.0,0.0

28/03/2020,17:00:00,nan,0.0,0.0,0.0,0.0,0.0

28/03/2020,17:15:00,nan,0.0,0.0,0.0,0.0,0.0

28/03/2020,17:30:00,nan,0.0,0.0,0.0,0.0,0.0

28/03/2020,17:45:00,nan,0.0,0.0,0.0,0.0,0.0

28/03/2020,18:00:00,nan,0.0,0.0,0.0,0.0,0.0

28/03/2020,18:15:00,nan,0.0,0.0,0.0,0.0,0.0

28/03/2020,18:30:00,nan,0.0,0.0,0.0,0.0,0.0

28/03/2020,18:45:00,nan,0.0,0.0,0.0,0.0,0.0

28/03/2020,19:00:00,nan,0.0,0.0,0.0,0.0,0.0

28/03/2020,19:15:00,nan,0.0,0.0,0.0,0.0,0.0

28/03/2020,19:30:00,nan,0.0,0.0,0.0,0.0,0.0

28/03/2020,19:45:00,nan,0.0,0.0,0.0,0.0,0.0

28/03/2020,20:00:00,nan,0.0,0.0,0.0,0.0,0.0

28/03/2020,20:15:00,nan,0.0,0.0,0.0,0.0,0.0

28/03/2020,20:30:00,nan,0.0,0.0,0.0,0.0,0.0

28/03/2020,20:45:00,nan,0.0,0.0,0.0,0.0,0.0

28/03/2020,21:00:00,nan,0.0,0.0,0.0,0.0,0.0

28/03/2020,21:15:00,nan,0.0,0.0,0.0,0.0,0.0

28/03/2020,21:30:00,nan,0.0,0.0,0.0,0.0,0.0

28/03/2020,21:45:00,nan,0.0,0.0,0.0,0.0,0.0

28/03/2020,22:00:00,nan,0.0,0.0,0.0,0.0,0.0

28/03/2020,22:15:00,nan,0.0,0.0,0.0,0.0,0.0

28/03/2020,22:30:00,nan,0.0,0.0,0.0,0.0,0.0

28/03/2020,22:45:00,nan,0.0,0.0,0.0,0.0,0.0

28/03/2020,23:00:00,nan,0.0,0.0,0.0,0.0,0.0

28/03/2020,23:15:00,nan,0.0,0.0,0.0,0.0,0.0

28/03/2020,23:30:00,nan,0.0,0.0,0.0,0.0,0.0

28/03/2020,23:45:00,nan,0.0,0.0,0.0,0.0,0.0

29/03/2020,00:00:00,nan,0.0,0.0,0.0,0.0,0.0

29/03/2020,00:15:00,nan,0.0,0.0,0.0,0.0,0.0

29/03/2020,00:30:00,nan,0.0,0.0,0.0,0.0,0.0

29/03/2020,00:45:00,nan,0.0,0.0,0.0,0.0,0.0

29/03/2020,01:00:00,nan,0.0,0.0,0.0,0.0,0.0

29/03/2020,01:15:00,nan,0.0,0.0,0.0,0.0,0.0

29/03/2020,01:30:00,nan,0.0,0.0,0.0,0.0,0.0

29/03/2020,01:45:00,nan,0.0,0.0,0.0,0.0,0.0

29/03/2020,02:00:00,nan,0.0,0.0,0.0,0.0,0.0

29/03/2020,02:15:00,nan,0.0,0.0,0.0,0.0,0.0

29/03/2020,02:30:00,nan,0.0,0.0,0.0,0.0,0.0

29/03/2020,02:45:00,nan,0.0,0.0,0.0,0.0,0.0

29/03/2020,03:00:00,nan,0.0,0.0,0.0,0.0,0.0

29/03/2020,03:15:00,nan,0.0,0.0,0.0,0.0,0.0

29/03/2020,03:30:00,nan,0.0,0.0,0.0,0.0,0.0

29/03/2020,03:45:00,nan,0.0,0.0,0.0,0.0,0.0

29/03/2020,04:00:00,nan,0.0,0.0,0.0,0.0,0.0

29/03/2020,04:15:00,nan,0.0,0.0,0.0,0.0,0.0

29/03/2020,04:30:00,nan,0.0,0.0,0.0,0.0,0.0

29/03/2020,04:45:00,nan,0.0,0.0,0.0,0.0,0.0

29/03/2020,05:00:00,nan,0.0,0.0,0.0,0.0,0.0

29/03/2020,05:15:00,nan,0.0,0.0,0.0,0.0,0.0

29/03/2020,05:30:00,nan,0.0,0.0,0.0,0.0,0.0

29/03/2020,05:45:00,nan,0.0,0.0,0.0,0.0,0.0

29/03/2020,06:00:00,nan,0.0,0.0,0.0,0.0,0.0

29/03/2020,06:15:00,nan,0.0,0.0,0.0,0.0,0.0

29/03/2020,06:30:00,nan,0.0,0.0,0.0,0.0,0.0

29/03/2020,06:45:00,nan,0.0,0.0,0.0,0.0,0.0

29/03/2020,07:00:00,nan,0.0,0.0,0.0,0.0,0.0

29/03/2020,07:15:00,nan,0.0,0.0,0.0,0.0,0.0

29/03/2020,07:30:00,nan,0.0,0.0,0.0,0.0,0.0

29/03/2020,07:45:00,nan,0.0,0.0,0.0,0.0,0.0

29/03/2020,08:00:00,nan,0.0,0.0,0.0,0.0,0.0

29/03/2020,08:15:00,nan,0.0,0.0,0.0,0.0,0.0

29/03/2020,08:30:00,nan,0.0,0.0,0.0,0.0,0.0

29/03/2020,08:45:00,nan,0.0,0.0,0.0,0.0,0.0

29/03/2020,09:00:00,nan,0.0,0.0,0.0,0.0,0.0

29/03/2020,09:15:00,nan,0.0,0.0,0.0,0.0,0.0

29/03/2020,09:30:00,nan,0.0,0.0,0.0,0.0,0.0

29/03/2020,09:45:00,nan,0.0,0.0,0.0,0.0,0.0

29/03/2020,10:00:00,nan,0.0,0.0,0.0,0.0,0.0

29/03/2020,10:15:00,nan,0.0,0.0,0.0,0.0,0.0

29/03/2020,10:30:00,nan,0.0,0.0,0.0,0.0,0.0

29/03/2020,10:45:00,nan,0.0,0.0,0.0,0.0,0.0

29/03/2020,11:00:00,nan,0.0,0.0,0.0,0.0,0.0

29/03/2020,11:15:00,nan,0.0,0.0,0.0,0.0,0.0

29/03/2020,11:30:00,nan,0.0,0.0,0.0,0.0,0.0

29/03/2020,11:45:00,nan,nan,nan,nan,nan,nan

29/03/2020,12:00:00,nan,nan,0.0,0.0,0.0,0.0

29/03/2020,12:15:00,nan,0.0,0.0,0.0,0.0,0.0

29/03/2020,12:30:00,nan,0.0,0.0,0.0,0.0,0.0

29/03/2020,12:45:00,nan,0.0,nan,0.0,0.0,0.0

29/03/2020,13:00:00,nan,0.0,0.0,0.0,0.0,0.0

29/03/2020,13:15:00,nan,0.0,0.0,0.0,0.0,0.0

29/03/2020,13:30:00,nan,0.0,0.0,0.0,0.0,0.0

29/03/2020,13:45:00,nan,0.0,0.0,0.0,0.0,0.0

29/03/2020,14:00:00,nan,0.0,0.0,0.0,0.0,0.0

29/03/2020,14:15:00,nan,0.0,0.0,0.0,0.0,0.0

29/03/2020,14:30:00,nan,0.0,0.0,0.0,0.0,0.0

29/03/2020,14:45:00,nan,0.0,0.0,0.0,0.0,0.0

29/03/2020,15:00:00,nan,0.0,0.0,0.0,0.0,0.0

29/03/2020,15:15:00,nan,0.0,0.0,0.0,0.0,0.0

29/03/2020,15:30:00,nan,0.0,0.0,0.0,0.0,0.0

29/03/2020,15:45:00,nan,0.0,0.0,nan,0.0,0.0

29/03/2020,16:00:00,nan,0.0,0.0,0.0,0.0,0.0

29/03/2020,16:15:00,nan,0.0,0.0,0.0,0.0,0.0

29/03/2020,16:30:00,nan,0.0,0.0,0.0,0.0,0.0

29/03/2020,16:45:00,nan,0.0,0.0,0.0,0.0,0.0

29/03/2020,17:00:00,nan,0.0,0.0,0.0,0.0,0.0

29/03/2020,17:15:00,nan,0.0,0.0,0.0,0.0,0.0

29/03/2020,17:30:00,nan,0.0,0.0,0.0,0.0,0.0

29/03/2020,17:45:00,nan,0.0,0.0,0.0,0.0,0.0

29/03/2020,18:00:00,nan,0.0,0.0,0.0,0.0,0.0

29/03/2020,18:15:00,nan,0.0,0.0,0.0,0.0,0.0

29/03/2020,18:30:00,nan,0.0,0.0,0.0,0.0,0.0

29/03/2020,18:45:00,nan,0.0,0.0,0.0,0.0,0.0

29/03/2020,19:00:00,nan,0.0,0.0,0.0,0.0,0.0

29/03/2020,19:15:00,nan,0.0,0.0,0.0,0.0,0.0

29/03/2020,19:30:00,nan,0.0,0.0,0.0,0.0,0.0

29/03/2020,19:45:00,nan,0.0,0.0,0.0,0.0,0.0

29/03/2020,20:00:00,nan,0.2,0.2,0.2,0.2,0.2

29/03/2020,20:15:00,nan,0.2,0.4,0.4,0.4,0.4

29/03/2020,20:30:00,nan,0.0,0.4,0.4,0.4,0.4

29/03/2020,20:45:00,nan,0.2,0.6,0.6,0.6,0.6

29/03/2020,21:00:00,nan,0.4,0.8,1.0,1.0,1.0

29/03/2020,21:15:00,nan,0.2,0.8,1.2,1.2,1.2

29/03/2020,21:30:00,nan,0.0,0.8,1.2,1.2,1.2

29/03/2020,21:45:00,nan,0.0,0.6,1.2,1.2,1.2

29/03/2020,22:00:00,nan,0.0,0.2,1.2,1.2,1.2

29/03/2020,22:15:00,nan,0.0,0.0,1.2,1.2,1.2

29/03/2020,22:30:00,nan,0.2,0.2,1.4,1.4,1.4

29/03/2020,22:45:00,nan,0.0,0.2,1.4,1.4,1.4

29/03/2020,23:00:00,nan,0.0,0.2,1.4,1.4,1.4

29/03/2020,23:15:00,nan,0.0,0.2,1.4,1.4,1.4

29/03/2020,23:30:00,nan,0.0,0.0,1.4,1.4,1.4

29/03/2020,23:45:00,nan,0.2,0.2,1.6,1.6,1.6

30/03/2020,00:00:00,nan,0.0,0.2,1.4,1.6,1.6

30/03/2020,00:15:00,nan,0.0,0.2,1.2,1.6,1.6

30/03/2020,00:30:00,nan,0.0,0.2,1.2,1.6,1.6

30/03/2020,00:45:00,nan,0.2,0.2,1.2,1.8,1.8

30/03/2020,01:00:00,nan,0.8,1.0,1.6,2.6,2.6

30/03/2020,01:15:00,nan,0.2,1.2,1.6,2.8,2.8

30/03/2020,01:30:00,nan,0.0,1.2,1.6,2.8,2.8

30/03/2020,01:45:00,nan,0.0,1.0,1.6,2.8,2.8

30/03/2020,02:00:00,nan,0.0,0.2,1.6,2.8,2.8

30/03/2020,02:15:00,nan,0.2,0.2,1.8,3.0,3.0

30/03/2020,02:30:00,nan,0.4,0.6,2.0,3.4,3.4

30/03/2020,02:45:00,nan,0.0,0.6,2.0,3.4,3.4

30/03/2020,03:00:00,nan,0.0,0.6,2.0,3.4,3.4

30/03/2020,03:15:00,nan,0.0,0.4,2.0,3.4,3.4

30/03/2020,03:30:00,nan,0.2,0.2,2.2,3.6,3.6

30/03/2020,03:45:00,nan,0.0,0.2,2.0,3.6,3.6

30/03/2020,04:00:00,nan,0.0,0.2,2.0,3.6,3.6

30/03/2020,04:15:00,nan,0.0,0.2,2.0,3.6,3.6

30/03/2020,04:30:00,nan,0.0,0.0,2.0,3.6,3.6

30/03/2020,04:45:00,nan,0.0,0.0,1.8,3.6,3.6

30/03/2020,05:00:00,nan,0.0,0.0,1.0,3.6,3.6

30/03/2020,05:15:00,nan,0.0,0.0,0.8,3.6,3.6

30/03/2020,05:30:00,nan,0.0,0.0,0.8,3.6,3.6

30/03/2020,05:45:00,nan,0.0,0.0,0.8,3.6,3.6

30/03/2020,06:00:00,nan,0.0,0.0,0.8,3.6,3.6

30/03/2020,06:15:00,nan,0.0,0.0,0.6,3.6,3.6

30/03/2020,06:30:00,nan,0.0,0.0,0.2,3.6,3.6

30/03/2020,06:45:00,nan,0.0,0.0,0.2,3.6,3.6

30/03/2020,07:00:00,nan,0.0,0.0,0.2,3.6,3.6

30/03/2020,07:15:00,nan,0.0,0.0,0.2,3.6,3.6

30/03/2020,07:30:00,nan,0.0,0.0,0.0,3.6,3.6

30/03/2020,07:45:00,nan,0.0,0.0,0.0,3.6,3.6

30/03/2020,08:00:00,nan,0.0,0.0,0.0,3.6,3.6

30/03/2020,08:15:00,nan,0.0,0.0,0.0,3.6,3.6

30/03/2020,08:30:00,nan,0.0,0.0,0.0,3.6,3.6

30/03/2020,08:45:00,nan,0.0,0.0,0.0,3.6,3.6

30/03/2020,09:00:00,nan,0.0,0.0,0.0,3.6,3.6

30/03/2020,09:15:00,nan,0.0,0.0,0.0,3.6,3.6

30/03/2020,09:30:00,nan,0.0,0.0,0.0,3.6,3.6

30/03/2020,09:45:00,nan,0.0,0.0,0.0,3.6,3.6

30/03/2020,10:00:00,nan,0.0,0.0,0.0,3.6,3.6

30/03/2020,10:15:00,nan,0.0,0.0,0.0,3.6,3.6

30/03/2020,10:30:00,nan,0.0,0.0,0.0,3.6,3.6

30/03/2020,10:45:00,nan,0.0,0.0,0.0,3.6,3.6

30/03/2020,11:00:00,nan,0.0,0.0,0.0,3.6,3.6

30/03/2020,11:15:00,nan,0.0,0.0,0.0,3.6,3.6

30/03/2020,11:30:00,nan,0.0,0.0,0.0,3.6,3.6

30/03/2020,11:45:00,nan,0.0,0.0,0.0,nan,3.6

30/03/2020,12:00:00,nan,0.0,0.0,0.0,3.6,3.6

30/03/2020,12:15:00,nan,0.0,0.0,0.0,3.6,3.6

30/03/2020,12:30:00,nan,0.0,0.0,0.0,3.6,3.6

30/03/2020,12:45:00,nan,0.0,0.0,0.0,3.6,3.6

30/03/2020,13:00:00,nan,0.0,0.0,0.0,3.6,3.6

30/03/2020,13:15:00,nan,0.0,0.0,0.0,3.6,3.6

30/03/2020,13:30:00,nan,0.0,0.0,0.0,3.6,3.6

30/03/2020,13:45:00,nan,0.0,0.0,0.0,3.6,3.6

30/03/2020,14:00:00,nan,0.0,0.0,0.0,3.6,3.6

30/03/2020,14:15:00,nan,0.0,0.0,0.0,3.6,3.6

30/03/2020,14:30:00,nan,0.0,0.0,0.0,3.6,3.6

30/03/2020,14:45:00,nan,0.0,0.0,0.0,3.6,3.6

30/03/2020,15:00:00,nan,0.0,0.0,0.0,3.6,3.6

30/03/2020,15:15:00,nan,0.0,0.0,0.0,3.6,3.6

30/03/2020,15:30:00,nan,0.0,0.0,0.0,3.6,3.6

30/03/2020,15:45:00,nan,0.0,0.0,0.0,3.6,3.6

30/03/2020,16:00:00,nan,0.0,0.0,0.0,3.6,3.6

30/03/2020,16:15:00,nan,0.0,0.0,0.0,3.6,3.6

30/03/2020,16:30:00,nan,0.0,0.0,0.0,3.6,3.6

30/03/2020,16:45:00,nan,0.0,0.0,0.0,3.6,3.6

30/03/2020,17:00:00,nan,0.0,0.0,0.0,3.6,3.6

30/03/2020,17:15:00,nan,0.0,0.0,0.0,3.6,3.6

30/03/2020,17:30:00,nan,0.0,0.0,0.0,3.6,3.6

30/03/2020,17:45:00,nan,0.0,0.0,0.0,3.6,3.6

30/03/2020,18:00:00,nan,0.0,0.0,0.0,3.6,3.6

30/03/2020,18:15:00,nan,0.0,0.0,0.0,3.6,3.6

30/03/2020,18:30:00,nan,0.0,0.0,0.0,3.6,3.6

30/03/2020,18:45:00,nan,0.0,0.0,0.0,3.6,3.6

30/03/2020,19:00:00,nan,0.0,0.0,0.0,3.6,3.6

30/03/2020,19:15:00,nan,0.0,0.0,0.0,3.6,3.6

30/03/2020,19:30:00,nan,0.0,0.0,0.0,3.6,3.6

30/03/2020,19:45:00,nan,0.0,0.0,0.0,3.6,3.6

30/03/2020,20:00:00,nan,0.0,0.0,0.0,3.4,3.6

30/03/2020,20:15:00,nan,0.0,0.0,0.0,3.2,3.6

30/03/2020,20:30:00,nan,0.0,0.0,0.0,3.2,3.6

30/03/2020,20:45:00,nan,0.0,0.0,0.0,3.0,3.6

30/03/2020,21:00:00,nan,0.0,0.0,0.0,2.6,3.6

30/03/2020,21:15:00,nan,0.0,0.0,0.0,2.4,3.6

30/03/2020,21:30:00,nan,0.0,0.0,0.0,2.4,3.6

30/03/2020,21:45:00,nan,0.0,0.0,0.0,2.4,3.6

30/03/2020,22:00:00,nan,0.0,0.0,0.0,2.4,3.6

30/03/2020,22:15:00,nan,0.0,0.0,0.0,2.4,3.6

30/03/2020,22:30:00,nan,0.0,0.0,0.0,2.2,3.6

30/03/2020,22:45:00,nan,0.0,0.0,0.0,2.2,3.6

30/03/2020,23:00:00,nan,0.0,0.0,0.0,2.2,3.6

30/03/2020,23:15:00,nan,0.0,0.0,0.0,2.2,3.6

30/03/2020,23:30:00,nan,0.0,0.0,0.0,2.2,3.6

30/03/2020,23:45:00,nan,0.0,0.0,0.0,2.0,3.6

31/03/2020,00:00:00,nan,0.0,0.0,0.0,2.0,3.6

31/03/2020,00:15:00,nan,0.0,0.0,0.0,2.0,3.6

31/03/2020,00:30:00,nan,0.0,0.0,0.0,2.0,3.6

31/03/2020,00:45:00,nan,0.0,0.0,0.0,1.8,3.6

31/03/2020,01:00:00,nan,0.0,0.0,0.0,1.0,3.6

31/03/2020,01:15:00,nan,0.0,0.0,0.0,0.8,3.6

31/03/2020,01:30:00,nan,0.0,0.0,0.0,0.8,3.6

31/03/2020,01:45:00,nan,0.0,0.0,0.0,0.8,3.6

31/03/2020,02:00:00,nan,0.0,0.0,0.0,0.8,3.6

31/03/2020,02:15:00,nan,0.0,0.0,0.0,0.6,3.6

31/03/2020,02:30:00,nan,0.0,0.0,0.0,0.2,3.6

31/03/2020,02:45:00,nan,0.0,0.0,0.0,0.2,3.6

31/03/2020,03:00:00,nan,0.0,0.0,0.0,0.2,3.6

31/03/2020,03:15:00,nan,0.0,0.0,0.0,0.2,3.6

31/03/2020,03:30:00,nan,0.0,0.0,0.0,0.0,3.6

31/03/2020,03:45:00,nan,0.0,0.0,0.0,0.0,3.6

31/03/2020,04:00:00,nan,0.0,0.0,0.0,0.0,3.6

31/03/2020,04:15:00,nan,0.0,0.0,0.0,0.0,3.6

31/03/2020,04:30:00,nan,0.0,0.0,0.0,0.0,3.6

31/03/2020,04:45:00,nan,0.0,0.0,0.0,0.0,3.6

31/03/2020,05:00:00,nan,0.0,0.0,0.0,0.0,3.6

31/03/2020,05:15:00,nan,0.0,0.0,0.0,0.0,3.6

31/03/2020,05:30:00,nan,0.0,0.0,0.0,0.0,3.6

31/03/2020,05:45:00,nan,0.0,0.0,0.0,0.0,3.6

31/03/2020,06:00:00,nan,0.0,0.0,0.0,0.0,3.6

31/03/2020,06:15:00,nan,0.0,0.0,0.0,0.0,3.6

31/03/2020,06:30:00,nan,0.0,0.0,0.0,0.0,3.6

31/03/2020,06:45:00,nan,0.0,0.0,0.0,0.0,3.6

31/03/2020,07:00:00,nan,0.0,0.0,0.0,0.0,3.6

31/03/2020,07:15:00,nan,0.0,0.0,0.0,0.0,3.6

31/03/2020,07:30:00,nan,0.0,0.0,0.0,0.0,3.6

31/03/2020,07:45:00,nan,0.0,0.0,0.0,0.0,3.6

31/03/2020,08:00:00,nan,0.0,0.0,0.0,0.0,3.6

31/03/2020,08:15:00,nan,0.0,0.0,0.0,0.0,3.6

31/03/2020,08:30:00,nan,0.0,0.0,0.0,0.0,3.6

31/03/2020,08:45:00,nan,0.0,0.0,0.0,0.0,3.6

31/03/2020,09:00:00,nan,0.0,0.0,0.0,0.0,3.6

31/03/2020,09:15:00,nan,0.0,0.0,0.0,0.0,3.6

31/03/2020,09:30:00,nan,0.0,0.0,0.0,0.0,3.6

31/03/2020,09:45:00,nan,0.0,0.0,0.0,0.0,3.6

31/03/2020,10:00:00,nan,0.0,0.0,0.0,0.0,3.6

31/03/2020,10:15:00,nan,0.0,0.0,0.0,0.0,3.6

31/03/2020,10:30:00,nan,0.0,0.0,0.0,0.0,3.6

31/03/2020,10:45:00,nan,0.0,0.0,0.0,0.0,3.6

31/03/2020,11:00:00,nan,0.0,0.0,0.0,0.0,3.6

31/03/2020,11:15:00,nan,0.0,0.0,0.0,0.0,3.6

31/03/2020,11:30:00,nan,0.0,0.0,0.0,0.0,3.6

31/03/2020,11:45:00,nan,0.0,0.0,0.0,0.0,3.6

31/03/2020,12:00:00,nan,0.0,0.0,0.0,0.0,3.6

31/03/2020,12:15:00,nan,0.0,0.0,0.0,0.0,3.6

31/03/2020,12:30:00,nan,0.0,0.0,0.0,0.0,3.6

31/03/2020,12:45:00,nan,0.0,0.0,0.0,0.0,3.6

31/03/2020,13:00:00,nan,0.0,0.0,0.0,0.0,3.6

31/03/2020,13:15:00,nan,0.0,0.0,0.0,0.0,3.6

31/03/2020,13:30:00,nan,0.0,0.0,0.0,0.0,3.6

31/03/2020,13:45:00,nan,0.0,0.0,0.0,0.0,3.6

31/03/2020,14:00:00,nan,0.0,0.0,0.0,0.0,3.6

31/03/2020,14:15:00,nan,0.0,0.0,0.0,0.0,3.6

31/03/2020,14:30:00,nan,0.0,0.0,0.0,0.0,3.6

31/03/2020,14:45:00,nan,0.0,0.0,0.0,0.0,3.6

31/03/2020,15:00:00,nan,0.0,0.0,0.0,0.0,3.6

31/03/2020,15:15:00,nan,0.0,0.0,0.0,0.0,3.6

31/03/2020,15:30:00,nan,0.0,0.0,0.0,0.0,3.6

31/03/2020,15:45:00,nan,0.0,0.0,0.0,0.0,3.6

31/03/2020,16:00:00,nan,0.0,0.0,0.0,0.0,3.6

31/03/2020,16:15:00,nan,0.0,0.0,0.0,0.0,3.6

31/03/2020,16:30:00,nan,0.0,0.0,0.0,0.0,3.6

31/03/2020,16:45:00,nan,0.0,0.0,0.0,0.0,3.6

31/03/2020,17:00:00,nan,0.0,0.0,0.0,0.0,3.6

31/03/2020,17:15:00,nan,0.0,0.0,0.0,0.0,3.6

31/03/2020,17:30:00,nan,0.0,0.0,0.0,0.0,3.6

31/03/2020,17:45:00,nan,0.0,0.0,0.0,0.0,3.6

31/03/2020,18:00:00,nan,0.0,0.0,0.0,0.0,3.6

31/03/2020,18:15:00,nan,0.0,0.0,0.0,0.0,3.6

31/03/2020,18:30:00,nan,0.0,0.0,0.0,0.0,3.6

31/03/2020,18:45:00,nan,0.0,0.0,0.0,0.0,3.6

31/03/2020,19:00:00,nan,0.0,0.0,0.0,0.0,3.6

31/03/2020,19:15:00,nan,0.0,0.0,0.0,0.0,3.6

31/03/2020,19:30:00,nan,0.0,0.0,0.0,0.0,3.6

31/03/2020,19:45:00,nan,0.0,0.0,0.0,0.0,3.6

31/03/2020,20:00:00,nan,0.0,0.0,0.0,0.0,3.6

31/03/2020,20:15:00,nan,0.0,0.0,0.0,0.0,3.6

31/03/2020,20:30:00,nan,0.0,0.0,0.0,0.0,3.6

31/03/2020,20:45:00,nan,0.0,0.0,0.0,0.0,3.6

31/03/2020,21:00:00,nan,0.0,0.0,0.0,0.0,3.6

31/03/2020,21:15:00,nan,0.0,0.0,0.0,0.0,3.6

31/03/2020,21:30:00,nan,0.0,0.0,0.0,0.0,3.6

31/03/2020,21:45:00,nan,0.0,0.0,0.0,0.0,3.6

31/03/2020,22:00:00,nan,0.0,0.0,0.0,0.0,3.6

31/03/2020,22:15:00,nan,0.0,0.0,0.0,0.0,3.6

31/03/2020,22:30:00,nan,0.0,0.0,0.0,0.0,3.6

31/03/2020,22:45:00,nan,0.0,0.0,0.0,0.0,3.6

31/03/2020,23:00:00,nan,0.0,0.0,0.0,0.0,3.6

31/03/2020,23:15:00,nan,0.0,0.0,0.0,0.0,3.6

31/03/2020,23:30:00,nan,0.0,0.0,0.0,0.0,3.6

31/03/2020,23:45:00,nan,0.0,0.0,0.0,0.0,3.6

